{"v_num": 14, "mat": [[0, 0.225875, 0.800632, 0.620679, 0.170947, 0.188335, 0.923442, 0.391954, 0.051297, 0.722989, 0.598897, 0.452367, 0.760132, 0.287422], [0.764991, 0, 0.831928, 0.907157, 0.878823, 0.411693, 0.797764, 0.077427, 0.987221, 0.297402, 0.072266, 0.287892, 0.561195, 0.702887], [0.318495, 0.794552, 0, 0.327821, 0.152021, 0.800404, 0.723511, 0.176648, 0.47967, 0.80925, 0.644289, 0.659024, 0.389846, 0.977283], [0.154578, 0.726735, 0.131286, 0, 0.466665, 0.750282, 0.828318, 0.852115, 0.493908, 0.583826, 0.040343, 0.633457, 0.065988, 0.964805], [0.237299, 0.267145, 0.691964, 0.820956, 0, 0.796741, 0.220247, 0.140892, 0.580231, 0.679557, 0.661127, 0.266298, 0.11936, 0.48911], [0.242368, 0.103372, 0.188141, 0.931451, 0.887506, 0, 0.296169, 0.301857, 0.927345, 0.737322, 0.386479, 0.199049, 0.041381, 0.107739], [0.772913, 0.297453, 0.236141, 0.948815, 0.338038, 0.396045, 0, 0.287649, 0.080253, 0.156686, 0.938835, 0.797508, 0.414961, 0.15326], [0.492911, 0.602748, 0.204508, 0.944257, 0.986493, 0.849037, 0.047563, 0, 0.411315, 0.1672, 0.856663, 0.737793, 0.995155, 0.422646], [0.755216, 0.028524, 0.947614, 0.00733, 0.506142, 0.610229, 0.016983, 0.684408, 0, 0.533304, 0.400012, 0.337153, 0.535492, 0.972028], [0.257628, 0.082463, 0.823645, 0.529986, 0.932806, 0.800042, 0.014537, 0.283425, 0.450845, 0, 0.026844, 0.494292, 0.867321, 0.333974], [0.384852, 0.317859, 0.565669, 0.422312, 0.806116, 0.852033, 0.911583, 0.055154, 0.875266, 0.61422, 0, 0.816803, 0.828648, 0.515724], [0.841343, 0.07344, 0.365206, 0.851851, 0.344644, 0.740755, 0.749841, 0.130254, 0.892817, 0.947565, 0.920386, 0, 0.906826, 0.028928], [0.568643, 0.335789, 0.728573, 0.072045, 0.195882, 0.689985, 0.747427, 0.913971, 0.609547, 0.401392, 0.350195, 0.505508, 0, 0.984683], [0.51386, 0.650618, 0.085711, 0.072739, 0.528851, 0.68972, 0.726238, 0.585435, 0.968681, 0.433391, 0.568775, 0.019475, 0.772431, 0]]}