{"v_num": 14, "mat": [[0, 0.449237, 0.468471, 0.501431, 0.728752, 0.686385, 0.8596, 0.338286, 0.782175, 0.034385, 0.448429, 0.630485, 0.386847, 0.631403], [0.7909, 0, 0.109858, 0.658474, 0.938424, 0.873517, 0.474076, 0.118165, 0.777874, 0.784965, 0.853995, 0.197846, 0.072376, 0.412137], [0.24563, 0.964393, 0, 0.091245, 0.149029, 0.110335, 0.603507, 0.864596, 0.933024, 0.067154, 0.778039, 0.762023, 0.391858, 0.266329], [0.107047, 0.661349, 0.687693, 0, 0.671668, 0.815236, 0.365853, 0.140465, 0.925821, 0.43951, 0.959809, 0.870362, 0.452593, 0.045163], [0.926414, 0.961053, 0.468491, 0.426693, 0, 0.651466, 0.875984, 0.366838, 0.958271, 0.79725, 0.833192, 0.473457, 0.426213, 0.172002], [0.217533, 0.232242, 0.153891, 0.855509, 0.211035, 0, 0.273059, 0.70679, 0.591166, 0.712012, 0.763957, 0.84531, 0.37215, 0.841911], [0.344477, 0.600627, 0.365562, 0.15498, 0.520885, 0.536085, 0, 0.165991, 0.673681, 0.412546, 0.191574, 0.92587, 0.970446, 0.4658], [0.22499, 0.027599, 0.678886, 0.762098, 0.434766, 0.365992, 0.348897, 0, 0.729802, 0.195872, 0.679921, 0.005223, 0.181369, 0.475872], [0.613708, 0.001452, 0.793863, 0.233894, 0.29508, 0.859474, 0.664845, 0.492294, 0, 0.862312, 0.103094, 0.23128, 0.901087, 0.887697], [0.136186, 0.760649, 0.627918, 0.427339, 0.439942, 0.275289, 0.770359, 0.434559, 0.599349, 0, 0.40676, 0.018184, 0.039449, 0.746634], [0.634915, 0.577362, 0.911817, 0.86421, 0.727823, 0.905341, 0.377815, 0.65337, 0.711287, 0.015787, 0, 0.516084, 0.564124, 0.494024], [0.564121, 0.134914, 0.347296, 0.699387, 0.945046, 0.283898, 0.013217, 0.826152, 0.433194, 0.418127, 0.196349, 0, 0.404338, 0.67182], [0.567241, 0.396458, 0.642605, 0.472724, 0.999757, 0.22377, 0.718043, 0.310925, 0.855848, 0.875616, 0.448063, 0.264277, 0, 0.902145], [0.764653, 0.743018, 0.676419, 0.734073, 0.331133, 0.052447, 0.107755, 0.076572, 0.090971, 0.652658, 0.218873, 0.040854, 0.873857, 0]]}