{"v_num": 14, "mat": [[0, 0.273896, 0.021142, 0.12416, 0.282073, 0.64382, 0.65111, 0.450027, 0.307692, 0.769617, 0.692498, 0.428531, 0.167812, 0.938697], [0.378905, 0, 0.727032, 0.363346, 0.420995, 0.591944, 0.588088, 0.800272, 0.274831, 0.202993, 0.709104, 0.162051, 0.62684, 0.033282], [0.904729, 0.966117, 0, 0.929074, 0.463427, 0.993289, 0.667432, 0.991768, 0.134258, 0.317565, 0.211977, 0.753949, 0.033587, 0.32484], [0.476238, 0.032196, 0.338338, 0, 0.021054, 0.463189, 0.056822, 0.425751, 0.5978, 0.539807, 0.689828, 0.053367, 0.647045, 0.574402], [0.297576, 0.339059, 0.860272, 0.230038, 0, 0.14555, 0.766561, 0.366907, 0.116117, 0.001722, 0.42971, 0.390826, 0.40707, 0.980995], [0.769171, 0.167075, 0.226353, 0.46918, 0.836427, 0, 0.514357, 0.879463, 0.042762, 0.25857, 0.902993, 0.306851, 0.371771, 0.476008], [0.807205, 0.779494, 0.621276, 0.696622, 0.287189, 0.803883, 0, 0.7309, 0.169759, 0.956081, 0.57415, 0.379264, 0.176582, 0.824706], [0.813046, 0.38772, 0.07269, 0.188024, 0.166383, 0.546457, 0.393281, 0, 0.391743, 0.64284, 0.009066, 0.230084, 0.316816, 0.840372], [0.98361, 0.72274, 0.179156, 0.522831, 0.844758, 0.962289, 0.350639, 0.356161, 0, 0.337415, 0.028464, 0.851551, 0.622255, 0.091847], [0.524558, 0.889676, 0.620465, 0.259714, 0.76519, 0.315925, 0.018585, 0.608764, 0.762857, 0, 0.425286, 0.988729, 0.995873, 0.229547], [0.80629, 0.385016, 0.748431, 0.685998, 0.042942, 0.121149, 0.941242, 0.188347, 0.755499, 0.068711, 0, 0.64531, 0.553853, 0.17902], [0.513559, 0.16644, 0.327308, 0.830832, 0.237499, 0.254234, 0.574782, 0.448974, 0.402269, 0.394984, 0.158687, 0, 0.739286, 0.50551], [0.80675, 0.873616, 0.918607, 0.79541, 0.635185, 0.830369, 0.395497, 0.202952, 0.909895, 0.667165, 0.250566, 0.139118, 0, 0.304951], [0.011374, 0.355488, 0.788649, 0.936166, 0.070132, 0.335948, 0.936319, 0.008106, 0.723729, 0.138378, 0.818071, 0.793458, 0.54193, 0]]}