{"v_num": 14, "mat": [[0, 0.672652, 0.525855, 0.512588, 0.842917, 0.475066, 0.132129, 0.055107, 0.149245, 0.267598, 0.775827, 0.090127, 0.994671, 0.006188], [0.873544, 0, 0.594763, 0.273387, 0.948244, 0.101332, 0.008916, 0.416867, 0.831698, 0.32367, 0.262665, 0.14942, 0.464458, 0.097367], [0.847826, 0.185412, 0, 0.455238, 0.936626, 0.991379, 0.007481, 0.417999, 0.996804, 0.836421, 0.696009, 0.50615, 0.108195, 0.193773], [0.007901, 0.303025, 0.56873, 0, 0.525033, 0.973397, 0.700721, 0.138631, 0.450571, 0.853293, 0.721162, 0.732735, 0.277273, 0.443096], [0.910108, 0.707009, 0.134583, 0.765446, 0, 0.736516, 0.051261, 0.086792, 0.230521, 0.421649, 0.869623, 0.572844, 0.348801, 0.003604], [0.282512, 0.404498, 0.819465, 0.725637, 0.118808, 0, 0.833383, 0.748405, 0.071256, 0.136041, 0.34958, 0.388942, 0.03934, 0.644302], [0.985864, 0.537447, 0.858493, 0.434588, 0.615123, 0.509557, 0, 0.225075, 0.450615, 0.304003, 0.733494, 0.616608, 0.801491, 0.046271], [0.857011, 0.349929, 0.891891, 0.503943, 0.98409, 0.606796, 0.676719, 0, 0.119292, 0.240911, 0.720682, 0.313333, 0.614963, 0.806026], [0.213537, 0.065446, 0.847592, 0.081708, 0.127623, 0.41596, 0.915383, 0.330619, 0, 0.903871, 0.929929, 0.411196, 0.801881, 0.374883], [0.140313, 0.972315, 0.141936, 0.65136, 0.465086, 0.383216, 0.143927, 0.939162, 0.524362, 0, 0.464014, 0.855469, 0.382677, 0.725462], [0.223186, 0.173302, 0.001553, 0.252787, 0.550118, 0.515426, 0.813877, 0.668906, 0.005131, 0.407939, 0, 0.600494, 0.100744, 0.918779], [0.141131, 0.314592, 0.12844, 0.044715, 0.895425, 0.759488, 0.956347, 0.827447, 0.942651, 0.972213, 0.09037, 0, 0.364077, 0.582678], [0.4039, 0.847885, 0.469489, 0.289801, 0.181114, 0.826742, 0.224637, 0.399461, 0.022615, 0.102594, 0.67651, 0.024679, 0, 0.03732], [0.25019, 0.600808, 0.675662, 0.942327, 0.673546, 0.574198, 0.925782, 0.783944, 0.917687, 0.265935, 0.653297, 0.871635, 0.219825, 0]]}