{"v_num": 14, "mat": [[0, 0.009806, 0.982774, 0.209036, 0.76461, 0.321206, 0.887345, 0.930724, 0.067677, 0.037237, 0.01113, 0.386798, 0.269476, 0.677807], [0.635352, 0, 0.199269, 0.172086, 0.037786, 0.883047, 0.489222, 0.240239, 0.064291, 0.126881, 0.424514, 0.038763, 0.101572, 0.473449], [0.760882, 0.866738, 0, 0.393789, 0.627818, 0.803632, 0.729746, 0.782996, 0.717456, 0.411973, 0.314056, 0.922383, 0.820745, 0.215018], [0.29247, 0.787467, 0.172149, 0, 0.968627, 0.191637, 0.355963, 0.62618, 0.119394, 0.107706, 0.115692, 0.007634, 0.254344, 0.611729], [0.551704, 0.465784, 0.516428, 0.373793, 0, 0.223449, 0.033669, 0.806689, 0.284306, 0.515738, 0.889466, 0.267838, 0.037037, 0.205188], [0.994311, 0.248645, 0.519381, 0.695545, 0.179201, 0, 0.033749, 0.790942, 0.20609, 0.698661, 0.683748, 0.677783, 0.930539, 0.762423], [0.269723, 0.269157, 0.25592, 0.442508, 0.588905, 0.576043, 0, 0.775022, 0.218818, 0.447539, 0.002313, 0.803397, 0.413401, 0.279991], [0.897614, 0.486357, 0.164635, 0.500115, 0.960233, 0.304341, 0.5008, 0, 0.980119, 0.298323, 0.09407, 0.450808, 0.882663, 0.806708], [0.135383, 0.699547, 0.079402, 0.234308, 0.948159, 0.564463, 0.617223, 0.699286, 0, 0.791558, 0.048765, 0.52578, 0.417734, 0.611697], [0.86474, 0.886275, 0.096414, 0.310747, 0.934414, 0.169, 0.156582, 0.402655, 0.478816, 0, 0.781198, 0.191123, 0.998164, 0.274014], [0.026541, 0.086063, 0.277396, 0.853107, 0.238612, 0.774442, 0.300222, 0.997594, 0.336495, 0.03084, 0, 0.657645, 0.427378, 0.849384], [0.093641, 0.251599, 0.690296, 0.787147, 0.107023, 0.309716, 0.474787, 0.973165, 0.62382, 0.445186, 0.77895, 0, 0.235255, 0.437628], [0.452972, 0.341551, 0.472948, 0.640504, 0.947614, 0.724399, 0.366382, 0.93208, 0.686259, 0.33574, 0.708028, 0.677982, 0, 0.696845], [0.251549, 0.803115, 0.173097, 0.918723, 0.652122, 0.415546, 0.855831, 0.687742, 0.741994, 0.332157, 0.438976, 0.403951, 0.783771, 0]]}