{"v_num": 14, "mat": [[0, 0.584845, 0.381326, 0.551684, 0.186867, 0.023591, 0.170366, 0.065506, 0.872972, 0.789614, 0.663114, 0.507673, 0.47078, 0.700003], [0.285296, 0, 0.202159, 0.145947, 0.285021, 0.173282, 0.327284, 0.610586, 0.661923, 0.222624, 0.148136, 0.664328, 0.882495, 0.025493], [0.375822, 0.207555, 0, 0.197031, 0.659729, 0.180295, 0.017609, 0.283068, 0.719244, 0.174514, 0.526727, 0.556733, 0.49455, 0.49882], [0.743792, 0.338004, 0.358573, 0, 0.03304, 0.878575, 0.652191, 0.210817, 0.240269, 0.274949, 0.853112, 0.375016, 0.335827, 0.531242], [0.244543, 0.574939, 0.337256, 0.480649, 0, 0.997797, 0.022317, 0.935254, 0.022211, 0.227732, 0.598804, 0.252518, 0.443672, 0.498403], [0.793226, 0.119407, 0.449499, 0.157513, 0.039878, 0, 0.874049, 0.358786, 0.949493, 0.739618, 0.669758, 0.438686, 0.960765, 0.639419], [0.971708, 0.177156, 0.051959, 0.422246, 0.818855, 0.97523, 0, 0.818249, 0.661026, 0.020461, 0.765306, 0.860059, 0.78287, 0.911573], [0.162442, 0.592039, 0.811022, 0.366181, 0.083055, 0.544821, 0.38749, 0, 0.524209, 0.415961, 0.98873, 0.765286, 0.181649, 0.578593], [0.181279, 0.129525, 0.22038, 0.432149, 0.355901, 0.443917, 0.198054, 0.74773, 0, 0.648977, 0.549528, 0.819287, 0.754089, 0.917645], [0.381098, 0.516748, 0.937089, 0.818057, 0.645267, 0.985345, 0.86899, 0.432728, 0.474643, 0, 0.919497, 0.60085, 0.889464, 0.861049], [0.205637, 0.178247, 0.659047, 0.431044, 0.453214, 0.09892, 0.31488, 0.410521, 0.930801, 0.414445, 0, 0.352657, 0.206437, 0.639691], [0.095208, 0.003229, 0.236296, 0.388595, 0.684545, 0.098297, 0.97773, 0.253628, 0.475351, 0.833627, 0.120273, 0, 0.610059, 0.388824], [0.09921, 0.73193, 0.357266, 0.774916, 0.186447, 0.619197, 0.041574, 0.011256, 0.404391, 0.774893, 0.176502, 0.287324, 0, 0.560718], [0.599618, 0.745656, 0.034488, 0.582603, 0.857119, 0.751286, 0.062007, 0.269915, 0.010269, 0.220876, 0.732767, 0.890481, 0.008937, 0]]}