{"v_num": 14, "mat": [[0, 0.325507, 0.127855, 0.876246, 0.530164, 0.992572, 0.155744, 0.564074, 0.265492, 0.814667, 0.158827, 0.254187, 0.318995, 0.519991], [0.644131, 0, 0.269538, 0.180176, 0.176146, 0.036627, 0.901816, 0.378712, 0.979719, 0.918471, 0.19372, 0.362528, 0.664705, 0.856758], [0.897938, 0.028755, 0, 0.331569, 0.171433, 0.097128, 0.944539, 0.84605, 0.408961, 0.021231, 0.586449, 0.552429, 0.400725, 0.41996], [0.515096, 0.104428, 0.818676, 0, 0.035862, 0.84647, 0.410592, 0.101305, 0.19163, 0.019785, 0.663899, 0.375297, 0.014018, 0.215205], [0.124772, 0.300895, 0.277413, 0.887115, 0, 0.189292, 0.660613, 0.382658, 0.132124, 0.714689, 0.522916, 0.899812, 0.987571, 0.354897], [0.350688, 0.79478, 0.3628, 0.197234, 0.230352, 0, 0.664668, 0.364045, 0.688263, 0.693177, 0.24793, 0.050935, 0.794463, 0.886614], [0.122492, 0.450518, 0.093148, 0.252159, 0.128363, 0.477627, 0, 0.715319, 0.478816, 0.167585, 0.598252, 0.391161, 0.835631, 0.361967], [0.653255, 0.463524, 0.319332, 0.880068, 0.938295, 0.741812, 0.218365, 0, 0.131789, 0.415923, 0.633908, 0.631254, 0.157176, 0.621803], [0.960799, 0.966668, 0.181497, 0.306637, 0.641298, 0.973529, 0.919007, 0.607729, 0, 0.131884, 0.671253, 0.33466, 0.471977, 0.0473], [0.271178, 0.159683, 0.286997, 0.486137, 0.419431, 0.047488, 0.267355, 0.181978, 0.3822, 0, 0.538478, 0.59323, 0.504271, 0.22501], [0.45843, 0.598638, 0.910818, 0.417011, 0.318494, 0.682815, 0.72392, 0.192579, 0.988145, 0.757561, 0, 0.493042, 0.151916, 0.013281], [0.476361, 0.03676, 0.480613, 0.64801, 0.456615, 0.090588, 0.246235, 0.562943, 0.952538, 0.435, 0.068078, 0, 0.598902, 0.038205], [0.847048, 0.780861, 0.500153, 0.673339, 0.38415, 0.374424, 0.81765, 0.84968, 0.505881, 0.966621, 0.920131, 0.166523, 0, 0.886692], [0.330016, 0.214786, 0.935264, 0.105458, 0.444241, 0.905869, 0.631729, 0.370084, 0.47508, 0.177905, 0.133401, 0.123986, 0.927848, 0]]}