{"v_num": 14, "mat": [[0, 0.007644, 0.291069, 0.449777, 0.207817, 0.126193, 0.790029, 0.874276, 0.412901, 0.153081, 0.587705, 0.251501, 0.194488, 0.270831], [0.317622, 0, 0.885522, 0.24913, 0.080324, 0.435348, 0.26961, 0.774695, 0.212873, 0.579412, 0.356608, 0.024081, 0.819694, 0.597274], [0.748605, 0.499316, 0, 0.903273, 0.755903, 0.140242, 0.695788, 0.970152, 0.461697, 0.486479, 0.195822, 0.694009, 0.102143, 0.633445], [0.951552, 0.044637, 0.629158, 0, 0.91542, 0.966513, 0.871373, 0.072496, 0.379981, 0.127092, 0.949117, 0.88428, 0.202055, 0.543221], [0.936307, 0.00197, 0.742566, 0.562964, 0, 0.122909, 0.451442, 0.364151, 0.248642, 0.74457, 0.420919, 0.682652, 0.383731, 0.44459], [0.015373, 0.1761, 0.5145, 0.283333, 0.848673, 0, 0.812621, 0.59956, 0.335176, 0.85622, 0.481412, 0.31059, 0.771195, 0.339653], [0.442068, 0.148971, 0.028042, 0.29288, 0.59182, 0.762032, 0, 0.232399, 0.15741, 0.016023, 0.660487, 0.149762, 0.179624, 0.815956], [0.500666, 0.508605, 0.878629, 0.095052, 0.505357, 0.289105, 0.373253, 0, 0.265378, 0.709797, 0.479804, 0.96174, 0.512624, 0.448086], [0.114712, 0.029845, 0.867457, 0.559489, 0.660553, 0.062855, 0.848173, 0.088581, 0, 0.938299, 0.288291, 0.780562, 0.609863, 0.827778], [0.381903, 0.213617, 0.039097, 0.21098, 0.259493, 0.431723, 0.146584, 0.953519, 0.062829, 0, 0.367989, 0.016009, 0.088174, 0.842783], [0.72521, 0.920726, 0.902065, 0.513751, 0.031195, 0.596665, 0.724443, 0.897329, 0.099937, 0.268359, 0, 0.979993, 0.860121, 0.887918], [0.00337, 0.558599, 0.840624, 0.554589, 0.655847, 0.73854, 0.241731, 0.286568, 0.993562, 0.527603, 0.878434, 0, 0.289956, 0.408315], [0.158858, 0.699103, 0.537398, 0.415494, 0.645532, 0.528761, 0.732347, 0.122748, 0.679117, 0.534636, 0.817145, 0.440279, 0, 0.619132], [0.235755, 0.588627, 0.475556, 0.777995, 0.784061, 0.206021, 0.418521, 0.716441, 0.253169, 0.109076, 0.833465, 0.401648, 0.572225, 0]]}