{"v_num": 14, "mat": [[0, 0.410146, 0.257268, 0.26101, 0.283957, 0.752536, 0.458234, 0.87596, 0.727138, 0.037369, 0.30068, 0.272773, 0.095448, 0.814499], [0.451272, 0, 0.95786, 0.008363, 0.25141, 0.471684, 0.948476, 0.005779, 0.406476, 0.359512, 0.618024, 0.752209, 0.363799, 0.549879], [0.205335, 0.226662, 0, 0.358493, 0.271925, 0.790644, 0.355915, 0.392003, 0.246811, 0.223615, 0.555179, 0.386631, 0.760565, 0.656272], [0.351318, 0.302311, 0.622756, 0, 0.021593, 0.623006, 0.853685, 0.776055, 0.880336, 0.498515, 0.096608, 0.628062, 0.332757, 0.239119], [0.591409, 0.039106, 0.734678, 0.09583, 0, 0.078889, 0.522643, 0.226488, 0.009366, 0.655309, 0.164964, 0.081276, 0.441873, 0.433208], [0.556407, 0.153665, 0.253634, 0.43469, 0.803611, 0, 0.35446, 0.245994, 0.199837, 0.661812, 0.852622, 0.142452, 0.513806, 0.044014], [0.936578, 0.524799, 0.824904, 0.385318, 0.548124, 0.083883, 0, 0.707316, 0.845888, 0.062328, 0.739239, 0.253394, 0.559023, 0.433829], [0.724152, 0.515056, 0.933248, 0.327693, 0.55971, 0.465266, 0.882078, 0, 0.062925, 0.514193, 0.722316, 0.33174, 0.791408, 0.428496], [0.397305, 0.095467, 0.773801, 0.61469, 0.617176, 0.211204, 0.191207, 0.083985, 0, 0.608488, 0.46992, 0.431195, 0.998608, 0.8209], [0.711729, 0.103011, 0.853524, 0.576505, 0.479212, 0.400835, 0.752189, 0.674336, 0.303805, 0, 0.221398, 0.642395, 0.717522, 0.482309], [0.022166, 0.373558, 0.449116, 0.572896, 0.077764, 0.573952, 0.652241, 0.307354, 0.553687, 0.188284, 0, 0.617093, 0.617892, 0.420068], [0.375452, 0.744656, 0.551525, 0.981638, 0.336968, 0.107408, 0.305982, 0.933039, 0.565672, 0.538866, 0.558042, 0, 0.932269, 0.784465], [0.595542, 0.71736, 0.441772, 0.49918, 0.676328, 0.813576, 0.765968, 0.10703, 0.503352, 0.692187, 0.804299, 0.882909, 0, 0.651419], [0.180966, 0.923503, 0.864744, 0.649099, 0.124579, 0.884932, 0.336279, 0.489004, 0.856158, 0.705855, 0.933566, 0.393239, 0.417088, 0]]}