{"v_num": 14, "mat": [[0, 0.444411, 0.699282, 0.796779, 0.390415, 0.956351, 0.839154, 0.516396, 0.971176, 0.294523, 0.027915, 0.625955, 0.756565, 0.295736], [0.443183, 0, 0.61574, 0.324751, 0.59821, 0.080615, 0.426043, 0.648226, 0.008067, 0.331242, 0.980278, 0.365497, 0.264348, 0.421827], [0.969488, 0.320409, 0, 0.963191, 0.045692, 0.370932, 0.515881, 0.371314, 0.4162, 0.112999, 0.632856, 0.354805, 0.770996, 0.243988], [0.17367, 0.852853, 0.307232, 0, 0.539682, 0.885711, 0.690938, 0.195013, 0.95216, 0.140123, 0.931288, 0.92701, 0.747695, 0.22978], [0.26252, 0.948032, 0.862747, 0.842866, 0, 0.414243, 0.534531, 0.375715, 0.516274, 0.466757, 0.842589, 0.720262, 0.779076, 0.293853], [0.610777, 0.751378, 0.381932, 0.165404, 0.318872, 0, 0.857392, 0.529313, 0.594321, 0.014651, 0.740775, 0.08488, 0.099906, 0.476471], [0.790654, 0.003712, 0.320886, 0.791524, 0.489252, 0.705365, 0, 0.715099, 0.117397, 0.869196, 0.950394, 0.744329, 0.163659, 0.14302], [0.270492, 0.240483, 0.695489, 0.133826, 0.150909, 0.979426, 0.848913, 0, 0.989118, 0.692899, 0.960578, 0.391903, 0.928388, 0.324394], [0.902605, 0.535655, 0.097091, 0.341937, 0.702021, 0.167535, 0.246472, 0.406442, 0, 0.288366, 0.674766, 0.323821, 0.160436, 0.425737], [0.348738, 0.341533, 0.109736, 0.522433, 0.923833, 0.317535, 0.357041, 0.444033, 0.087036, 0, 0.900394, 0.982353, 0.17182, 0.743445], [0.903072, 0.905213, 0.755691, 0.085769, 0.5437, 0.673998, 0.291477, 0.372666, 0.55276, 0.556188, 0, 0.883818, 0.471107, 0.027909], [0.38395, 0.500662, 0.459729, 0.204099, 0.512069, 0.577795, 0.578116, 0.150423, 0.084257, 0.031512, 0.414967, 0, 0.573076, 0.005545], [0.943291, 0.740307, 0.246864, 0.393952, 0.4591, 0.424871, 0.698484, 0.979488, 0.027931, 0.010503, 0.489579, 0.088476, 0, 0.594128], [0.041741, 0.241427, 0.019366, 0.907995, 0.886031, 0.531088, 0.888627, 0.044981, 0.53644, 0.464853, 0.903665, 0.849493, 0.322232, 0]]}