{"v_num": 14, "mat": [[0, 0.446441, 0.322301, 0.594682, 0.083231, 0.67475, 0.788075, 0.715072, 0.423424, 0.224516, 0.53272, 0.073612, 0.50401, 0.98968], [0.837128, 0, 0.562095, 0.966829, 0.75378, 0.714977, 0.581813, 0.381975, 0.01856, 0.639491, 0.986668, 0.164806, 0.745659, 0.209965], [0.08672, 0.734436, 0, 0.082551, 0.222908, 0.975958, 0.339153, 0.078355, 0.678077, 0.008117, 0.359563, 0.688695, 0.264833, 0.841203], [0.824974, 0.492302, 0.850381, 0, 0.128784, 0.833532, 0.840156, 0.631741, 0.465155, 0.205513, 0.786385, 0.950556, 0.818556, 0.922344], [0.687034, 0.290346, 0.535942, 0.733707, 0, 0.2403, 0.117292, 0.769055, 0.988574, 0.209374, 0.993439, 0.811981, 0.306804, 0.450531], [0.70253, 0.253539, 0.312666, 0.679971, 0.939446, 0, 0.595281, 0.326106, 0.190127, 0.767893, 0.540151, 0.679336, 0.347815, 0.528155], [0.37769, 0.565829, 0.844507, 0.268192, 0.751644, 0.006529, 0, 0.264933, 0.323045, 0.079682, 0.853532, 0.080054, 0.138569, 0.42908], [0.803227, 0.3324, 0.440176, 0.125588, 0.747252, 0.9239, 0.302515, 0, 0.906477, 0.70826, 0.470422, 0.631957, 0.343638, 0.230495], [0.015497, 0.697754, 0.769275, 0.717943, 0.287446, 0.324565, 0.936222, 0.421614, 0, 0.200239, 0.130559, 0.709268, 0.216257, 0.339194], [0.236843, 0.760081, 0.314259, 0.511647, 0.736988, 0.512978, 0.03716, 0.431579, 0.209282, 0, 0.806035, 0.239943, 0.333235, 0.932123], [0.700827, 0.491073, 0.926774, 0.373376, 0.811807, 0.73072, 0.640784, 0.336729, 0.983753, 0.917308, 0, 0.588304, 0.109192, 0.117005], [0.432392, 0.18155, 0.496292, 0.710757, 0.292936, 0.402803, 0.438001, 0.795748, 0.215659, 0.79512, 0.377882, 0, 0.293596, 0.685782], [0.608371, 0.445139, 0.125693, 0.93366, 0.781052, 0.567956, 0.766678, 0.342162, 0.786734, 0.203206, 0.646715, 0.282939, 0, 0.006858], [0.533843, 0.192947, 0.780352, 0.248462, 0.231947, 0.314373, 0.520581, 0.978372, 0.310436, 0.401758, 0.198693, 0.471399, 0.181468, 0]]}