{"v_num": 14, "mat": [[0, 0.774762, 0.563163, 0.624496, 0.544334, 0.488792, 0.186185, 0.076398, 0.672194, 0.207444, 0.987679, 0.460743, 0.363968, 0.318928], [0.629251, 0, 0.007733, 0.873132, 0.405525, 0.205076, 0.288277, 0.820472, 0.838385, 0.387376, 0.55624, 0.960656, 0.055384, 0.316875], [0.327396, 0.43224, 0, 0.899286, 0.162488, 0.73558, 0.179086, 0.03218, 0.686888, 0.343361, 0.852215, 0.523905, 0.293665, 0.65295], [0.866331, 0.202591, 0.850589, 0, 0.568625, 0.36388, 0.057761, 0.018346, 0.87637, 0.044294, 0.630346, 0.01589, 0.998271, 0.705133], [0.305207, 0.661834, 0.179481, 0.396067, 0, 0.660584, 0.525977, 0.449374, 0.420963, 0.044131, 0.270977, 0.557535, 0.494779, 0.793598], [0.01978, 0.281175, 0.804889, 0.933958, 0.871082, 0, 0.037966, 0.022987, 0.926692, 0.462619, 0.453917, 0.088141, 0.371362, 0.75806], [0.738167, 0.78899, 0.735248, 0.235388, 0.631883, 0.949521, 0, 0.788086, 0.339179, 0.558407, 0.161042, 0.197041, 0.336387, 0.598862], [0.914609, 0.33124, 0.117913, 0.220951, 0.167517, 0.207411, 0.690424, 0, 0.805951, 0.912182, 0.889111, 0.136742, 0.098238, 0.315867], [0.073603, 0.204451, 0.584521, 0.748478, 0.14906, 0.169486, 0.649549, 0.159934, 0, 0.85018, 0.949393, 0.619475, 0.313867, 0.996614], [0.108115, 0.763408, 0.036229, 0.623758, 0.840669, 0.941784, 0.555558, 0.038399, 0.06425, 0, 0.827526, 0.862615, 0.014397, 0.416019], [0.221476, 0.113041, 0.829023, 0.29072, 0.582897, 0.412724, 0.642731, 0.745726, 0.588255, 0.620696, 0, 0.203306, 0.843564, 0.302985], [0.561754, 0.504434, 0.447678, 0.573227, 0.178743, 0.277552, 0.564372, 0.72555, 0.717944, 0.582309, 0.633285, 0, 0.651499, 0.879563], [0.451744, 0.821945, 0.45941, 0.317247, 0.821452, 0.223117, 0.51079, 0.46463, 0.093773, 0.679642, 0.320764, 0.306358, 0, 0.791381], [0.452568, 0.108881, 0.126657, 0.210553, 0.641545, 0.179383, 0.314601, 0.541885, 0.248858, 0.747829, 0.984713, 0.534168, 0.389957, 0]]}