{"v_num": 14, "mat": [[0, 0.294793, 0.029522, 0.758694, 0.46756, 0.335208, 0.506298, 0.375787, 0.899227, 0.323674, 0.259853, 0.411598, 0.110958, 0.010618], [0.676234, 0, 0.039176, 0.596219, 0.571402, 0.459033, 0.022873, 0.104492, 0.266062, 0.742165, 0.627846, 0.925225, 0.827171, 0.162473], [0.071369, 0.377949, 0, 0.940327, 0.374607, 0.834216, 0.264118, 0.075635, 0.641908, 0.177739, 0.667901, 0.090289, 0.871303, 0.743088], [0.023787, 0.778984, 0.005035, 0, 0.96815, 0.084024, 0.697558, 0.597278, 0.498028, 0.472365, 0.504773, 0.328881, 0.409201, 0.351812], [0.888357, 0.220498, 0.735391, 0.926139, 0, 0.952748, 0.426291, 0.057255, 0.498859, 0.283135, 0.74701, 0.102686, 0.772218, 0.341482], [0.557276, 0.82479, 0.312443, 0.527672, 0.5174, 0, 0.018565, 0.062783, 0.857785, 0.954686, 0.319203, 0.774278, 0.361995, 0.580566], [0.065757, 0.527433, 0.504739, 0.306742, 0.745167, 0.819016, 0, 0.63079, 0.567529, 0.730615, 0.945461, 0.790074, 0.547537, 0.403197], [0.485625, 0.493191, 0.189886, 0.822419, 0.074222, 0.349572, 0.996006, 0, 0.766901, 0.953457, 0.776442, 0.674643, 0.572908, 0.149091], [0.444531, 0.935212, 0.255209, 0.608675, 0.033599, 0.766067, 0.626288, 0.850619, 0, 0.751384, 0.662518, 0.676156, 0.870576, 0.141324], [0.477217, 0.052079, 0.805104, 0.791002, 0.315909, 0.969916, 0.651939, 0.26397, 0.3725, 0, 0.354152, 0.871184, 0.024556, 0.433436], [0.1137, 0.034862, 0.741645, 0.568982, 0.287619, 0.763509, 0.832457, 0.686035, 0.902239, 0.431361, 0, 0.377743, 0.214045, 0.624911], [0.015159, 0.719751, 0.123465, 0.659503, 0.357615, 0.27856, 0.095423, 0.520953, 0.678152, 0.216709, 0.304575, 0, 0.003846, 0.137865], [0.405874, 0.874634, 0.506264, 0.077575, 0.604001, 0.496241, 0.138642, 0.617683, 0.701388, 0.911887, 0.373296, 0.85128, 0, 0.289963], [0.442069, 0.964247, 0.154871, 0.027714, 0.687961, 0.944762, 0.56271, 0.874423, 0.764889, 0.003276, 0.142424, 0.953699, 0.61859, 0]]}