{"v_num": 14, "mat": [[0, 0.542925, 0.794188, 0.158082, 0.681321, 0.506975, 0.045201, 0.855518, 0.641675, 0.466701, 0.515007, 0.808995, 0.866334, 0.530165], [0.308513, 0, 0.720379, 0.326632, 0.829586, 0.719604, 0.280631, 0.123788, 0.008452, 0.580595, 0.66218, 0.053362, 0.928746, 0.385332], [0.216634, 0.76551, 0, 0.141509, 0.192657, 0.534733, 0.319878, 0.609556, 0.686702, 0.726931, 0.896615, 0.371169, 0.910511, 0.29034], [0.294956, 0.412841, 0.13696, 0, 0.836306, 0.631235, 0.368748, 0.016293, 0.602363, 0.336992, 0.149899, 0.614027, 0.663148, 0.955204], [0.071589, 0.564424, 0.104633, 0.109766, 0, 0.316514, 0.943711, 0.908439, 0.218508, 0.719266, 0.178625, 0.361054, 0.831004, 0.028511], [0.284112, 0.217185, 0.523522, 0.280243, 0.603811, 0, 0.065728, 0.699891, 0.721874, 0.434678, 0.159691, 0.247185, 0.121805, 0.079602], [0.705759, 0.277731, 0.595866, 0.99562, 0.206792, 0.45603, 0, 0.867095, 0.276874, 0.63067, 0.498838, 0.946123, 0.623444, 0.22371], [0.630795, 0.98689, 0.819151, 0.280313, 0.270577, 0.506554, 0.739612, 0, 0.152066, 0.303116, 0.985167, 0.052009, 0.367116, 0.180871], [0.830966, 0.650463, 0.273442, 0.676504, 0.922153, 0.915944, 0.18567, 0.557218, 0, 0.616918, 0.536739, 0.651833, 0.29228, 0.354483], [0.701776, 0.064081, 0.508247, 0.478801, 0.454352, 0.512806, 0.403182, 0.312206, 0.195047, 0, 0.662548, 0.294472, 0.891763, 0.5398], [0.486901, 0.592347, 0.832322, 0.704682, 0.490607, 0.370263, 0.972832, 0.849416, 0.251028, 0.539048, 0, 0.986605, 0.601173, 0.594498], [0.712838, 0.122022, 0.404528, 0.523304, 0.394242, 0.165504, 0.387326, 0.294433, 0.921478, 0.354162, 0.521799, 0, 0.947658, 0.442162], [0.279143, 0.783893, 0.253986, 0.813751, 0.332772, 0.290099, 0.604133, 0.558565, 0.421457, 0.753205, 0.567647, 0.582034, 0, 0.416984], [0.417765, 0.179138, 0.946782, 0.243649, 0.906224, 0.211804, 0.431323, 0.579472, 0.226785, 0.651122, 0.672131, 0.200536, 0.144452, 0]]}