{"v_num": 14, "mat": [[0, 0.124906, 0.782505, 0.065708, 0.816991, 0.918127, 0.910224, 0.821584, 0.416243, 0.904513, 0.620744, 0.275017, 0.405684, 0.884823], [0.094999, 0, 0.952071, 0.699278, 0.930888, 0.615998, 0.088322, 0.620961, 0.509875, 0.008319, 0.331366, 0.039051, 0.467162, 0.331729], [0.436195, 0.185743, 0, 0.926055, 0.960322, 0.623559, 0.693344, 0.715132, 0.975454, 0.404582, 0.97131, 0.051735, 0.680615, 0.700013], [0.876226, 0.084464, 0.163518, 0, 0.917859, 0.327908, 0.419775, 0.938339, 0.338077, 0.965489, 0.478001, 0.44086, 0.103625, 0.069732], [0.753675, 0.248235, 0.566717, 0.892332, 0, 0.185106, 0.905619, 0.559529, 0.528566, 0.095705, 0.446281, 0.556718, 0.587255, 0.374585], [0.194733, 0.449419, 0.900526, 0.14982, 0.049875, 0, 0.919861, 0.350172, 0.388575, 0.56345, 0.224795, 0.853094, 0.301288, 0.349706], [0.063219, 0.960829, 0.350194, 0.719305, 0.670126, 0.805561, 0, 0.282566, 0.50921, 0.046676, 0.644952, 0.412996, 0.678249, 0.388191], [0.005391, 0.858454, 0.289738, 0.33823, 0.5635, 0.058302, 0.048885, 0, 0.878909, 0.721043, 0.631094, 0.474152, 0.544603, 0.355619], [0.75159, 0.399794, 0.442596, 0.966156, 0.817162, 0.554874, 0.418924, 0.284365, 0, 0.05472, 0.399131, 0.106399, 0.381596, 0.356333], [0.266016, 0.130502, 0.331856, 0.390324, 0.964408, 0.534052, 0.618884, 0.440705, 0.354388, 0, 0.070899, 0.943443, 0.350517, 0.524688], [0.093177, 0.656616, 0.385846, 0.610902, 0.964433, 0.277714, 0.779672, 0.598378, 0.095854, 0.243435, 0, 0.860428, 0.742487, 0.454242], [0.079651, 0.50358, 0.028938, 0.9069, 0.846293, 0.508145, 0.266553, 0.296794, 0.650735, 0.542573, 0.683868, 0, 0.356314, 0.649672], [0.076271, 0.219135, 0.462989, 0.895268, 0.306584, 0.070162, 0.002505, 0.936392, 0.903893, 0.140797, 0.712122, 0.536615, 0, 0.954391], [0.60788, 0.196568, 0.681472, 0.096351, 0.041842, 0.5831, 0.995349, 0.693869, 0.075591, 0.010813, 0.006036, 0.49325, 0.326561, 0]]}