{"v_num": 14, "mat": [[0, 0.433534, 0.2484, 0.558861, 0.301197, 0.174871, 0.910061, 0.722799, 0.496331, 0.927461, 0.355084, 0.623729, 0.905639, 0.406612], [0.842162, 0, 0.692743, 0.582473, 0.847066, 0.819286, 0.320907, 0.240224, 0.736625, 0.879597, 0.468882, 0.289549, 0.390554, 0.507988], [0.98824, 0.794749, 0, 0.39458, 0.172855, 0.35066, 0.207154, 0.703505, 0.313644, 0.567439, 0.283039, 0.340594, 0.675621, 0.078087], [0.682379, 0.822183, 0.967791, 0, 0.363979, 0.700745, 0.969025, 0.347683, 0.132778, 0.759382, 0.786175, 0.94821, 0.689708, 0.247128], [0.153132, 0.742509, 0.220137, 0.596158, 0, 0.70057, 0.167051, 0.42158, 0.90217, 0.566912, 0.529729, 0.005848, 0.50909, 0.375553], [0.930379, 0.97533, 0.728678, 0.196745, 0.239394, 0, 0.193404, 0.974487, 0.329192, 0.932035, 0.070223, 0.693371, 0.228183, 0.097038], [0.686743, 0.955978, 0.308778, 0.500437, 0.396599, 0.075081, 0, 0.51743, 0.171263, 0.44773, 0.860576, 0.910316, 0.194555, 0.218692], [0.179488, 0.453933, 0.411206, 0.433973, 0.033443, 0.084979, 0.730596, 0, 0.192321, 0.934757, 0.39556, 0.197222, 0.060453, 0.773713], [0.865458, 0.004029, 0.015608, 0.004031, 0.617837, 0.067297, 0.002894, 0.776522, 0, 0.315996, 0.261701, 0.641863, 0.376323, 0.144501], [0.024527, 0.54236, 0.409342, 0.552983, 0.89279, 0.38033, 0.856332, 0.209753, 0.68218, 0, 0.389698, 0.234637, 0.426043, 0.07616], [0.822673, 0.097708, 0.686431, 0.058502, 0.293608, 0.851466, 0.043201, 0.827827, 0.432434, 0.995724, 0, 0.500017, 0.411357, 0.948348], [0.247519, 0.542924, 0.881023, 0.616875, 0.774893, 0.972998, 0.817282, 0.675137, 0.247297, 0.067075, 0.822741, 0, 0.114943, 0.739149], [0.337729, 0.781758, 0.452563, 0.060496, 0.442213, 0.960382, 0.144129, 0.455017, 0.244308, 0.919383, 0.613196, 0.511291, 0, 0.962755], [0.601974, 0.374873, 0.396805, 0.783713, 0.291054, 0.210273, 0.082547, 0.186728, 0.131779, 0.288914, 0.738247, 0.827652, 0.331769, 0]]}