{"v_num": 14, "mat": [[0, 0.583063, 0.817953, 0.415398, 0.223716, 0.326671, 0.042621, 0.909393, 0.268715, 0.206424, 0.971668, 0.426175, 0.541642, 0.481746], [0.111149, 0, 0.868132, 0.20562, 0.274006, 0.182484, 0.473241, 0.643022, 0.918107, 0.208974, 0.019128, 0.26179, 0.172817, 0.776934], [0.446621, 0.501619, 0, 0.364551, 0.256011, 0.282557, 0.669719, 0.136667, 0.287449, 0.019569, 0.037891, 0.369536, 0.433282, 0.068252], [0.093918, 0.690289, 0.136203, 0, 0.678735, 0.272701, 0.430631, 0.172252, 0.846231, 0.358167, 0.946456, 0.949646, 0.524673, 0.137336], [0.526581, 0.38022, 0.46915, 0.991377, 0, 0.245139, 0.241088, 0.248011, 0.404638, 0.932749, 0.834443, 0.184905, 0.654577, 0.51811], [0.92169, 0.706385, 0.32642, 0.533009, 0.541961, 0, 0.202905, 0.802693, 0.34551, 0.625166, 0.088651, 0.472811, 0.70851, 0.249664], [0.466082, 0.039422, 0.744031, 0.244256, 0.148319, 0.740262, 0, 0.106909, 0.687247, 0.984811, 0.540148, 0.523054, 0.831874, 0.927046], [0.112687, 0.831157, 0.491253, 0.446567, 0.124439, 0.74044, 0.303235, 0, 0.064758, 0.863819, 0.082533, 0.151832, 0.469267, 0.364362], [0.162226, 0.044548, 0.815022, 0.682093, 0.974789, 0.867835, 0.236743, 0.555305, 0, 0.90596, 0.745641, 0.789073, 0.866478, 0.355978], [0.725202, 0.294569, 0.546043, 0.444742, 0.877788, 0.214388, 0.796019, 0.993646, 0.389441, 0, 0.813915, 0.045474, 0.164858, 0.483609], [0.720476, 0.60532, 0.848019, 0.023199, 0.138262, 0.379734, 0.357089, 0.706886, 0.577669, 0.827696, 0, 0.541144, 0.965742, 0.038858], [0.276999, 0.739678, 0.012513, 0.609776, 0.084446, 0.848795, 0.697036, 0.424053, 0.050375, 0.411262, 0.09615, 0, 0.763963, 0.64515], [0.762184, 0.72435, 0.265717, 0.466661, 0.874006, 0.174766, 0.732541, 0.52758, 0.212071, 0.864697, 0.199422, 0.364431, 0, 0.48177], [0.462078, 0.191497, 0.722137, 0.782204, 0.236365, 0.915312, 0.559162, 0.820089, 0.692442, 0.325948, 0.043342, 0.351731, 0.888986, 0]]}