{"v_num": 14, "mat": [[0, 0.782025, 0.993088, 0.557526, 0.890332, 0.980562, 0.859072, 0.01639, 0.829755, 0.984376, 0.053079, 0.47121, 0.022195, 0.575439], [0.655585, 0, 0.146639, 0.236067, 0.971167, 0.239969, 0.309363, 0.733636, 0.779809, 0.063753, 0.363886, 0.650879, 0.172309, 0.134245], [0.063745, 0.139266, 0, 0.292367, 0.615581, 0.069888, 0.855386, 0.509691, 0.838872, 0.577716, 0.092764, 0.3108, 0.518838, 0.273672], [0.462156, 0.702346, 0.052672, 0, 0.941427, 0.640619, 0.788007, 0.673848, 0.892236, 0.795854, 0.046732, 0.403148, 0.43814, 0.486419], [0.957045, 0.595112, 0.078036, 0.474955, 0, 0.471617, 0.564726, 0.501466, 0.174178, 0.841996, 0.981683, 0.755938, 0.100852, 0.933249], [0.404628, 0.277745, 0.890914, 0.600996, 0.07335, 0, 0.192863, 0.018478, 0.779258, 0.907786, 0.503109, 0.444096, 0.228862, 0.679234], [0.119343, 0.060887, 0.18878, 0.293671, 0.714657, 0.76701, 0, 0.43433, 0.480547, 0.474508, 0.475554, 0.389651, 0.13545, 0.283347], [0.891323, 0.435683, 0.133993, 0.651352, 0.218712, 0.985115, 0.855187, 0, 0.01519, 0.022323, 0.90953, 0.031512, 0.984491, 0.20208], [0.153168, 0.659302, 0.109009, 0.674016, 0.869938, 0.688111, 0.337057, 0.456753, 0, 0.233398, 0.366828, 0.191791, 0.485649, 0.730508], [0.771834, 0.338194, 0.714764, 0.140732, 0.140232, 0.988171, 0.679212, 0.476322, 0.277571, 0, 0.937572, 0.692474, 0.068266, 0.297751], [0.043063, 0.942076, 0.405317, 0.914597, 0.437524, 0.614205, 0.458364, 0.498612, 0.154987, 0.72534, 0, 0.241747, 0.008264, 0.131305], [0.754355, 0.202833, 0.879632, 0.127413, 0.642913, 0.782414, 0.191701, 0.589839, 0.168379, 0.854652, 0.610248, 0, 0.122694, 0.693009], [0.226749, 0.624366, 0.513667, 0.851471, 0.802398, 0.740763, 0.395547, 0.519543, 0.579527, 0.54969, 0.34418, 0.340238, 0, 0.861129], [0.115855, 0.795358, 0.958577, 0.721032, 0.487005, 0.121225, 0.017859, 0.6872, 0.363099, 0.538131, 0.737786, 0.602541, 0.43972, 0]]}