{"v_num": 14, "mat": [[0, 0.621115, 0.997879, 0.150746, 0.015017, 0.876002, 0.250542, 0.527558, 0.869505, 0.013713, 0.803778, 0.323643, 0.242503, 0.770598], [0.673853, 0, 0.448636, 0.378107, 0.888507, 0.387139, 0.94128, 0.996315, 0.710479, 0.922364, 0.294713, 0.076537, 0.002444, 0.983691], [0.762013, 0.953963, 0, 0.673132, 0.524205, 0.344866, 0.385238, 0.652573, 0.534994, 0.185826, 0.508606, 0.917901, 0.777833, 0.761075], [0.749391, 0.578077, 0.370751, 0, 0.599593, 0.573114, 0.515143, 0.22647, 0.635441, 0.08344, 0.192648, 0.424781, 0.919974, 0.618194], [0.309991, 0.504277, 0.364045, 0.485632, 0, 0.545035, 0.435038, 0.105146, 0.144087, 0.571729, 0.914354, 0.729176, 0.245086, 0.874344], [0.14061, 0.631736, 0.010461, 0.849938, 0.118463, 0, 0.568944, 0.459885, 0.744168, 0.557214, 0.515023, 0.592035, 0.42774, 0.234893], [0.305807, 0.789191, 0.062097, 0.208025, 0.012156, 0.094033, 0, 0.759045, 0.155201, 0.251487, 0.39953, 0.5108, 0.232126, 0.316141], [0.565804, 0.906333, 0.269307, 0.794602, 0.642864, 0.122637, 0.107997, 0, 0.897439, 0.251596, 0.438596, 0.031512, 0.23098, 0.828398], [0.131946, 0.59098, 0.925204, 0.983931, 0.10615, 0.111765, 0.826556, 0.407565, 0, 0.590234, 0.632385, 0.225946, 0.795746, 0.111229], [0.212928, 0.838852, 0.264396, 0.493492, 0.621438, 0.657944, 0.688193, 0.805155, 0.735428, 0, 0.967319, 0.589046, 0.29209, 0.307831], [0.607628, 0.523673, 0.367058, 0.490018, 0.372872, 0.539287, 0.541234, 0.651946, 0.663513, 0.007338, 0, 0.26964, 0.347903, 0.729044], [0.989469, 0.902994, 0.142028, 0.803242, 0.911521, 0.0772, 0.113838, 0.452302, 0.545773, 0.117647, 0.428535, 0, 0.811024, 0.938642], [0.353595, 0.738255, 0.327365, 0.079315, 0.800341, 0.789565, 0.975801, 0.116648, 0.662992, 0.950318, 0.069284, 0.291962, 0, 0.585701], [0.316296, 0.114511, 0.732776, 0.256765, 0.326359, 0.038301, 0.518271, 0.617065, 0.766924, 0.676232, 0.628835, 0.748026, 0.79721, 0]]}