{"v_num": 14, "mat": [[0, 0.038044, 0.357402, 0.01045, 0.093689, 0.835314, 0.076763, 0.600228, 0.359125, 0.585874, 0.817154, 0.148552, 0.367332, 0.455012], [0.484077, 0, 0.77707, 0.216949, 0.588761, 0.292447, 0.859963, 0.117873, 0.164783, 0.298548, 0.395854, 0.548044, 0.730136, 0.835695], [0.624096, 0.647033, 0, 0.854452, 0.760688, 0.572835, 0.183257, 0.980255, 0.17354, 0.204901, 0.390383, 0.90569, 0.648513, 0.82725], [0.874875, 0.666515, 0.162145, 0, 0.412807, 0.277359, 0.372591, 0.549239, 0.256006, 0.390157, 0.106894, 0.494673, 0.835096, 0.05289], [0.349806, 0.975531, 0.405943, 0.906304, 0, 0.690913, 0.784317, 0.751245, 0.291059, 0.45854, 0.018639, 0.281113, 0.295377, 0.270643], [0.851725, 0.321874, 0.033734, 0.772086, 0.588434, 0, 0.01481, 0.776346, 0.52672, 0.420631, 0.391946, 0.334641, 0.661449, 0.20137], [0.562747, 0.80999, 0.813958, 0.15857, 0.423403, 0.079045, 0, 0.688907, 0.679598, 0.643225, 0.629512, 0.214379, 0.842558, 0.203706], [0.617878, 0.131025, 0.493517, 0.247008, 0.663081, 0.313353, 0.481128, 0, 0.702921, 0.781823, 0.112561, 0.848826, 0.499104, 0.296163], [0.507079, 0.063724, 0.826569, 0.355773, 0.194565, 0.173925, 0.294119, 0.332004, 0, 0.02379, 0.988087, 0.722503, 0.253201, 0.309778], [0.928692, 0.153477, 0.621562, 0.801737, 0.649586, 0.324106, 0.665442, 0.266296, 0.524757, 0, 0.351396, 0.902919, 0.874065, 0.531344], [0.405124, 0.429797, 0.33848, 0.842324, 0.068771, 0.673941, 0.345924, 0.875512, 0.409646, 0.199472, 0, 0.366989, 0.994997, 0.666613], [0.106358, 0.430981, 0.313731, 0.0781, 0.194781, 0.442034, 0.152701, 0.883586, 0.394771, 0.428218, 0.764877, 0, 0.599061, 0.326925], [0.376641, 0.764077, 0.89621, 0.892286, 0.276494, 0.16648, 0.482082, 0.0804, 0.394594, 0.072249, 0.213025, 0.567077, 0, 0.779833], [0.072036, 0.836902, 0.200413, 0.564773, 0.960947, 0.393832, 0.804464, 0.762796, 0.545194, 0.235613, 0.752852, 0.478297, 0.600312, 0]]}