{"v_num": 14, "mat": [[0, 0.695611, 0.165932, 0.570984, 0.972244, 0.195444, 0.428637, 0.306437, 0.848311, 0.800943, 0.517674, 0.45418, 0.699544, 0.908774], [0.022096, 0, 0.60034, 0.058069, 0.424336, 0.343986, 0.339159, 0.704712, 0.531138, 0.718246, 0.651849, 0.721669, 0.527035, 0.87783], [0.364869, 0.383439, 0, 0.609264, 0.91808, 0.99107, 0.423842, 0.889219, 0.083369, 0.194366, 0.460243, 0.262151, 0.839428, 0.888904], [0.722235, 0.376556, 0.60415, 0, 0.645813, 0.063595, 0.829241, 0.631946, 0.68069, 0.567641, 0.433158, 0.538668, 0.86027, 0.930341], [0.412539, 0.961252, 0.741124, 0.147037, 0, 0.057263, 0.457645, 0.897998, 0.632028, 0.479794, 0.948442, 0.401364, 0.565053, 0.758257], [0.223015, 0.27139, 0.927232, 0.468846, 0.452024, 0, 0.158276, 0.071946, 0.02697, 0.614414, 0.379241, 0.706171, 0.337988, 0.392714], [0.077844, 0.545048, 0.020116, 0.219164, 0.906144, 0.090395, 0, 0.47598, 0.391802, 0.752852, 0.938709, 0.00865, 0.053406, 0.885876], [0.808338, 0.154684, 0.039497, 0.57629, 0.502863, 0.58329, 0.781415, 0, 0.0729, 0.226277, 0.574463, 0.236749, 0.134658, 0.056493], [0.477806, 0.980818, 0.595578, 0.781575, 0.677767, 0.235582, 0.842272, 0.113204, 0, 0.262414, 0.065551, 0.753693, 0.543675, 0.697769], [0.478528, 0.63879, 0.224821, 0.537285, 0.628504, 0.734791, 0.589248, 0.783754, 0.320958, 0, 0.619148, 0.094384, 0.482142, 0.915885], [0.411227, 0.431326, 0.98478, 0.767628, 0.911693, 0.252848, 0.083082, 0.590585, 0.941558, 0.682912, 0, 0.394873, 0.870033, 0.435539], [0.062794, 0.324753, 0.578083, 0.42747, 0.84954, 0.78417, 0.230913, 0.859224, 0.20235, 0.987105, 0.19143, 0, 0.160948, 0.769212], [0.718243, 0.345043, 0.024192, 0.352152, 0.006871, 0.704744, 0.830254, 0.558319, 0.051879, 0.605857, 0.373325, 0.419518, 0, 0.001824], [0.443956, 0.625259, 0.730534, 0.084703, 0.487556, 0.382605, 0.624833, 0.954969, 0.463423, 0.420471, 0.775248, 0.72178, 0.070048, 0]]}