{"v_num": 14, "mat": [[0, 0.551169, 0.070057, 0.748173, 0.650698, 0.889586, 0.578435, 0.600755, 0.033939, 0.138588, 0.514477, 0.905012, 0.414445, 0.71933], [0.0757, 0, 0.376739, 0.656066, 0.952036, 0.384962, 0.846128, 0.856521, 0.957877, 0.577656, 0.682643, 0.483699, 0.311657, 0.065994], [0.854515, 0.262061, 0, 0.298638, 0.268256, 0.242464, 0.840989, 0.071708, 0.651012, 0.927991, 0.781221, 0.612978, 0.386205, 0.807997], [0.142854, 0.913554, 0.639018, 0, 0.108991, 0.679977, 0.171063, 0.983777, 0.782021, 0.445701, 0.522391, 0.212254, 0.771536, 0.794397], [0.618893, 0.294417, 0.57767, 0.589494, 0, 0.740441, 0.932005, 0.724542, 0.590586, 0.482667, 0.036504, 0.273928, 0.366126, 0.105372], [0.724893, 0.187284, 0.84371, 0.347005, 0.857054, 0, 0.310861, 0.075658, 0.14421, 0.431166, 0.861015, 0.340986, 0.81228, 0.525632], [0.627255, 0.854884, 0.330453, 0.921344, 0.380609, 0.341682, 0, 0.710573, 0.316442, 0.790597, 0.474701, 0.928449, 0.58129, 0.751877], [0.43012, 0.985831, 0.098713, 0.535522, 0.323525, 0.330656, 0.885617, 0, 0.698683, 0.445759, 0.379858, 0.142792, 0.111564, 0.760164], [0.00948, 0.00074, 0.256744, 0.010941, 0.066403, 0.348054, 0.201697, 0.447176, 0, 0.572793, 0.679338, 0.723208, 0.66527, 0.972819], [0.191429, 0.95712, 0.476056, 0.371819, 0.746719, 0.654716, 0.622155, 0.531667, 0.433794, 0, 0.474774, 0.152816, 0.294058, 0.259598], [0.126341, 0.597207, 0.661342, 0.100813, 0.543208, 0.210767, 0.202627, 0.292913, 0.908461, 0.965693, 0, 0.487658, 0.736707, 0.488952], [0.479183, 0.430022, 0.373987, 0.509627, 0.427818, 0.43547, 0.662194, 0.218044, 0.11534, 0.422196, 0.420414, 0, 0.098253, 0.644875], [0.973645, 0.014596, 0.562634, 0.030111, 0.63275, 0.817355, 0.560511, 0.547644, 0.103903, 0.882258, 0.262081, 0.386441, 0, 0.9843], [0.70757, 0.836367, 0.103757, 0.273215, 0.440058, 0.843975, 0.170714, 0.521641, 0.238635, 0.809112, 0.214944, 0.880518, 0.105642, 0]]}