{"v_num": 14, "mat": [[0, 0.121331, 0.891963, 0.341375, 0.155128, 0.674994, 0.712991, 0.550741, 0.615742, 0.195159, 0.802038, 0.165302, 0.785752, 0.02533], [0.26326, 0, 0.488994, 0.207022, 0.611347, 0.506514, 0.013487, 0.18411, 0.278876, 0.643919, 0.208028, 0.188648, 0.742341, 0.247657], [0.664105, 0.002241, 0, 0.30116, 0.455935, 0.887887, 0.670212, 0.238465, 0.921478, 0.189092, 0.46758, 0.158537, 0.785622, 0.93293], [0.335683, 0.28227, 0.264813, 0, 0.621476, 0.181741, 0.620841, 0.735531, 0.576784, 0.265228, 0.674158, 0.44015, 0.53115, 0.585748], [0.624213, 0.695832, 0.282605, 0.970165, 0, 0.266353, 0.621406, 0.739901, 0.336708, 0.978528, 0.722219, 0.675503, 0.922575, 0.213064], [0.445098, 0.000931, 0.261766, 0.47224, 0.210545, 0, 0.203896, 0.644544, 0.414195, 0.403209, 0.99548, 0.13669, 0.722133, 0.769783], [0.634315, 0.793415, 0.152505, 0.394773, 0.705323, 0.834216, 0, 0.428259, 0.184448, 0.962372, 0.651981, 0.356412, 0.917603, 0.777506], [0.306753, 0.248329, 0.531703, 0.102533, 0.074243, 0.613074, 0.810312, 0, 0.95297, 0.545122, 0.709352, 0.566437, 0.996559, 0.643611], [0.003884, 0.036703, 0.78598, 0.884582, 0.462318, 0.37386, 0.221165, 0.733575, 0, 0.338581, 0.514406, 0.082394, 0.5446, 0.147237], [0.160643, 0.514808, 0.152992, 0.896862, 0.630096, 0.13739, 0.350872, 0.757082, 0.807335, 0, 0.760783, 0.35039, 0.705179, 0.117534], [0.256678, 0.216361, 0.071948, 0.533419, 0.218051, 0.131027, 0.88766, 0.971321, 0.768103, 0.470236, 0, 0.534964, 0.668391, 0.333635], [0.251256, 0.343348, 0.88279, 0.666656, 0.955005, 0.839687, 0.682323, 0.379205, 0.738373, 0.081425, 0.070949, 0, 0.103273, 0.358229], [0.416856, 0.402931, 0.614903, 0.664118, 0.67899, 0.846448, 0.685948, 0.868271, 0.938667, 0.774919, 0.595804, 0.43045, 0, 0.300407], [0.645126, 0.984456, 0.659356, 0.792396, 0.233675, 0.768717, 0.557228, 0.541531, 0.975288, 0.082116, 0.495427, 0.825044, 0.833836, 0]]}