{"v_num": 14, "mat": [[0, 0.688725, 0.939824, 0.73096, 0.307987, 0.865451, 0.243076, 0.580872, 0.099167, 0.909091, 0.434365, 0.202497, 0.143413, 0.124379], [0.425261, 0, 0.666183, 0.467051, 0.686693, 0.87952, 0.756227, 0.095304, 0.608423, 0.63101, 0.655414, 0.656476, 0.429665, 0.445358], [0.555337, 0.043173, 0, 0.083914, 0.242776, 0.565036, 0.724044, 0.621791, 0.891078, 0.742104, 0.312031, 0.535193, 0.174366, 0.682936], [0.062303, 0.958642, 0.599691, 0, 0.743525, 0.566646, 0.851346, 0.618029, 0.032309, 0.809739, 0.954319, 0.393466, 0.051825, 0.95346], [0.758796, 0.340514, 0.134405, 0.015994, 0, 0.224502, 0.812536, 0.236805, 0.630228, 0.798528, 0.250399, 0.604598, 0.292819, 0.768408], [0.88228, 0.525606, 0.658438, 0.411871, 0.197267, 0, 0.474073, 0.870248, 0.79482, 0.593049, 0.535496, 0.394366, 0.628636, 0.818645], [0.90527, 0.392234, 0.738086, 0.525662, 0.632638, 0.547431, 0, 0.305499, 0.969417, 0.932763, 0.059767, 0.554151, 0.457836, 0.982555], [0.264883, 0.67516, 0.257609, 0.197614, 0.404917, 0.234056, 0.984247, 0, 0.95261, 0.373219, 0.554149, 0.098828, 0.380654, 0.435376], [0.533542, 0.778838, 0.94407, 0.465604, 0.34498, 0.852773, 0.82628, 0.994565, 0, 0.034317, 0.290953, 0.606105, 0.928235, 0.894306], [0.315976, 0.227066, 0.136771, 0.736422, 0.891707, 0.911049, 0.818654, 0.239661, 0.910602, 0, 0.772077, 0.989408, 0.02591, 0.143047], [0.757249, 0.626642, 0.910135, 0.845858, 0.868871, 0.278582, 0.757119, 0.091056, 0.866676, 0.993118, 0, 0.212629, 0.862128, 0.381716], [0.506758, 0.463745, 0.971353, 0.452105, 0.886528, 0.627415, 0.656549, 0.302866, 0.28974, 0.606054, 0.20544, 0, 0.73404, 0.477811], [0.927068, 0.069493, 0.362693, 0.792926, 0.991711, 0.850126, 0.86204, 0.048023, 0.000525, 0.208515, 0.762015, 0.330404, 0, 0.863016], [0.255755, 0.819138, 0.974932, 0.359623, 0.76277, 0.142385, 0.729136, 0.139685, 0.544067, 0.238872, 0.260281, 0.637146, 0.8668, 0]]}