{"v_num": 14, "mat": [[0, 0.079069, 0.436546, 0.909348, 0.523174, 0.264435, 0.207856, 0.501837, 0.022381, 0.680965, 0.505965, 0.247976, 0.101941, 0.884705], [0.704925, 0, 0.082082, 0.950886, 0.131323, 0.850393, 0.544381, 0.851911, 0.762865, 0.094475, 0.769983, 0.033532, 0.119849, 0.346622], [0.317355, 0.583009, 0, 0.303454, 0.597085, 0.224528, 0.437658, 0.571352, 0.202299, 0.126625, 0.15978, 0.681545, 0.233946, 0.441349], [0.956774, 0.900457, 0.788661, 0, 0.796872, 0.897563, 0.064419, 0.864753, 0.65941, 0.399897, 0.227952, 0.487166, 0.693517, 0.412563], [0.472522, 0.372176, 0.537389, 0.394216, 0, 0.165222, 0.854129, 0.38651, 0.132963, 0.767382, 0.87712, 0.011292, 0.897468, 0.256499], [0.513748, 0.711172, 0.525792, 0.816166, 0.292794, 0, 0.019223, 0.663259, 0.182351, 0.837045, 0.317645, 0.244989, 0.142169, 0.279126], [0.911106, 0.762618, 0.674083, 0.803733, 0.633109, 0.401843, 0, 0.981009, 0.999913, 0.217311, 0.983048, 0.034578, 0.391543, 0.74151], [0.945703, 0.767249, 0.640346, 0.479981, 0.38532, 0.501233, 0.971091, 0, 0.138988, 0.344165, 0.675559, 0.593509, 0.273458, 0.612278], [0.305862, 0.093801, 0.262479, 0.176288, 0.741597, 0.050015, 0.416573, 0.382171, 0, 0.534841, 0.918618, 0.237336, 0.196554, 0.343172], [0.303103, 0.688516, 0.302885, 0.436749, 0.66005, 0.924956, 0.758336, 0.083867, 0.79059, 0, 0.88836, 0.502675, 0.654724, 0.958501], [0.92384, 0.740944, 0.182926, 0.318515, 0.06963, 0.739233, 0.743482, 0.381631, 0.804024, 0.589598, 0, 0.018627, 0.16562, 0.553915], [0.521578, 0.524772, 0.007982, 0.586534, 0.542894, 0.57216, 0.35989, 0.935075, 0.658213, 0.439375, 0.506556, 0, 0.090959, 0.613412], [0.628751, 0.82682, 0.731801, 0.07504, 0.213284, 0.243965, 0.099652, 0.562645, 0.099075, 0.591845, 0.601757, 0.042657, 0, 0.184132], [0.305044, 0.749145, 0.052814, 0.995203, 0.343151, 0.182406, 0.541789, 0.549884, 0.842735, 0.886742, 0.595429, 0.469805, 0.023771, 0]]}