{"v_num": 14, "mat": [[0, 0.113537, 0.936307, 0.616137, 0.029913, 0.958799, 0.836234, 0.624296, 0.012551, 0.918279, 0.169852, 0.764255, 0.053148, 0.415194], [0.409298, 0, 0.850398, 0.537297, 0.415683, 0.464403, 0.177826, 0.584372, 0.026925, 0.141876, 0.431904, 0.882573, 0.940039, 0.74591], [0.629809, 0.933947, 0, 0.092341, 0.584287, 0.791043, 0.464464, 0.34534, 0.451772, 0.991961, 0.442201, 0.14299, 0.64379, 0.931895], [0.300637, 0.893591, 0.573958, 0, 0.470612, 0.474566, 0.032522, 0.35092, 0.629368, 0.830965, 0.958882, 0.366833, 0.789215, 0.188705], [0.456362, 0.22225, 0.74098, 0.080189, 0, 0.987022, 0.514999, 0.376846, 0.22791, 0.126696, 0.18904, 0.397372, 0.477031, 0.907839], [0.079389, 0.042684, 0.834595, 0.698225, 0.943976, 0, 0.235291, 0.348727, 0.814563, 0.210276, 0.838055, 0.264037, 0.749416, 0.139746], [0.740342, 0.726145, 0.689107, 0.774749, 0.047822, 0.34666, 0, 0.712654, 0.072785, 0.716841, 0.315485, 0.313298, 0.610585, 0.16169], [0.716827, 0.049978, 0.958391, 0.951919, 0.414241, 0.717948, 0.356068, 0, 0.111145, 0.974896, 0.406264, 0.489292, 0.521646, 0.742115], [0.580261, 0.172764, 0.359023, 0.384001, 0.340607, 0.861822, 0.644775, 0.012849, 0, 0.644084, 0.746629, 0.301855, 0.707743, 0.691861], [0.733824, 0.00923, 0.584584, 0.160322, 0.786341, 0.615887, 0.560785, 0.168222, 0.498049, 0, 0.848322, 0.485388, 0.335035, 0.92528], [0.182926, 0.367406, 0.112222, 0.103258, 0.490352, 0.401615, 0.751661, 0.219322, 0.159341, 0.003202, 0, 0.95941, 0.454307, 0.021694], [0.956334, 0.434695, 0.455965, 0.810571, 0.966574, 0.681671, 0.76263, 0.517288, 0.115296, 0.152452, 0.426162, 0, 0.479869, 0.676404], [0.985365, 0.977319, 0.930951, 0.596659, 0.607086, 0.005451, 0.729788, 0.805819, 0.524716, 0.494045, 0.191516, 0.448444, 0, 0.076435], [0.919608, 0.613458, 0.485946, 0.865042, 0.715176, 0.017454, 0.489787, 0.798761, 0.302418, 0.535464, 0.273266, 0.749498, 0.468141, 0]]}