{"v_num": 14, "mat": [[0, 0.967232, 0.909584, 0.876164, 0.923741, 0.665516, 0.47137, 0.796031, 0.36513, 0.768535, 0.913094, 0.64755, 0.838121, 0.314389], [0.223905, 0, 0.636557, 0.944189, 0.451149, 0.461283, 0.985978, 0.61535, 0.332552, 0.098207, 0.289523, 0.396338, 0.137497, 0.188922], [0.349486, 0.998064, 0, 0.599159, 0.686041, 0.71557, 0.533333, 0.771709, 0.065717, 0.836234, 0.426649, 0.534993, 0.865918, 0.196997], [0.57769, 0.265805, 0.757696, 0, 0.136092, 0.596466, 0.607787, 0.389473, 0.422635, 0.537174, 0.096811, 0.971437, 0.884862, 0.918701], [0.644211, 0.668898, 0.144974, 0.639872, 0, 0.814764, 0.706087, 0.983162, 0.7449, 0.687579, 0.137337, 0.841828, 0.615453, 0.257388], [0.432702, 0.68552, 0.424794, 0.87252, 0.370201, 0, 0.777861, 0.420648, 0.025919, 0.21654, 0.381354, 0.015641, 0.348015, 0.70701], [0.49307, 0.465975, 0.207793, 0.32821, 0.789019, 0.385389, 0, 0.629189, 0.632475, 0.907833, 0.528481, 0.154742, 0.266588, 0.597682], [0.715565, 0.678914, 0.775096, 0.611629, 0.237727, 0.813084, 0.377637, 0, 0.373571, 0.392051, 0.367633, 0.719298, 0.339312, 0.080088], [0.780768, 0.67206, 0.02845, 0.728949, 0.546771, 0.273914, 0.116703, 0.219478, 0, 0.411118, 0.46186, 0.614397, 0.604303, 0.850583], [0.453965, 0.265371, 0.974601, 0.470082, 0.208338, 0.490476, 0.346182, 0.565962, 0.241652, 0, 0.106714, 0.017119, 0.08257, 0.795922], [0.910825, 0.50174, 0.768826, 0.598309, 0.595014, 0.355377, 0.135314, 0.924306, 0.457898, 0.544283, 0, 0.180038, 0.818855, 0.695429], [0.978987, 0.01388, 0.660468, 0.223214, 0.480674, 0.731635, 0.482637, 0.460896, 0.845578, 0.785949, 0.236767, 0, 0.352776, 0.207907], [0.244734, 0.21429, 0.16119, 0.198667, 0.545605, 0.891353, 0.951691, 0.009, 0.004417, 0.047475, 0.432214, 0.830386, 0, 0.557414], [0.466112, 0.840314, 0.03643, 0.713585, 0.69601, 0.259505, 0.430719, 0.035878, 0.165031, 0.685424, 0.346442, 0.897011, 0.43803, 0]]}