{"v_num": 14, "mat": [[0, 0.814651, 0.174286, 0.276387, 0.804993, 0.101592, 0.472188, 0.59009, 0.591166, 0.596119, 0.865157, 0.963937, 0.227429, 0.218455], [0.66613, 0, 0.479302, 0.079082, 0.434742, 0.384209, 0.074043, 0.860827, 0.698358, 0.248447, 0.198969, 0.809048, 0.583662, 0.627716], [0.759386, 0.099281, 0, 0.562748, 0.059682, 0.592895, 0.893793, 0.894984, 0.348656, 0.4473, 0.640168, 0.773892, 0.762078, 0.264676], [0.616231, 0.53019, 0.411574, 0, 0.436627, 0.551924, 0.402195, 0.955238, 0.86013, 0.512673, 0.410703, 0.312951, 0.901715, 0.470604], [0.00637, 0.180417, 0.255268, 0.478759, 0, 0.701872, 0.821937, 0.667688, 0.231818, 0.222435, 0.984868, 0.018325, 0.910164, 0.600929], [0.562257, 0.249137, 0.183849, 0.516517, 0.452186, 0, 0.639035, 0.733034, 0.169732, 0.156906, 0.525252, 0.509373, 0.498948, 0.086889], [0.673925, 0.180931, 0.662535, 0.178379, 0.733526, 0.926225, 0, 0.009819, 0.116724, 0.517077, 0.832519, 0.58427, 0.826992, 0.595706], [0.75481, 0.196032, 0.401903, 0.184876, 0.388521, 0.294792, 0.796487, 0, 0.953838, 0.023862, 0.148881, 0.954289, 0.100515, 0.671904], [0.622478, 0.196887, 0.817275, 0.854355, 0.963127, 0.285398, 0.020057, 0.174939, 0, 0.338972, 0.186493, 0.773208, 0.3332, 0.302675], [0.991178, 0.158431, 0.342894, 0.289597, 0.946386, 0.767967, 0.17446, 0.930533, 0.938683, 0, 0.113136, 0.998714, 0.824111, 0.238562], [0.013323, 0.007923, 0.263139, 0.07689, 0.992009, 0.366596, 0.497543, 0.616348, 0.212997, 0.436311, 0, 0.662969, 0.132008, 0.911039], [0.105249, 0.075013, 0.249448, 0.809254, 0.053448, 0.075691, 0.493011, 0.310004, 0.283093, 0.007865, 0.104975, 0, 0.676417, 0.121512], [0.419404, 0.717877, 0.496029, 0.198474, 0.518585, 0.429461, 0.331825, 0.874814, 0.721042, 0.640209, 0.509309, 0.528575, 0, 0.063826], [0.740461, 0.828635, 0.891474, 0.109862, 0.259056, 0.855727, 0.301594, 0.570767, 0.225776, 0.179436, 0.76496, 0.11091, 0.138286, 0]]}