{"v_num": 14, "mat": [[0, 0.455645, 0.582106, 0.967562, 0.755137, 0.539769, 0.119798, 0.206662, 0.693887, 0.912241, 0.643998, 0.142299, 0.323888, 0.89998], [0.016427, 0, 0.829728, 0.26525, 0.525283, 0.098751, 0.039966, 0.815923, 0.569975, 0.988108, 0.922945, 0.380677, 0.403677, 0.901452], [0.841887, 0.45611, 0, 0.281591, 0.699126, 0.995196, 0.235582, 0.491985, 0.725903, 0.409886, 0.011491, 0.005298, 0.504682, 0.00747], [0.67086, 0.552028, 0.932743, 0, 0.181221, 0.89816, 0.790747, 0.124059, 0.415307, 0.409535, 0.751967, 0.529413, 0.295668, 0.482402], [0.899213, 0.626357, 0.882661, 0.878293, 0, 0.046042, 0.172092, 0.215578, 0.90943, 0.536207, 0.088437, 0.70635, 0.726839, 0.000667], [0.823373, 0.625757, 0.497899, 0.300335, 0.686678, 0, 0.213844, 0.707765, 0.01116, 0.228249, 0.726028, 0.05, 0.330723, 0.339573], [0.488898, 0.297117, 0.890074, 0.275961, 0.426486, 0.362143, 0, 0.771755, 0.915272, 0.860385, 0.94011, 0.97268, 0.349027, 0.388131], [0.765549, 0.604323, 0.264571, 0.800319, 0.46521, 0.332656, 0.702129, 0, 0.14265, 0.158001, 0.9805, 0.032397, 0.356033, 0.986514], [0.879722, 0.107365, 0.090807, 0.902964, 0.940366, 0.667953, 0.712731, 0.142725, 0, 0.288874, 0.097616, 0.885328, 0.32627, 0.601462], [0.098415, 0.388489, 0.951942, 0.47187, 0.868394, 0.72045, 0.469317, 0.082393, 0.448564, 0, 0.509274, 0.632153, 0.449029, 0.052077], [0.151092, 0.800959, 0.4664, 0.529443, 0.226349, 0.267405, 0.587116, 0.209702, 0.354859, 0.517587, 0, 0.615989, 0.503054, 0.105208], [0.185258, 0.576212, 0.129287, 0.951685, 0.330414, 0.128413, 0.385652, 0.771142, 0.335844, 0.09005, 0.54842, 0, 0.076764, 0.016972], [0.977636, 0.055717, 0.676119, 0.257609, 0.914493, 0.981278, 0.592803, 0.992768, 0.703318, 0.245738, 0.480869, 0.346128, 0, 0.930748], [0.575167, 0.244486, 0.155712, 0.915199, 0.920303, 0.349129, 0.10016, 0.610001, 0.044007, 0.934611, 0.920619, 0.235289, 0.753396, 0]]}