{"v_num": 14, "mat": [[0, 0.778455, 0.305504, 0.205368, 0.847749, 0.08676, 0.535631, 0.279327, 0.766862, 0.871975, 0.196686, 0.461103, 0.271168, 0.304493], [0.70523, 0, 0.404917, 0.532533, 0.635632, 0.869419, 0.70775, 0.417478, 0.791261, 0.188672, 0.410374, 0.663582, 0.187279, 0.694488], [0.034325, 0.365287, 0, 0.295031, 0.382203, 0.473969, 0.226963, 0.001059, 0.788189, 0.225956, 0.238466, 0.171365, 0.271331, 0.742747], [0.526195, 0.123021, 0.668199, 0, 0.185623, 0.747001, 0.369122, 0.208123, 0.091531, 0.393812, 0.979118, 0.46867, 0.478439, 0.005334], [0.275234, 0.066767, 0.852985, 0.644579, 0, 0.451642, 0.951101, 0.104657, 0.439441, 0.264643, 0.565311, 0.672027, 0.982118, 0.848225], [0.816855, 0.296548, 0.619743, 0.587722, 0.79507, 0, 0.199641, 0.369321, 0.999992, 0.573497, 0.802906, 0.375381, 0.806901, 0.166205], [0.997705, 0.058628, 0.28547, 0.047096, 0.777452, 0.141963, 0, 0.370973, 0.373917, 0.183466, 0.997841, 0.373834, 0.611061, 0.29268], [0.658844, 0.978072, 0.691145, 0.596659, 0.251486, 0.247799, 0.989055, 0, 0.253423, 0.506034, 0.587863, 0.615776, 0.485287, 0.971737], [0.019698, 0.102531, 0.714772, 0.008568, 0.757346, 0.513954, 0.914903, 0.104678, 0, 0.027882, 0.356166, 0.948598, 0.389733, 0.54333], [0.777114, 0.206047, 0.182654, 0.157025, 0.518175, 0.725897, 0.287187, 0.488871, 0.338482, 0, 0.57949, 0.759543, 0.361046, 0.01014], [0.758196, 0.207377, 0.384658, 0.54958, 0.239104, 0.671929, 0.26014, 0.906352, 0.949889, 0.522915, 0, 0.084625, 0.981012, 0.640126], [0.800216, 0.697382, 0.387613, 0.721377, 0.589689, 0.186459, 0.770288, 0.358048, 0.509251, 0.395128, 0.822956, 0, 0.037689, 0.361856], [0.77247, 0.772345, 0.637272, 0.453054, 0.182657, 0.259498, 0.742732, 0.557276, 0.607594, 0.504917, 0.550643, 0.564991, 0, 0.636273], [0.898847, 0.479589, 0.956709, 0.126396, 0.430701, 0.633529, 0.185625, 0.101253, 0.159212, 0.230617, 0.555129, 0.886741, 0.965464, 0]]}