{"v_num": 14, "mat": [[0, 0.147213, 0.401856, 0.096285, 0.844727, 0.838093, 0.801375, 0.728939, 0.419151, 0.158348, 0.611267, 0.323072, 0.567373, 0.241143], [0.300801, 0, 0.236777, 0.226601, 0.959094, 0.056898, 0.090356, 0.353944, 0.863498, 0.769352, 0.084977, 0.187939, 0.046799, 0.050775], [0.300155, 0.068082, 0, 0.419786, 0.59701, 0.135768, 0.675947, 0.692139, 0.758151, 0.588871, 0.159884, 0.410273, 0.161014, 0.596919], [0.364032, 0.622361, 0.993302, 0, 0.862851, 0.319743, 0.669035, 0.98763, 0.130286, 0.087201, 0.671687, 0.804697, 0.58558, 0.109976], [0.312421, 0.116082, 0.719403, 0.963623, 0, 0.888463, 0.184823, 0.181522, 0.61308, 0.020622, 0.601857, 0.849506, 0.663402, 0.78653], [0.841119, 0.777665, 0.047266, 0.997671, 0.694443, 0, 0.324979, 0.99989, 0.281515, 0.447984, 0.685402, 0.46541, 0.791588, 0.607066], [0.24863, 0.504473, 0.833167, 0.355687, 0.890067, 0.046094, 0, 0.098611, 0.916469, 0.212888, 0.195467, 0.813664, 0.275074, 0.725505], [0.426825, 0.116788, 0.146334, 0.514502, 0.003938, 0.412529, 0.942173, 0, 0.223011, 0.856941, 0.140906, 0.098614, 0.024357, 0.638797], [0.055745, 0.937125, 0.620561, 0.189155, 0.426874, 0.167515, 0.112466, 0.999975, 0, 0.74479, 0.657976, 0.359028, 0.313384, 0.14723], [0.226064, 0.547877, 0.530359, 0.138063, 0.036944, 0.76283, 0.559282, 0.575892, 0.528386, 0, 0.980168, 0.881078, 0.715845, 0.29043], [0.952188, 0.368758, 0.785566, 0.711026, 0.197416, 0.866306, 0.694858, 0.622977, 0.421163, 0.48941, 0, 0.812155, 0.809149, 0.184162], [0.424704, 0.845223, 0.599718, 0.206518, 0.845534, 0.819154, 0.766563, 0.218527, 0.004511, 0.134481, 0.986977, 0, 0.61252, 0.065811], [0.698204, 0.384861, 0.020295, 0.6941, 0.036531, 0.676589, 0.447112, 0.473192, 0.195397, 0.772527, 0.41427, 0.924018, 0, 0.893525], [0.717916, 0.5826, 0.716994, 0.492089, 0.587031, 0.764127, 0.574164, 0.286938, 0.401848, 0.158954, 0.826455, 0.921933, 0.749647, 0]]}