{"v_num": 14, "mat": [[0, 0.174128, 0.633713, 0.134023, 0.26479, 0.282117, 0.970261, 0.1422, 0.568723, 0.026673, 0.772666, 0.749483, 0.280893, 0.403082], [0.257466, 0, 0.532114, 0.357915, 0.990063, 0.864864, 0.43611, 0.562011, 0.67287, 0.352959, 0.261992, 0.440987, 0.328099, 0.54475], [0.130958, 0.859046, 0, 0.69833, 0.322628, 0.211061, 0.961015, 0.24117, 0.585957, 0.946738, 0.472339, 0.901593, 0.127221, 0.58232], [0.395612, 0.744583, 0.58083, 0, 0.609462, 0.445744, 0.663395, 0.056886, 0.486157, 0.714201, 0.691641, 0.240087, 0.753213, 0.982799], [0.951537, 0.703848, 0.878691, 0.815761, 0, 0.275274, 0.537639, 0.151839, 0.191755, 0.269809, 0.398591, 0.98598, 0.570671, 0.872699], [0.288667, 0.479973, 0.937097, 0.065686, 0.893046, 0, 0.056151, 0.807154, 0.027142, 0.011662, 0.518133, 0.137092, 0.099218, 0.222779], [0.864649, 0.472593, 0.491087, 0.508963, 0.49089, 0.419099, 0, 0.529339, 0.22793, 0.894798, 0.330349, 0.703286, 0.571759, 0.357299], [0.75251, 0.870345, 0.479681, 0.151217, 0.505122, 0.396166, 0.16746, 0, 0.681203, 0.131358, 0.722839, 0.410572, 0.99291, 0.42869], [0.400931, 0.472501, 0.408169, 0.24905, 0.652482, 0.35283, 0.01987, 0.295286, 0, 0.186826, 0.251087, 0.164693, 0.669552, 0.211226], [0.670698, 0.268197, 0.828673, 0.759266, 0.097462, 0.624414, 0.834763, 0.616597, 0.70982, 0, 0.061254, 0.445325, 0.734607, 0.798407], [0.477287, 0.714946, 0.297822, 0.88965, 0.829537, 0.786796, 0.180464, 0.681496, 0.714661, 0.405617, 0, 0.367594, 0.728175, 0.78241], [0.299002, 0.389704, 0.479477, 0.801257, 0.791656, 0.743977, 0.688108, 0.825744, 0.529044, 0.414463, 0.135254, 0, 0.888297, 0.655203], [0.549095, 0.68903, 0.015568, 0.671387, 0.446871, 0.354012, 0.852757, 0.140388, 0.81479, 0.88988, 0.046182, 0.119281, 0, 0.642657], [0.173471, 0.142981, 0.18129, 0.277983, 0.231356, 0.613436, 0.763415, 0.53817, 0.795818, 0.189437, 0.416554, 0.183741, 0.235895, 0]]}