{"v_num": 14, "mat": [[0, 0.981827, 0.756276, 0.100854, 0.161213, 0.663064, 0.65437, 0.936276, 0.412144, 0.639147, 0.412874, 0.599489, 0.940463, 0.28061], [0.123466, 0, 0.080981, 0.422292, 0.38449, 0.281868, 0.047927, 0.499543, 0.987863, 0.543006, 0.951216, 0.381973, 0.880193, 0.518139], [0.018759, 0.104831, 0, 0.49378, 0.165595, 0.071148, 0.488644, 0.685276, 0.452764, 0.66641, 0.712655, 0.109952, 0.845993, 0.080489], [0.412117, 0.488532, 0.519333, 0, 0.154948, 0.983751, 0.495593, 0.943783, 0.322243, 0.723299, 0.696628, 0.477077, 0.249562, 0.484963], [0.958922, 0.600822, 0.018754, 0.735913, 0, 0.076301, 0.995047, 0.038371, 0.534722, 0.925306, 0.107308, 0.852047, 0.763102, 0.773147], [0.798306, 0.304978, 0.810114, 0.647243, 0.394928, 0, 0.352402, 0.019889, 0.424403, 0.615652, 0.339543, 0.505787, 0.185885, 0.111308], [0.022389, 0.90044, 0.375256, 0.700365, 0.346471, 0.374021, 0, 0.080268, 0.132443, 0.082068, 0.189412, 0.829703, 0.258315, 0.147625], [0.702357, 0.527632, 0.20484, 0.847122, 0.924601, 0.595607, 0.251857, 0, 0.05401, 0.797936, 0.507167, 0.66327, 0.511195, 0.130432], [0.719901, 0.474548, 0.057547, 0.517362, 0.406601, 0.027865, 0.135907, 0.165298, 0, 0.982579, 0.586409, 0.748246, 0.978126, 0.865586], [0.156093, 0.495542, 0.603802, 0.594552, 0.308919, 0.586837, 0.732561, 0.254351, 0.32233, 0, 0.095439, 0.703126, 0.046542, 0.303495], [0.953795, 0.662766, 0.492307, 0.481179, 0.701637, 0.765278, 0.140932, 0.750529, 0.67119, 0.540503, 0, 0.084633, 0.667957, 0.643444], [0.57643, 0.589806, 0.020101, 0.587107, 0.25252, 0.346192, 0.506394, 0.66111, 0.43324, 0.065313, 0.929464, 0, 0.811656, 0.883185], [0.645793, 0.368261, 0.359568, 0.734758, 0.172343, 0.38469, 0.965807, 0.089069, 0.418783, 0.212009, 0.770123, 0.240432, 0, 0.501961], [0.305948, 0.345785, 0.096338, 0.560039, 0.272447, 0.910551, 0.855637, 0.894973, 0.882872, 0.271117, 0.352461, 0.969464, 0.476645, 0]]}