{"v_num": 14, "mat": [[0, 0.118787, 0.451308, 0.629029, 0.87234, 0.702131, 0.038288, 0.720261, 0.716263, 0.729217, 0.265156, 0.719622, 0.74995, 0.47523], [0.831864, 0, 0.380887, 0.488943, 0.646101, 0.358841, 0.80085, 0.232334, 0.961181, 0.690843, 0.603605, 0.116938, 0.710899, 0.65014], [0.094455, 0.20944, 0, 0.895988, 0.728035, 0.661839, 0.376095, 0.971315, 0.415611, 0.711346, 0.506253, 0.239013, 0.662357, 0.123249], [0.391408, 0.40025, 0.473317, 0, 0.885391, 0.903503, 0.079152, 0.077203, 0.455044, 0.966563, 0.603352, 0.397054, 0.51714, 0.803653], [0.373348, 0.007707, 0.707166, 0.36574, 0, 0.673029, 0.775215, 0.73873, 0.413984, 0.391609, 0.546588, 0.869733, 0.509934, 0.382141], [0.145502, 0.32933, 0.090633, 0.704689, 0.212911, 0, 0.637238, 0.214575, 0.242314, 0.496302, 0.889784, 0.841062, 0.518218, 0.788068], [0.05229, 0.222495, 0.146108, 0.458154, 0.543719, 0.378659, 0, 0.173459, 0.715132, 0.677383, 0.200729, 0.352243, 0.361942, 0.705135], [0.192713, 0.925022, 0.275662, 0.606604, 0.688311, 0.319096, 0.084448, 0, 0.392908, 0.137318, 0.315737, 0.635072, 0.420447, 0.411151], [0.123287, 0.49973, 0.393611, 0.071453, 0.027277, 0.374799, 0.532837, 0.927896, 0, 0.068097, 0.766937, 0.146297, 0.292168, 0.837771], [0.611231, 0.493337, 0.270797, 0.829498, 0.317924, 0.525105, 0.580113, 0.03529, 0.037624, 0, 0.614422, 0.159134, 0.510621, 0.798181], [0.181919, 0.235346, 0.413546, 0.351672, 0.372457, 0.253711, 0.883721, 0.700494, 0.418027, 0.499155, 0, 0.825133, 0.060481, 0.124709], [0.507956, 0.760976, 0.513588, 0.964459, 0.245696, 0.294998, 0.190173, 0.823033, 0.496886, 0.190868, 0.675717, 0, 0.208071, 0.055727], [0.329016, 0.933756, 0.142679, 0.879537, 0.277184, 0.866481, 0.206528, 0.01904, 0.09174, 0.238816, 0.437576, 0.984808, 0, 0.397095], [0.737458, 0.201295, 0.834023, 0.087664, 0.110726, 0.135133, 0.889397, 0.35452, 0.308761, 0.802863, 0.18567, 0.503387, 0.790917, 0]]}