{"v_num": 14, "mat": [[0, 0.245707, 0.146371, 0.887218, 0.992628, 0.277695, 0.714961, 0.202186, 0.140373, 0.980025, 0.805394, 0.847476, 0.691443, 0.090728], [0.227159, 0, 0.232362, 0.705753, 0.564645, 0.431244, 0.635231, 0.018634, 0.977495, 0.290973, 0.347331, 0.838988, 0.599395, 0.300081], [0.481731, 0.538915, 0, 0.032718, 0.901811, 0.541186, 0.23011, 0.324604, 0.780471, 0.863529, 0.713059, 0.623189, 0.86747, 0.153226], [0.158664, 0.17351, 0.391708, 0, 0.079193, 0.2125, 0.523574, 0.883178, 0.837884, 0.066589, 0.416491, 0.038692, 0.160833, 0.650442], [0.017538, 0.710584, 0.733601, 0.629569, 0, 0.798581, 0.358513, 0.690249, 0.959649, 0.599334, 0.662759, 0.677088, 0.118908, 0.439327], [0.794054, 0.180386, 0.728301, 0.878408, 0.772758, 0, 0.876342, 0.120305, 0.646021, 0.144955, 0.308029, 0.181011, 0.501114, 0.388502], [0.691309, 0.607034, 0.177301, 0.874762, 0.55814, 0.706986, 0, 0.117676, 0.229658, 0.933346, 0.938428, 0.667736, 0.981598, 0.296058], [0.142682, 0.306409, 0.337187, 0.135081, 0.895667, 0.50707, 0.735859, 0, 0.649641, 0.545589, 0.073326, 0.993455, 0.579425, 0.528767], [0.367741, 0.486337, 0.984083, 0.074061, 0.260653, 0.415404, 0.943736, 0.464413, 0, 0.443115, 0.92431, 0.804379, 0.154409, 0.39359], [0.332116, 0.269199, 0.406185, 0.147265, 0.149901, 0.856941, 0.054546, 0.356429, 0.272572, 0, 0.327012, 0.639205, 0.244387, 0.479267], [0.105829, 0.107273, 0.352011, 0.158477, 0.379766, 0.117869, 0.045539, 0.767912, 0.891599, 0.881411, 0, 0.945793, 0.901599, 0.367119], [0.60376, 0.019757, 0.679172, 0.446163, 0.577207, 0.828685, 0.813006, 0.90181, 0.826133, 0.260104, 0.143178, 0, 0.143181, 0.40319], [0.777924, 0.783523, 0.733814, 0.181283, 0.663699, 0.290209, 0.028844, 0.157183, 0.883762, 0.896905, 0.258114, 0.007324, 0, 0.536728], [0.293182, 0.868632, 0.936708, 0.818829, 0.202902, 0.893714, 0.677258, 0.700637, 0.138354, 0.183982, 0.523956, 0.721658, 0.390705, 0]]}