{"v_num": 14, "mat": [[0, 0.082558, 0.278145, 0.699386, 0.733836, 0.618828, 0.060221, 0.456277, 0.479369, 0.013856, 0.774004, 0.651362, 0.740836, 0.04498], [0.535604, 0, 0.558679, 0.346066, 0.35774, 0.639888, 0.229175, 0.986055, 0.359876, 0.508746, 0.491908, 0.492067, 0.524946, 0.144368], [0.855022, 0.45817, 0, 0.173315, 0.650377, 0.227805, 0.547021, 0.304147, 0.606869, 0.809925, 0.508088, 0.598013, 0.844111, 0.805517], [0.712925, 0.649263, 0.372189, 0, 0.380123, 0.989745, 0.844777, 0.205892, 0.871806, 0.300965, 0.422696, 0.588526, 0.609052, 0.306979], [0.391119, 0.264049, 0.561357, 0.69147, 0, 0.038389, 0.398128, 0.370876, 0.888074, 0.748564, 0.659129, 0.031235, 0.439715, 0.509112], [0.073035, 0.770354, 0.354645, 0.547822, 0.727051, 0, 0.319156, 0.875459, 0.887318, 0.380553, 0.225892, 0.371772, 0.397658, 0.397918], [0.240476, 0.145948, 0.068295, 0.897456, 0.90392, 0.41416, 0, 0.999363, 0.887238, 0.024866, 0.779787, 0.802698, 0.499547, 0.832384], [0.187719, 0.918937, 0.01292, 0.072142, 0.887665, 0.419996, 0.888246, 0, 0.497037, 0.491744, 0.9855, 0.185682, 0.338896, 0.012714], [0.202293, 0.632823, 0.63192, 0.328769, 0.048706, 0.242613, 0.258672, 0.690551, 0, 0.331544, 0.40016, 0.818372, 0.129546, 0.18603], [0.244975, 0.83837, 0.648478, 0.101992, 0.258402, 0.787934, 0.397182, 0.44525, 0.555121, 0, 0.229316, 0.834655, 0.161838, 0.853075], [0.286779, 0.502554, 0.126644, 0.449301, 0.743016, 0.007185, 0.476439, 0.555451, 0.502557, 0.702498, 0, 0.237666, 0.854054, 0.231822], [0.526958, 0.088127, 0.995726, 0.876458, 0.009753, 0.82766, 0.24103, 0.14861, 0.776916, 0.458047, 0.224243, 0, 0.444569, 0.01004], [0.281109, 0.129709, 0.905855, 0.284821, 0.845725, 0.459812, 0.277885, 0.204962, 0.226875, 0.520995, 0.296903, 0.05035, 0, 0.125734], [0.942375, 0.925727, 0.009161, 0.343692, 0.322145, 0.406998, 0.884278, 0.860256, 0.411757, 0.601729, 0.303666, 0.590007, 0.642913, 0]]}