{"v_num": 14, "mat": [[0, 0.889789, 0.365921, 0.139399, 0.928484, 0.885142, 0.557514, 0.335018, 0.65086, 0.189394, 0.789462, 0.254438, 0.643495, 0.168563], [0.367967, 0, 0.06375, 0.758099, 0.415141, 0.681814, 0.462564, 0.430586, 0.207738, 0.342488, 0.400654, 0.444138, 0.151234, 0.780908], [0.527985, 0.914715, 0, 0.353661, 0.18976, 0.963901, 0.652746, 0.084275, 0.314955, 0.722475, 0.454687, 0.997807, 0.625375, 0.204466], [0.218587, 0.326203, 0.237517, 0, 0.212477, 0.82802, 0.244009, 0.557382, 0.486377, 0.324014, 0.42023, 0.79056, 0.172874, 0.557876], [0.754651, 0.796722, 0.602806, 0.858411, 0, 0.674412, 0.530062, 0.762525, 0.935811, 0.47491, 0.530351, 0.452831, 0.967066, 0.08279], [0.158795, 0.580471, 0.038317, 0.565608, 0.993489, 0, 0.976273, 0.894194, 0.387856, 0.507015, 0.426203, 0.676937, 0.033804, 0.96122], [0.61773, 0.149151, 0.952167, 0.386562, 0.515125, 0.790705, 0, 0.624199, 0.071992, 0.931913, 0.073244, 0.179566, 0.987737, 0.757177], [0.710014, 0.866499, 0.003332, 0.991574, 0.964024, 0.823873, 0.754007, 0, 0.906644, 0.090605, 0.897995, 0.818754, 0.90601, 0.256776], [0.944855, 0.285654, 0.60366, 0.07679, 0.644545, 0.023928, 0.624469, 0.586826, 0, 0.953611, 0.185907, 0.768552, 0.671079, 0.781331], [0.537136, 0.76347, 0.832738, 0.042186, 0.41981, 0.008339, 0.847204, 0.490295, 0.178151, 0, 0.97666, 0.567519, 0.888965, 0.640591], [0.129087, 0.832777, 0.881252, 0.062774, 0.176595, 0.969551, 0.381119, 0.194802, 0.683073, 0.040834, 0, 0.629801, 0.448102, 0.676179], [0.561221, 0.352034, 0.551038, 0.758878, 0.092531, 0.086667, 0.653467, 0.010834, 0.386961, 0.01073, 0.500984, 0, 0.612402, 0.385138], [0.811163, 0.126998, 0.652092, 0.944046, 0.774317, 0.735537, 0.636197, 0.255729, 0.076074, 0.742407, 0.253758, 0.750049, 0, 0.914989], [0.52889, 0.734712, 0.555404, 0.551887, 0.190248, 0.158655, 0.403054, 0.860037, 0.629518, 0.677725, 0.160379, 0.158157, 0.888258, 0]]}