{"v_num": 14, "mat": [[0, 0.438619, 0.763606, 0.007396, 0.82102, 0.431993, 0.670604, 0.366965, 0.754579, 0.161542, 0.923383, 0.437198, 0.417649, 0.443394], [0.369906, 0, 0.431374, 0.814117, 0.307969, 0.858158, 0.606539, 0.939199, 0.725483, 0.294923, 0.862186, 0.940207, 0.299593, 0.994472], [0.484067, 0.700785, 0, 0.741263, 0.606423, 0.022997, 0.786007, 0.88591, 0.420075, 0.868424, 0.146276, 0.529816, 0.539522, 0.21086], [0.609011, 0.672684, 0.839722, 0, 0.448795, 0.291825, 0.215983, 0.574499, 0.017366, 0.643283, 0.733156, 0.58013, 0.376038, 0.54647], [0.322116, 0.773748, 0.124626, 0.525997, 0, 0.457205, 0.71917, 0.880854, 0.669661, 0.449887, 0.73061, 0.477597, 0.653204, 0.932488], [0.608467, 0.154847, 0.46859, 0.910642, 0.197154, 0, 0.148334, 0.526936, 0.93334, 0.338643, 0.797829, 0.355925, 0.531573, 0.886432], [0.642241, 0.645473, 0.136167, 0.59336, 0.595711, 0.847327, 0, 0.793688, 0.605165, 0.472355, 0.976941, 0.570328, 0.050368, 0.055246], [0.813274, 0.115666, 0.230697, 0.657278, 0.607069, 0.302112, 0.25373, 0, 0.274328, 0.996069, 0.287491, 0.197173, 0.094122, 0.734626], [0.622413, 0.798942, 0.95512, 0.115833, 0.302368, 0.324727, 0.215146, 0.904684, 0, 0.498135, 0.329169, 0.505301, 0.082021, 0.673973], [0.304182, 0.566729, 0.974788, 0.472647, 0.282172, 0.152537, 0.454985, 0.752945, 0.895025, 0, 0.231896, 0.560255, 0.280888, 0.085459], [0.718566, 0.289617, 0.839526, 0.063258, 0.086629, 0.453306, 0.201305, 0.180942, 0.525299, 0.593837, 0, 0.083062, 0.276585, 0.921169], [0.818564, 0.354569, 0.982581, 0.113655, 0.771163, 0.774241, 0.712901, 0.030867, 0.260864, 0.58999, 0.427916, 0, 0.133968, 0.103998], [0.464462, 0.239914, 0.332674, 0.086029, 0.730755, 0.071613, 0.15205, 0.687525, 0.409121, 0.560084, 0.598522, 0.680188, 0, 0.664991], [0.192084, 0.031928, 0.551237, 0.87151, 0.10291, 0.699166, 0.610559, 0.925625, 0.688493, 0.657079, 0.231329, 0.192492, 0.285786, 0]]}