{"v_num": 14, "mat": [[0, 0.682356, 0.857041, 0.561946, 0.865067, 0.010323, 0.884803, 0.22569, 0.443364, 0.42247, 0.772823, 0.177802, 0.384381, 0.66657], [0.771415, 0, 0.541402, 0.318378, 0.550115, 0.938541, 0.892247, 0.185433, 0.131687, 0.920722, 0.227502, 0.468517, 0.749113, 0.230881], [0.638909, 0.331929, 0, 0.642178, 0.462877, 0.080884, 0.570731, 0.974949, 0.329505, 0.435528, 0.681792, 0.560632, 0.758379, 0.747822], [0.574375, 0.15024, 0.413333, 0, 0.139187, 0.007399, 0.00438, 0.886416, 0.427976, 0.102684, 0.769343, 0.139965, 0.016059, 0.981646], [0.870274, 0.141149, 0.331002, 0.894869, 0, 0.422707, 0.934114, 0.312458, 0.300956, 0.245718, 0.993407, 0.901223, 0.113887, 0.692019], [0.526253, 0.548255, 0.536515, 0.154477, 0.933968, 0, 0.584875, 0.530302, 0.322972, 0.7152, 0.348252, 0.330188, 0.199826, 0.13699], [0.573478, 0.164664, 0.785344, 0.459095, 0.217678, 0.431976, 0, 0.841863, 0.409721, 0.849202, 0.969825, 0.726061, 0.7883, 0.757768], [0.822212, 0.3247, 0.320451, 0.914415, 0.297418, 0.669622, 0.391694, 0, 0.002268, 0.462037, 0.548536, 0.831163, 0.865704, 0.49838], [0.402635, 0.258832, 0.115151, 0.603539, 0.459394, 0.390186, 0.375747, 0.418248, 0, 0.70959, 0.444424, 0.637779, 0.18337, 0.515813], [0.50622, 0.883906, 0.416151, 0.351426, 0.791699, 0.04111, 0.473398, 0.672157, 0.146033, 0, 0.5797, 0.259959, 0.336027, 0.024466], [0.82348, 0.114317, 0.39534, 0.684605, 0.030088, 0.574989, 0.372093, 0.48682, 0.437031, 0.836748, 0, 0.207479, 0.600994, 0.606518], [0.702732, 0.91834, 0.104799, 0.383744, 0.244398, 0.592965, 0.224637, 0.55782, 0.61693, 0.432873, 0.753404, 0, 0.370905, 0.218913], [0.675374, 0.433001, 0.023267, 0.210054, 0.9212, 0.317709, 0.930566, 0.098504, 0.697873, 0.533187, 0.170487, 0.98356, 0, 0.879432], [0.433832, 0.52466, 0.727333, 0.689831, 0.060823, 0.5035, 0.203822, 0.472404, 0.836253, 0.368451, 0.132874, 0.337255, 0.989703, 0]]}