{"v_num": 14, "mat": [[0, 0.971952, 0.768364, 0.055233, 0.481086, 0.693732, 0.197096, 0.836628, 0.188832, 0.953225, 0.554289, 0.997455, 0.103212, 0.529128], [0.443279, 0, 0.396531, 0.165979, 0.077907, 0.605616, 0.826458, 0.307409, 0.942475, 0.834267, 0.992422, 0.20052, 0.685813, 0.416136], [0.420918, 0.670754, 0, 0.363295, 0.548673, 0.385685, 0.572305, 0.597216, 0.840697, 0.385869, 0.144327, 0.685728, 0.413817, 0.614274], [0.85158, 0.010206, 0.399865, 0, 0.922392, 0.662745, 0.36007, 0.536725, 0.840548, 0.416571, 0.033431, 0.487576, 0.757886, 0.076725], [0.770948, 0.641282, 0.657335, 0.566814, 0, 0.080823, 0.714772, 0.072342, 0.991959, 0.40593, 0.366924, 0.430477, 0.499316, 0.067976], [0.872219, 0.624568, 0.357357, 0.766674, 0.678043, 0, 0.50835, 0.508729, 0.650394, 0.806659, 0.183096, 0.96149, 0.413737, 0.601968], [0.896437, 0.366676, 0.15522, 0.522849, 0.064728, 0.474356, 0, 0.954615, 0.06104, 0.448172, 0.291344, 0.566603, 0.590204, 0.784597], [0.956515, 0.404735, 0.744454, 0.876245, 0.196702, 0.187297, 0.855081, 0, 0.048938, 0.840937, 0.606965, 0.191779, 0.840056, 0.973857], [0.104273, 0.692836, 0.780245, 0.284679, 0.63853, 0.072694, 0.511209, 0.610634, 0, 0.97701, 0.334975, 0.070312, 0.068803, 0.271665], [0.130084, 0.00824, 0.621819, 0.57703, 0.199622, 0.828287, 0.624994, 0.171852, 0.475607, 0, 0.491232, 0.815709, 0.193892, 0.941589], [0.560276, 0.644541, 0.296808, 0.654621, 0.364959, 0.379304, 0.133282, 0.88365, 0.33622, 0.071364, 0, 0.684063, 0.165237, 0.718357], [0.533465, 0.700391, 0.181745, 0.206656, 0.543653, 0.294004, 0.432039, 0.279802, 0.154161, 0.253952, 0.784728, 0, 0.463108, 0.402285], [0.186763, 0.107137, 0.274725, 0.647502, 0.35922, 0.107325, 0.560673, 0.749382, 0.075821, 0.279562, 0.254948, 0.238145, 0, 0.716209], [0.539128, 0.88805, 0.493016, 0.725993, 0.655433, 0.173971, 0.814154, 0.269226, 0.674694, 0.719522, 0.001062, 0.540061, 0.419676, 0]]}