{"v_num": 14, "mat": [[0, 0.970261, 0.505871, 0.418129, 0.22623, 0.937912, 0.868946, 0.985986, 0.022132, 0.785061, 0.132858, 0.397355, 0.512212, 0.398474], [0.192983, 0, 0.551902, 0.588816, 0.294018, 0.01322, 0.029595, 0.338131, 0.258542, 0.146017, 0.385057, 0.147539, 0.997646, 0.291788], [0.495613, 0.656143, 0, 0.336938, 0.597495, 0.34399, 0.061498, 0.891252, 0.169616, 0.609065, 0.254648, 0.403501, 0.1487, 0.651766], [0.299698, 0.704899, 0.553086, 0, 0.638396, 0.591031, 0.027669, 0.486255, 0.481257, 0.592577, 0.511097, 0.074729, 0.862237, 0.433855], [0.949005, 0.277606, 0.042284, 0.296703, 0, 0.338509, 0.967295, 0.878717, 0.829892, 0.008236, 0.175401, 0.632616, 0.273777, 0.659002], [0.957752, 0.883054, 0.251001, 0.59738, 0.045326, 0, 0.871713, 0.252026, 0.128916, 0.811282, 0.068392, 0.085403, 0.7194, 0.457754], [0.692525, 0.140281, 0.732067, 0.093335, 0.260803, 0.898266, 0, 0.835144, 0.383842, 0.60591, 0.553725, 0.439266, 0.89866, 0.459475], [0.774995, 0.769478, 0.973925, 0.995351, 0.189545, 0.970367, 0.385442, 0, 0.77009, 0.898829, 0.476691, 0.229575, 0.638284, 0.661751], [0.90831, 0.221993, 0.839591, 0.222267, 0.814202, 0.10705, 0.247853, 0.270116, 0, 0.695396, 0.494421, 0.343426, 0.36231, 0.334737], [0.586667, 0.772032, 0.460584, 0.725431, 0.240373, 0.170887, 0.813357, 0.642157, 0.848318, 0, 0.202741, 0.161204, 0.600227, 0.984655], [0.277912, 0.477561, 0.895688, 0.650436, 0.390216, 0.684906, 0.824814, 0.939387, 0.402258, 0.810173, 0, 0.026378, 0.565811, 0.326362], [0.51495, 0.811951, 0.258199, 0.7047, 0.165795, 0.339645, 0.503174, 0.824269, 0.708389, 0.471076, 0.279594, 0, 0.281657, 0.649101], [0.282071, 0.5118, 0.610743, 0.644452, 0.29927, 0.332209, 0.357922, 0.855371, 0.174833, 0.211903, 0.961669, 0.523049, 0, 0.24391], [0.518015, 0.593947, 0.8549, 0.258688, 0.869123, 0.38829, 0.443978, 0.393052, 0.841959, 0.94556, 0.918779, 0.86871, 0.227452, 0]]}