{"v_num": 14, "mat": [[0, 0.000951, 0.586748, 0.643639, 0.794339, 0.191976, 0.665777, 0.554944, 0.205512, 0.802812, 0.92944, 0.160745, 0.720854, 0.860674], [0.152589, 0, 0.340666, 0.610569, 0.188892, 0.149237, 0.547711, 0.754533, 0.836386, 0.43459, 0.238112, 0.785635, 0.093341, 0.345227], [0.907828, 0.81413, 0, 0.838527, 0.91711, 0.984133, 0.961902, 0.43067, 0.363156, 0.408039, 0.915238, 0.323055, 0.586107, 0.836493], [0.878362, 0.899071, 0.004113, 0, 0.642376, 0.446231, 0.645596, 0.062658, 0.254369, 0.307969, 0.974673, 0.272655, 0.326668, 0.86382], [0.008549, 0.220756, 0.573337, 0.159344, 0, 0.271828, 0.377791, 0.704691, 0.10441, 0.995874, 0.031831, 0.090793, 0.764026, 0.846004], [0.534374, 0.497054, 0.765101, 0.578537, 0.919998, 0, 0.676092, 0.612693, 0.209652, 0.258518, 0.94855, 0.624639, 0.804493, 0.109671], [0.930146, 0.405964, 0.486111, 0.122842, 0.80283, 0.99788, 0, 0.118729, 0.255712, 0.964767, 0.67974, 0.691625, 0.532774, 0.269663], [0.549798, 0.235496, 0.387069, 0.56339, 0.748061, 0.600986, 0.71672, 0, 0.642202, 0.826381, 0.79731, 0.842037, 0.328852, 0.204112], [0.453311, 0.769044, 0.938844, 0.591858, 0.098808, 0.477166, 0.850115, 0.496015, 0, 0.041269, 0.325871, 0.441618, 0.080426, 0.259869], [0.657434, 0.442572, 0.469985, 0.963458, 0.051583, 0.134984, 0.502022, 0.926971, 0.312546, 0, 0.940451, 0.471894, 0.529851, 0.788119], [0.735502, 0.102039, 0.948445, 0.649701, 0.94572, 0.474103, 0.077692, 0.455218, 0.361587, 0.156313, 0, 0.675337, 0.394269, 0.607299], [0.294071, 0.728089, 0.585063, 0.965455, 0.68743, 0.418871, 0.177048, 0.839519, 0.252605, 0.467737, 0.913819, 0, 0.85618, 0.716007], [0.849686, 0.603682, 0.100265, 0.508737, 0.327854, 0.718602, 0.740578, 0.901759, 0.34077, 0.276516, 0.661501, 0.795481, 0, 0.867685], [0.534712, 0.307809, 0.509743, 0.384978, 0.901797, 0.938479, 0.532888, 0.6752, 0.975919, 0.408512, 0.460414, 0.069038, 0.289321, 0]]}