{"v_num": 14, "mat": [[0, 0.378457, 0.955286, 0.241746, 0.536037, 0.353549, 0.874629, 0.475015, 0.946951, 0.660428, 0.154242, 0.595105, 0.793616, 0.774705], [0.470612, 0, 0.689157, 0.717422, 0.081052, 0.371075, 0.902171, 0.673807, 0.013402, 0.933344, 0.145743, 0.211781, 0.40103, 0.219118], [0.540138, 0.048021, 0, 0.721741, 0.17198, 0.387903, 0.671359, 0.987816, 0.395114, 0.357553, 0.167149, 0.388971, 0.111661, 0.920917], [0.658038, 0.620715, 0.247132, 0, 0.01791, 0.21239, 0.858515, 0.208416, 0.229047, 0.860525, 0.505092, 0.419145, 0.198329, 0.827661], [0.526699, 0.384752, 0.440765, 0.763502, 0, 0.736573, 0.622819, 0.267644, 0.369767, 0.692289, 0.673801, 0.061713, 0.882884, 0.83589], [0.03993, 0.178522, 0.125167, 0.707154, 0.702882, 0, 0.681249, 0.603257, 0.50688, 0.303738, 0.508685, 0.945486, 0.703971, 0.824375], [0.993065, 0.389271, 0.405148, 0.636883, 0.000308, 0.070623, 0, 0.651398, 0.226953, 0.121971, 0.401509, 0.376268, 0.246819, 0.219895], [0.863926, 0.969945, 0.45006, 0.115149, 0.866589, 0.358263, 0.454815, 0, 0.036618, 0.529477, 0.365652, 0.635849, 0.231957, 0.722513], [0.60616, 0.169328, 0.20762, 0.673787, 0.748475, 0.843925, 0.4877, 0.617865, 0, 0.473799, 0.803777, 0.098907, 0.971344, 0.240412], [0.26946, 0.799688, 0.482998, 0.708271, 0.363188, 0.25165, 0.830233, 0.838791, 0.414077, 0, 0.853355, 0.365838, 0.800528, 0.816472], [0.625917, 0.699063, 0.606423, 0.485995, 0.577607, 0.104087, 0.708206, 0.384747, 0.755614, 0.652472, 0, 0.017853, 0.224921, 0.36358], [0.267892, 0.151501, 0.732658, 0.491285, 0.168389, 0.736769, 0.311144, 0.689677, 0.053082, 0.890143, 0.089424, 0, 0.288926, 0.611483], [0.985864, 0.308883, 0.824698, 0.44105, 0.178057, 0.423688, 0.438351, 0.256555, 0.494537, 0.807334, 0.507815, 0.222261, 0, 0.423633], [0.498859, 0.305971, 0.749215, 0.774678, 0.063168, 0.17994, 0.05945, 0.235172, 0.418236, 0.361915, 0.931866, 0.794874, 0.057354, 0]]}