{"v_num": 14, "mat": [[0, 0.126491, 0.28887, 0.561334, 0.753691, 0.106519, 0.54585, 0.690312, 0.052677, 0.040289, 0.45011, 0.727868, 0.192209, 0.025137], [0.342444, 0, 0.769127, 0.368032, 0.225552, 0.133153, 0.458245, 0.201565, 0.763248, 0.009554, 0.125189, 0.514954, 0.640297, 0.034543], [0.808717, 0.232552, 0, 0.980938, 0.047347, 0.412719, 0.89167, 0.874036, 0.748429, 0.834575, 0.546627, 0.156299, 0.365269, 0.671564], [0.060589, 0.095396, 0.850651, 0, 0.796741, 0.179823, 0.223375, 0.789402, 0.730231, 0.521135, 0.794571, 0.907998, 0.09896, 0.383551], [0.379886, 0.235747, 0.23974, 0.696403, 0, 0.23095, 0.809141, 0.583335, 0.592466, 0.030802, 0.243145, 0.975624, 0.543742, 0.449602], [0.090882, 0.86886, 0.541821, 0.886163, 0.717939, 0, 0.917689, 0.539532, 0.400964, 0.112139, 0.747284, 0.724714, 0.895217, 0.512134], [0.52317, 0.184908, 0.297968, 0.691338, 0.610168, 0.862295, 0, 0.737726, 0.542025, 0.480652, 0.480969, 0.323788, 0.462841, 0.068562], [0.660364, 0.005122, 0.244799, 0.463979, 0.110497, 0.09723, 0.688909, 0, 0.817763, 0.617194, 0.359694, 0.392931, 0.19013, 0.520535], [0.104534, 0.336067, 0.913987, 0.73993, 0.7828, 0.494073, 0.841859, 0.797087, 0, 0.25903, 0.352824, 0.205154, 0.628765, 0.963154], [0.161451, 0.414381, 0.454535, 0.328173, 0.017841, 0.581243, 0.803452, 0.672542, 0.268099, 0, 0.069183, 0.968694, 0.410051, 0.410752], [0.766488, 0.257033, 0.020012, 0.81821, 0.461346, 0.780789, 0.690937, 0.933913, 0.01759, 0.907017, 0, 0.735385, 0.782187, 0.737251], [0.405939, 0.261686, 0.005981, 0.81415, 0.399581, 0.45472, 0.754004, 0.356247, 0.610621, 0.88805, 0.683375, 0, 0.2433, 0.0335], [0.398636, 0.948281, 0.07226, 0.654713, 0.74516, 0.004834, 0.279266, 0.944394, 0.814747, 0.222902, 0.432611, 0.428257, 0, 0.363127], [0.160157, 0.298539, 0.287407, 0.222654, 0.158853, 0.122398, 0.561649, 0.722571, 0.739746, 0.333077, 0.143034, 0.675348, 0.223404, 0]]}