{"v_num": 14, "mat": [[0, 0.218257, 0.965056, 0.688974, 0.855529, 0.380152, 0.746994, 0.124142, 0.532129, 0.817152, 0.643058, 0.801386, 0.327517, 0.519706], [0.354629, 0, 0.955731, 0.514567, 0.4861, 0.602461, 0.189017, 0.776117, 0.565685, 0.472336, 0.415827, 0.307747, 0.761298, 0.415817], [0.231111, 0.633546, 0, 0.423392, 0.98131, 0.054722, 0.472901, 0.787684, 0.643116, 0.15295, 0.67633, 0.226469, 0.821028, 0.20282], [0.721885, 0.910073, 0.132161, 0, 0.221227, 0.034227, 0.825038, 0.236644, 0.460769, 0.694054, 0.721789, 0.48092, 0.160482, 0.102646], [0.822016, 0.200499, 0.400818, 0.931091, 0, 0.643046, 0.875863, 0.665565, 0.352576, 0.8576, 0.890773, 0.947254, 0.690503, 0.334936], [0.235663, 0.624038, 0.724977, 0.769105, 0.066323, 0, 0.026725, 0.31984, 0.972433, 0.673326, 0.167026, 0.831006, 0.149985, 0.136584], [0.859406, 0.535869, 0.869826, 0.587482, 0.842144, 0.647211, 0, 0.446977, 0.830432, 0.088827, 0.748027, 0.049672, 0.99671, 0.803878], [0.448629, 0.743644, 0.395706, 0.43315, 0.16699, 0.099561, 0.030372, 0, 0.511219, 0.411328, 0.715668, 0.359969, 0.369064, 0.321132], [0.699491, 0.787899, 0.529453, 0.045201, 0.488761, 0.715522, 0.512419, 0.532027, 0, 0.340068, 0.360978, 0.65431, 0.066634, 0.520351], [0.557505, 0.535467, 0.491543, 0.443559, 0.132175, 0.845929, 0.84301, 0.425928, 0.400188, 0, 0.109882, 0.39881, 0.194978, 0.334761], [0.765183, 0.865087, 0.783727, 0.484532, 0.900563, 0.724056, 0.44061, 0.705618, 0.730298, 0.395253, 0, 0.770122, 0.797878, 0.536741], [0.463327, 0.271915, 0.895204, 0.442305, 0.041068, 0.607247, 0.889353, 0.666213, 0.299554, 0.033609, 0.674549, 0, 0.579492, 0.557911], [0.438485, 0.80679, 0.259529, 0.525682, 0.610279, 0.601105, 0.879299, 0.243809, 0.359663, 0.913688, 0.664779, 0.414039, 0, 0.922131], [0.726851, 0.94279, 0.972141, 0.91261, 0.828841, 0.263378, 0.053957, 0.92346, 0.047417, 0.876617, 0.293057, 0.968858, 0.534369, 0]]}