{"v_num": 14, "mat": [[0, 0.222965, 0.113325, 0.477377, 0.946641, 0.371028, 0.195446, 0.271769, 0.750778, 0.052553, 0.58491, 0.71761, 0.484694, 0.894434], [0.945274, 0, 0.535501, 0.992638, 0.926526, 0.244844, 0.264455, 0.620754, 0.88458, 0.252672, 0.998495, 0.715849, 0.996124, 0.016208], [0.795033, 0.485178, 0, 0.740251, 0.254548, 0.840821, 0.960127, 0.695873, 0.882086, 0.246024, 0.169668, 0.525441, 0.862112, 0.034253], [0.072173, 0.064558, 0.461817, 0, 0.89058, 0.957965, 0.744663, 0.426754, 0.343026, 0.141513, 0.79058, 0.84518, 0.228943, 0.792821], [0.507272, 0.165614, 0.113945, 0.995295, 0, 0.468081, 0.054834, 0.498019, 0.123894, 0.385615, 0.619827, 0.032047, 0.042084, 0.318039], [0.7806, 0.583726, 0.382397, 0.472268, 0.165446, 0, 0.100727, 0.585375, 0.559026, 0.917756, 0.665332, 0.967627, 0.938274, 0.921838], [0.714077, 0.406092, 0.982126, 0.485942, 0.226067, 0.583476, 0, 0.531066, 0.730928, 0.520511, 0.285876, 0.152236, 0.086087, 0.485721], [0.630661, 0.155032, 0.460875, 0.429862, 0.366433, 0.139988, 0.366177, 0, 0.269092, 0.920305, 0.495141, 0.386993, 0.152782, 0.207973], [0.043998, 0.195541, 0.344158, 0.790323, 0.330848, 0.933111, 0.460725, 0.973669, 0, 0.274807, 0.027703, 0.438758, 0.68914, 0.888718], [0.829852, 0.71807, 0.597617, 0.858863, 0.454246, 0.126774, 0.324332, 0.973988, 0.760129, 0, 0.954905, 0.540052, 0.851943, 0.866458], [0.202819, 0.297005, 0.677946, 0.157189, 0.236588, 0.408998, 0.818227, 0.57611, 0.874487, 0.687061, 0, 0.649555, 0.351753, 0.856363], [0.372888, 0.907189, 0.816017, 0.890011, 0.588337, 0.907771, 0.21205, 0.356444, 0.032456, 0.869657, 0.888858, 0, 0.112903, 0.414822], [0.440961, 0.044766, 0.769639, 0.639379, 0.453895, 0.003535, 0.184357, 0.294144, 0.599623, 0.784814, 0.657661, 0.306547, 0, 0.576381], [0.292032, 0.812798, 0.059334, 0.296492, 0.706622, 0.994665, 0.213, 0.069224, 0.44466, 0.379813, 0.635174, 0.073711, 0.698215, 0]]}