{"v_num": 14, "mat": [[0, 0.103126, 0.681225, 0.757917, 0.675616, 0.42888, 0.027168, 0.332247, 0.593372, 0.911127, 0.325898, 0.825701, 0.822829, 0.375064], [0.353633, 0, 0.732629, 0.725298, 0.50817, 0.016948, 0.39338, 0.699, 0.328271, 0.075241, 0.58313, 0.008302, 0.202995, 0.329281], [0.125777, 0.476615, 0, 0.935824, 0.546982, 0.705629, 0.525106, 0.359713, 0.519638, 0.399654, 0.805357, 0.740009, 0.894658, 0.268211], [0.749971, 0.4865, 0.245734, 0, 0.613821, 0.628767, 0.663378, 0.488983, 0.01452, 0.429118, 0.980858, 0.669295, 0.326921, 0.353759], [0.124531, 0.637113, 0.893062, 0.650741, 0, 0.859333, 0.233897, 0.796644, 0.921794, 0.302414, 0.861907, 0.936093, 0.331177, 0.115561], [0.955743, 0.828131, 0.717392, 0.200578, 0.629975, 0, 0.079172, 0.37699, 0.880004, 0.89614, 0.721667, 0.604315, 0.786637, 0.279406], [0.552331, 0.304779, 0.93153, 0.536713, 0.902043, 0.745011, 0, 0.985995, 0.044431, 0.126345, 0.207544, 0.346847, 0.527022, 0.347526], [0.530984, 0.461682, 0.387102, 0.105192, 0.609316, 0.206725, 0.322204, 0, 0.425984, 0.268293, 0.111475, 0.046977, 0.191008, 0.820254], [0.727244, 0.283808, 0.807797, 0.92121, 0.672581, 0.186649, 0.218832, 0.471124, 0, 0.134318, 0.934549, 0.127288, 0.232235, 0.766652], [0.477011, 0.4455, 0.036404, 0.211509, 0.690088, 0.989152, 0.281767, 0.664091, 0.452141, 0, 0.940665, 0.402169, 0.478006, 0.418346], [0.070746, 0.574022, 0.250027, 0.950845, 0.421221, 0.36942, 0.695768, 0.024765, 0.3169, 0.145121, 0, 0.681657, 0.611499, 0.35401], [0.440137, 0.924476, 0.968294, 0.655565, 0.624292, 0.176425, 0.384012, 0.344468, 0.595507, 0.608055, 0.135415, 0, 0.595254, 0.88132], [0.89422, 0.084501, 0.672066, 0.232529, 0.325917, 0.956562, 0.7952, 0.806663, 0.616019, 0.951645, 0.70425, 0.92218, 0, 0.969624], [0.108977, 0.634364, 0.878895, 0.840308, 0.339172, 0.780991, 0.537984, 0.37097, 0.465136, 0.126805, 0.017413, 0.593021, 0.841165, 0]]}