{"v_num": 14, "mat": [[0, 0.835309, 0.425376, 0.428589, 0.141825, 0.706905, 0.48038, 0.765878, 0.961088, 0.930204, 0.513043, 0.085346, 0.602113, 0.93761], [0.575237, 0, 0.152594, 0.156593, 0.416478, 0.759685, 0.874488, 0.003884, 0.241488, 0.973093, 0.330529, 0.929814, 0.522521, 0.113789], [0.990075, 0.547738, 0, 0.833983, 0.621491, 0.399189, 0.059363, 0.088932, 0.390528, 0.621914, 0.894855, 0.28146, 0.352547, 0.494388], [0.198089, 0.95714, 0.922832, 0, 0.257443, 0.010189, 0.952584, 0.736226, 0.16657, 0.497977, 0.055319, 0.965287, 0.955302, 0.829734], [0.811224, 0.357687, 0.72542, 0.727146, 0, 0.705336, 0.940532, 0.94222, 0.592566, 0.606574, 0.604095, 0.254824, 0.701771, 0.255357], [0.383745, 0.680297, 0.801966, 0.311331, 0.098392, 0, 0.296906, 0.843037, 0.267255, 0.460828, 0.354349, 0.549616, 0.005325, 0.811903], [0.205278, 0.279309, 0.384708, 0.520047, 0.177387, 0.056996, 0, 0.188395, 0.517507, 0.009263, 0.882976, 0.480361, 0.060541, 0.291855], [0.437808, 0.336076, 0.407396, 0.613731, 0.663158, 0.29694, 0.750535, 0, 0.428165, 0.088426, 0.688192, 0.108952, 0.339762, 0.370672], [0.065679, 0.972106, 0.447295, 0.783594, 0.419164, 0.340091, 0.575887, 0.573625, 0, 0.556753, 0.747089, 0.104291, 0.96395, 0.659348], [0.317336, 0.514674, 0.096783, 0.12335, 0.276249, 0.687174, 0.775847, 0.184722, 0.374585, 0, 0.479938, 0.084608, 0.571336, 0.062244], [0.686606, 0.225775, 0.861161, 0.657229, 0.124616, 0.530373, 0.123618, 0.164771, 0.63803, 0.681023, 0, 0.487969, 0.20339, 0.376974], [0.850835, 0.587153, 0.868374, 0.542541, 0.744368, 0.062989, 0.868177, 0.100372, 0.5529, 0.469373, 0.520757, 0, 0.590068, 0.529923], [0.792657, 0.547542, 0.324543, 0.497194, 0.627902, 0.856493, 0.590975, 0.21521, 0.086537, 0.209441, 0.215637, 0.247545, 0, 0.757694], [0.343095, 0.523205, 0.733298, 0.46365, 0.015779, 0.308958, 0.391691, 0.831429, 0.15973, 0.828, 0.743151, 0.26165, 0.451124, 0]]}