{"v_num": 14, "mat": [[0, 0.372524, 0.283566, 0.779784, 0.492155, 0.506653, 0.579152, 0.395132, 0.174076, 0.087869, 0.367531, 0.183297, 0.672955, 0.718736], [0.729724, 0, 0.584195, 0.34971, 0.754348, 0.158451, 0.258604, 0.254361, 0.84061, 0.595412, 0.176088, 0.632222, 0.136679, 0.569027], [0.692491, 0.377878, 0, 0.554431, 0.797913, 0.209002, 0.200508, 0.806882, 0.158411, 0.55076, 0.843561, 0.645694, 0.219975, 0.703112], [0.25247, 0.496976, 0.709791, 0, 0.872352, 0.496281, 0.954612, 0.3052, 0.623986, 0.752066, 0.692374, 0.439542, 0.935762, 0.03723], [0.326687, 0.449405, 0.282797, 0.181599, 0, 0.069312, 0.19434, 0.234339, 0.998804, 0.693426, 0.973784, 0.688024, 0.241884, 0.64701], [0.699518, 0.594272, 0.093858, 0.911099, 0.435621, 0, 0.143571, 0.71877, 0.604446, 0.498206, 0.868534, 0.155586, 0.812162, 0.314483], [0.291025, 0.456828, 0.420048, 0.663271, 0.111599, 0.687284, 0, 0.400203, 0.448051, 0.00612, 0.121302, 0.225118, 0.04418, 0.931339], [0.461792, 0.457461, 0.072145, 0.976988, 0.194825, 0.582696, 0.714846, 0, 0.151082, 0.137704, 0.988011, 0.285137, 0.335184, 0.833794], [0.073909, 0.252452, 0.848028, 0.697452, 0.73437, 0.199827, 0.926528, 0.162579, 0, 0.922705, 0.189188, 0.612458, 0.446101, 0.952334], [0.631227, 0.01093, 0.949635, 0.196439, 0.633704, 0.321809, 0.321432, 0.253773, 0.337191, 0, 0.948964, 0.402304, 0.053008, 0.683314], [0.754877, 0.105282, 0.4373, 0.413518, 0.659526, 0.674974, 0.303057, 0.158877, 0.05826, 0.905298, 0, 0.75315, 0.52817, 0.916114], [0.277615, 0.675336, 0.019123, 0.406545, 0.18021, 0.133437, 0.197229, 0.716954, 0.972073, 0.742656, 0.633764, 0, 0.591785, 0.514225], [0.137569, 0.679203, 0.267996, 0.247723, 0.758778, 0.233685, 0.671128, 0.382673, 0.342587, 0.278484, 0.848744, 0.086711, 0, 0.603594], [0.485584, 0.535977, 0.260618, 0.715031, 0.71523, 0.33648, 0.787481, 0.771031, 0.548226, 0.403629, 0.922114, 0.025784, 0.859591, 0]]}