{"v_num": 14, "mat": [[0, 0.439442, 0.788317, 0.254667, 0.264273, 0.391251, 0.961581, 0.51389, 0.185365, 0.826253, 0.693658, 0.341624, 0.262014, 0.354367], [0.26219, 0, 0.648331, 0.303785, 0.800815, 0.972418, 0.97929, 0.874278, 0.788774, 0.811947, 0.879902, 0.009074, 0.9573, 0.193569], [0.925826, 0.481923, 0, 0.70801, 0.677906, 0.725818, 0.20128, 0.434117, 0.739514, 0.869841, 0.401913, 0.602636, 0.70384, 0.165096], [0.769186, 0.020747, 0.353905, 0, 0.788874, 0.742569, 0.464205, 0.203178, 0.292055, 0.184657, 0.449393, 0.342593, 0.173547, 0.841785], [0.184254, 0.322741, 0.294916, 0.574503, 0, 0.762609, 0.72168, 0.160616, 0.204499, 0.69457, 0.890491, 0.668331, 0.524429, 0.10269], [0.40909, 0.20705, 0.287214, 0.693156, 0.725946, 0, 0.428538, 0.124251, 0.219396, 0.5426, 0.791421, 0.730078, 0.796207, 0.108554], [0.502438, 0.755601, 0.715325, 0.702145, 0.430379, 0.49307, 0, 0.208688, 0.587013, 0.77313, 0.031413, 0.403691, 0.030684, 0.55998], [0.52213, 0.704833, 0.668844, 0.582234, 0.39086, 0.969871, 0.450844, 0, 0.328147, 0.69275, 0.659219, 0.985993, 0.742201, 0.495492], [0.375195, 0.44127, 0.438044, 0.804258, 0.740679, 0.677149, 0.448262, 0.501875, 0, 0.715409, 0.637268, 0.215475, 0.04398, 0.601172], [0.567427, 0.299768, 0.216046, 0.774955, 0.14144, 0.881099, 0.301301, 0.642023, 0.664152, 0, 0.385599, 0.642617, 0.209964, 0.952615], [0.090864, 0.306506, 0.469978, 0.379045, 0.602826, 0.091287, 0.122551, 0.63287, 0.044572, 0.144849, 0, 0.649613, 0.565974, 0.554624], [0.872738, 0.205755, 0.834831, 0.204854, 0.81772, 0.657336, 0.566423, 0.664936, 0.403869, 0.931653, 0.363252, 0, 0.076302, 0.376004], [0.20808, 0.181343, 0.84166, 0.682217, 0.655931, 0.229042, 0.36851, 0.159745, 0.621649, 0.006274, 0.975243, 0.618167, 0, 0.725603], [0.756737, 0.120686, 0.396934, 0.666431, 0.592335, 0.388499, 0.487812, 0.578381, 0.701624, 0.121674, 0.488109, 0.236817, 0.57218, 0]]}