{"v_num": 14, "mat": [[0, 0.765146, 0.145327, 0.607753, 0.015802, 0.277464, 0.527574, 0.719083, 0.441794, 0.291364, 0.243554, 0.219054, 0.345989, 0.738982], [0.080948, 0, 0.105897, 0.612622, 0.654346, 0.163158, 0.467542, 0.500572, 0.0113, 0.28905, 0.431562, 0.77217, 0.648691, 0.629902], [0.974757, 0.296637, 0, 0.931035, 0.333112, 0.575448, 0.530049, 0.119984, 0.655551, 0.346903, 0.139447, 0.098163, 0.862637, 0.601008], [0.49937, 0.93611, 0.890762, 0, 0.454736, 0.282885, 0.039763, 0.279474, 0.051346, 0.163198, 0.744554, 0.25765, 0.257467, 0.105289], [0.596259, 0.78273, 0.825392, 0.297115, 0, 0.938658, 0.681624, 0.268603, 0.106262, 0.331835, 0.541477, 0.274585, 0.536121, 0.654814], [0.759674, 0.436368, 0.103805, 0.105414, 0.51509, 0, 0.996776, 0.873016, 0.855673, 0.318473, 0.927332, 0.24404, 0.789201, 0.56715], [0.43365, 0.5461, 0.556399, 0.013109, 0.807126, 0.817081, 0, 0.107014, 0.9338, 0.898389, 0.112809, 0.899963, 0.736599, 0.962269], [0.181969, 0.988545, 0.668798, 0.973245, 0.286972, 0.154976, 0.940084, 0, 0.391806, 0.700592, 0.856984, 0.831256, 0.118048, 0.995281], [0.642403, 0.256866, 0.114541, 0.002403, 0.226514, 0.560975, 0.519739, 0.935681, 0, 0.549332, 0.275698, 0.24528, 0.883504, 0.863333], [0.51047, 0.630877, 0.859213, 0.595973, 0.054943, 0.796192, 0.56702, 0.530729, 0.429733, 0, 0.442684, 0.313511, 0.053561, 0.56519], [0.456804, 0.084022, 0.238047, 0.517112, 0.337351, 0.474621, 0.537356, 0.921594, 0.68163, 0.47902, 0, 0.777741, 0.687292, 0.152879], [0.877493, 0.674256, 0.719345, 0.960897, 0.949129, 0.542251, 0.931516, 0.998182, 0.625052, 0.409458, 0.901108, 0, 0.916087, 0.659476], [0.367724, 0.119468, 0.607195, 0.412739, 0.683581, 0.49487, 0.425312, 0.968682, 0.854019, 0.703302, 0.691476, 0.214207, 0, 0.549986], [0.102778, 0.750448, 0.821872, 0.972549, 0.142784, 0.271033, 0.144951, 0.008204, 0.377901, 0.327166, 0.905909, 0.845961, 0.622037, 0]]}