{"v_num": 14, "mat": [[0, 0.703551, 0.083042, 0.268027, 0.500158, 0.300888, 0.11213, 0.677165, 0.376321, 0.472134, 0.674344, 0.15012, 0.607636, 0.864914], [0.661364, 0, 0.529385, 0.284878, 0.541366, 0.166444, 0.308484, 0.036158, 0.762078, 0.869976, 0.893041, 0.17636, 0.707637, 0.376348], [0.213028, 0.251546, 0, 0.253817, 0.940587, 0.12271, 0.747638, 0.085954, 0.791082, 0.49835, 0.774734, 0.689293, 0.553828, 0.205931], [0.200231, 0.565072, 0.796183, 0, 0.486211, 0.911385, 0.09265, 0.568637, 0.766539, 0.043785, 0.814901, 0.015272, 0.681161, 0.730661], [0.978686, 0.847437, 0.514623, 0.876836, 0, 0.452507, 0.530141, 0.915132, 0.123482, 0.462674, 0.471468, 0.596798, 0.576649, 0.97788], [0.92238, 0.857781, 0.870375, 0.941779, 0.920411, 0, 0.291076, 0.177092, 0.32345, 0.508925, 0.602672, 0.953051, 0.032912, 0.607717], [0.114327, 0.322794, 0.401925, 0.028394, 0.904618, 0.373641, 0, 0.06289, 0.141686, 0.084527, 0.819021, 0.842322, 0.980125, 0.790512], [0.344219, 0.903616, 0.402029, 0.289967, 0.503154, 0.578651, 0.058746, 0, 0.470764, 0.458271, 0.19644, 0.302818, 0.643827, 0.590281], [0.052934, 0.441354, 0.170157, 0.28037, 0.719275, 0.57564, 0.38526, 0.256699, 0, 0.040413, 0.842888, 0.676948, 0.479422, 0.367052], [0.032434, 0.397314, 0.081222, 0.359425, 0.928447, 0.937846, 0.032338, 0.11507, 0.355862, 0, 0.031396, 0.29661, 0.876122, 0.933701], [0.40848, 0.314967, 0.773529, 0.423826, 0.418288, 0.569041, 0.86959, 0.19998, 0.503177, 0.712029, 0, 0.728251, 0.067438, 0.099017], [0.005286, 0.759924, 0.086523, 0.770633, 0.213479, 0.298283, 0.754301, 0.710467, 0.576998, 0.209706, 0.560905, 0, 0.728551, 0.671682], [0.703361, 0.835637, 0.530347, 0.249485, 0.22539, 0.075841, 0.324431, 0.392929, 0.067071, 0.875114, 0.405784, 0.337092, 0, 0.816174], [0.096123, 0.274836, 0.525854, 0.49483, 0.146092, 0.292524, 0.521685, 0.277678, 0.396263, 0.937956, 0.279549, 0.830643, 0.05809, 0]]}