{"v_num": 14, "mat": [[0, 0.132598, 0.195458, 0.017084, 0.916911, 0.21006, 0.465974, 0.484505, 0.080578, 0.88714, 0.804707, 0.825732, 0.334992, 0.616343], [0.151924, 0, 0.008434, 0.468548, 0.477103, 0.667546, 0.112043, 0.337149, 0.889847, 0.634536, 0.088666, 0.091649, 0.73389, 0.048878], [0.995456, 0.131047, 0, 0.380391, 0.544522, 0.630136, 0.189175, 0.661085, 0.469834, 0.229313, 0.509203, 0.694773, 0.928198, 0.25296], [0.939131, 0.116724, 0.362918, 0, 0.334459, 0.759754, 0.568087, 0.555782, 0.212172, 0.413808, 0.97974, 0.477413, 0.868442, 0.457825], [0.307192, 0.14869, 0.191891, 0.039639, 0, 0.752005, 0.829746, 0.544845, 0.131777, 0.292688, 0.988794, 0.509431, 0.805681, 0.68319], [0.896767, 0.323712, 0.719808, 0.40469, 0.245329, 0, 0.156741, 0.228098, 0.322216, 0.432777, 0.805093, 0.389556, 0.0892, 0.95311], [0.485456, 0.487193, 0.69021, 0.981363, 0.704232, 0.425028, 0, 0.677051, 0.84766, 0.338717, 0.182816, 0.137945, 0.517077, 0.619851], [0.342595, 0.249638, 0.729902, 0.095852, 0.641071, 0.942648, 0.389334, 0, 0.897998, 0.256952, 0.771955, 0.661441, 0.072502, 0.430759], [0.829919, 0.174248, 0.372158, 0.20949, 0.215513, 0.70064, 0.132193, 0.80132, 0, 0.542744, 0.182124, 0.294556, 0.441744, 0.627324], [0.700079, 0.973131, 0.515641, 0.02038, 0.011157, 0.140354, 0.531968, 0.401493, 0.494173, 0, 0.249925, 0.285114, 0.694813, 0.408477], [0.471353, 0.01299, 0.575894, 0.526852, 0.201299, 0.288014, 0.292136, 0.176416, 0.408693, 0.524985, 0, 0.437642, 0.812128, 0.666895], [0.696641, 0.114759, 0.378972, 0.382722, 0.644539, 0.920136, 0.663431, 0.384132, 0.439222, 0.514014, 0.304259, 0, 0.099608, 0.396946], [0.053337, 0.924175, 0.931575, 0.174114, 0.571126, 0.013104, 0.896751, 0.882714, 0.159052, 0.299336, 0.235797, 0.72105, 0, 0.748682], [0.404782, 0.133791, 0.502329, 0.333324, 0.914287, 0.282479, 0.791915, 0.366866, 0.781917, 0.677535, 0.720338, 0.195718, 0.236385, 0]]}