{"v_num": 14, "mat": [[0, 0.225625, 0.869386, 0.207191, 0.457458, 0.578937, 0.391389, 0.749009, 0.090011, 0.233742, 0.708178, 0.209257, 0.815286, 0.694918], [0.83912, 0, 0.49226, 0.014177, 0.970725, 0.362498, 0.74671, 0.355594, 0.007394, 0.167991, 0.002888, 0.965088, 0.538721, 0.854807], [0.449035, 0.123412, 0, 0.756723, 0.121295, 0.374141, 0.378596, 0.833089, 0.140572, 0.536656, 0.472188, 0.389736, 0.754991, 0.658096], [0.739118, 0.221326, 0.2585, 0, 0.610809, 0.093057, 0.45641, 0.107406, 0.897194, 0.753862, 0.748417, 0.455555, 0.431827, 0.068686], [0.38541, 0.092522, 0.252521, 0.699481, 0, 0.906625, 0.360334, 0.952178, 0.740699, 0.47281, 0.930749, 0.206545, 0.268177, 0.952647], [0.017074, 0.438256, 0.769754, 0.011461, 0.201819, 0, 0.476904, 0.840171, 0.31635, 0.288023, 0.220833, 0.27742, 0.05327, 0.623384], [0.297604, 0.914369, 0.625238, 0.52644, 0.454333, 0.667335, 0, 0.501862, 0.974946, 0.022679, 0.142915, 0.200023, 0.000247, 0.986579], [0.515009, 0.567333, 0.410433, 0.565262, 0.602239, 0.359759, 0.410892, 0, 0.529268, 0.526988, 0.231975, 0.241228, 0.292168, 0.552967], [0.473541, 0.165786, 0.52918, 0.894917, 0.977202, 0.908469, 0.039105, 0.726545, 0, 0.39513, 0.992804, 0.81629, 0.221948, 0.082291], [0.530048, 0.190277, 0.374775, 0.550157, 0.82963, 0.761697, 0.515656, 0.713131, 0.851987, 0, 0.825638, 0.14147, 0.642312, 0.71152], [0.669269, 0.174771, 0.164689, 0.869355, 0.455377, 0.842977, 0.322555, 0.405563, 0.309108, 0.669305, 0, 0.491444, 0.636911, 0.23421], [0.60157, 0.01143, 0.866835, 0.916288, 0.96986, 0.541746, 0.536234, 0.334194, 0.752564, 0.921584, 0.660801, 0, 0.159853, 0.635717], [0.715016, 0.770246, 0.321426, 0.767036, 0.669098, 0.132968, 0.21072, 0.40288, 0.201067, 0.485212, 0.952177, 0.119373, 0, 0.886769], [0.373886, 0.980245, 0.42748, 0.793679, 0.959606, 0.808856, 0.380645, 0.718362, 0.874594, 0.37889, 0.849025, 0.953561, 0.078476, 0]]}