{"v_num": 14, "mat": [[0, 0.53277, 0.899201, 0.871441, 0.738216, 0.483393, 0.261111, 0.974417, 0.690146, 0.289381, 0.282175, 0.601984, 0.610398, 0.009284], [0.062179, 0, 0.938145, 0.667974, 0.076246, 0.306546, 0.630221, 0.393248, 0.919057, 0.729958, 0.420063, 0.9233, 0.734814, 0.794542], [0.196271, 0.261811, 0, 0.649854, 0.428781, 0.634318, 0.098977, 0.521269, 0.813415, 0.070345, 0.070515, 0.86686, 0.114885, 0.373882], [0.963283, 0.814748, 0.01316, 0, 0.260117, 0.939794, 0.073632, 0.420492, 0.265172, 0.235786, 0.783582, 0.50315, 0.487897, 0.771982], [0.303994, 0.443138, 0.986139, 0.534421, 0, 0.655954, 0.006204, 0.286402, 0.840974, 0.971281, 0.587876, 0.650184, 0.039019, 0.057176], [0.808995, 0.109349, 0.129234, 0.829619, 0.932017, 0, 0.932358, 0.454453, 0.280779, 0.951746, 0.455354, 0.945013, 0.986591, 0.386552], [0.622963, 0.853595, 0.89122, 0.079554, 0.226673, 0.547135, 0, 0.71297, 0.374158, 0.6036, 0.456011, 0.051783, 0.891959, 0.766353], [0.247452, 0.080945, 0.316552, 0.748217, 0.258411, 0.237136, 0.104386, 0, 0.211779, 0.770402, 0.686827, 0.29923, 0.903196, 0.059165], [0.012948, 0.816046, 0.644341, 0.298299, 0.642197, 0.938554, 0.091464, 0.92028, 0, 0.640875, 0.545001, 0.840142, 0.684748, 0.937954], [0.161398, 0.672118, 0.263121, 0.738561, 0.216178, 0.272989, 0.568813, 0.365361, 0.414155, 0, 0.212155, 0.696683, 0.433627, 0.184323], [0.552272, 0.318585, 0.489268, 0.079642, 0.794685, 0.572505, 0.792511, 0.061961, 0.681104, 0.96629, 0, 0.095841, 0.575067, 0.026932], [0.335104, 0.926893, 0.534135, 0.293411, 0.534927, 0.391384, 0.988256, 0.17189, 0.326693, 0.965061, 0.439792, 0, 0.319317, 0.113336], [0.360147, 0.350812, 0.891289, 0.888598, 0.267543, 0.246554, 0.512401, 0.006155, 0.375133, 0.672385, 0.898616, 0.19165, 0, 0.481317], [0.482476, 0.688603, 0.862795, 0.259218, 0.706442, 0.886169, 0.914342, 0.071323, 0.268274, 0.820503, 0.994742, 0.654018, 0.098523, 0]]}