{"v_num": 14, "mat": [[0, 0.365425, 0.775065, 0.054398, 0.936106, 0.27737, 0.631182, 0.080449, 0.179008, 0.339538, 0.679482, 0.610439, 0.815483, 0.048407], [0.071851, 0, 0.522247, 0.265466, 0.369376, 0.411435, 0.039288, 0.212516, 0.678936, 0.147529, 0.093632, 0.141669, 0.857725, 0.062551], [0.198838, 0.223715, 0, 0.365239, 0.203595, 0.800577, 0.227411, 0.390384, 0.393385, 0.386747, 0.045048, 0.146735, 0.794559, 0.449041], [0.621507, 0.355479, 0.115933, 0, 0.70465, 0.852701, 0.499375, 0.490927, 0.196755, 0.185811, 0.984801, 0.253271, 0.820862, 0.518625], [0.041378, 0.319546, 0.917234, 0.679747, 0, 0.336041, 0.740069, 0.985304, 0.014265, 0.672613, 0.006399, 0.368096, 0.579572, 0.369755], [0.544856, 0.880762, 0.569482, 0.360592, 0.721326, 0, 0.458182, 0.540798, 0.241597, 0.665632, 0.747602, 0.987534, 0.599867, 0.232968], [0.604675, 0.671652, 0.2327, 0.280653, 0.198263, 0.516153, 0, 0.746274, 0.961098, 0.594575, 0.59781, 0.11053, 0.062598, 0.089896], [0.968359, 0.630099, 0.080192, 0.285633, 0.174641, 0.484488, 0.239362, 0, 0.93714, 0.406985, 0.654833, 0.869078, 0.095428, 0.103903], [0.858329, 0.189858, 0.448529, 0.231996, 0.002863, 0.383393, 0.46231, 0.52715, 0, 0.502519, 0.480677, 0.046507, 0.00771, 0.582418], [0.491085, 0.100873, 0.277587, 0.697543, 0.257476, 0.429392, 0.581487, 0.649354, 0.780491, 0, 0.842252, 0.364512, 0.060015, 0.786186], [0.136497, 0.150825, 0.10071, 0.985111, 0.698498, 0.458295, 0.344095, 0.290187, 0.555522, 0.643738, 0, 0.885738, 0.677629, 0.903374], [0.631734, 0.556818, 0.237574, 0.638147, 0.888359, 0.486836, 0.257156, 0.534629, 0.113736, 0.471345, 0.157445, 0, 0.362318, 0.127047], [0.791966, 0.081058, 0.497772, 0.272197, 0.84399, 0.72634, 0.688969, 0.604645, 0.897709, 0.373179, 0.114523, 0.908648, 0, 0.289154], [0.733243, 0.677518, 0.390835, 0.918695, 0.176555, 0.909247, 0.075793, 0.114245, 0.033849, 0.143256, 0.717701, 0.108046, 0.862998, 0]]}