{"v_num": 14, "mat": [[0, 0.111127, 0.620484, 0.259122, 0.644203, 0.285969, 0.911507, 0.07113, 0.354908, 0.367969, 0.716013, 0.842884, 0.501506, 0.698434], [0.673557, 0, 0.636624, 0.065995, 0.314543, 0.732005, 0.549313, 0.79374, 0.500805, 0.14745, 0.375088, 0.240211, 0.349983, 0.211026], [0.164808, 0.799149, 0, 0.94315, 0.800623, 0.804072, 0.702453, 0.212558, 0.949727, 0.296403, 0.070643, 0.192719, 0.654268, 0.502116], [0.100777, 0.776328, 0.108245, 0, 0.227559, 0.685167, 0.275274, 0.130398, 0.922189, 0.841394, 0.613965, 0.624605, 0.712435, 0.030328], [0.997242, 0.952703, 0.03439, 0.47275, 0, 0.100659, 0.915056, 0.916312, 0.113613, 0.06672, 0.673418, 0.327342, 0.524492, 0.244021], [0.974431, 0.736434, 0.377318, 0.534965, 0.39945, 0, 0.492305, 0.070181, 0.849086, 0.004555, 0.478818, 0.355855, 0.083231, 0.094081], [0.051784, 0.864469, 0.901709, 0.07449, 0.192607, 0.744951, 0, 0.76276, 0.184081, 0.57837, 0.675568, 0.116486, 0.107689, 0.761807], [0.542615, 0.60325, 0.384557, 0.468853, 0.103949, 0.610323, 0.444713, 0, 0.15046, 0.608922, 0.541617, 0.565091, 0.534314, 0.975539], [0.769947, 0.572915, 0.637726, 0.301553, 0.288103, 0.219124, 0.375332, 0.827868, 0, 0.180581, 0.608788, 0.337199, 0.010823, 0.863542], [0.449702, 0.106517, 0.026429, 0.031209, 0.654838, 0.47977, 0.046761, 0.258175, 0.462242, 0, 0.027028, 0.48882, 0.908861, 0.029658], [0.91124, 0.007611, 0.391253, 0.021788, 0.750756, 0.20448, 0.882061, 0.590822, 0.423495, 0.301373, 0, 0.732558, 0.982474, 0.399802], [0.28002, 0.351487, 0.016913, 0.834097, 0.947088, 0.651051, 0.320351, 0.237066, 0.937878, 0.048136, 0.816821, 0, 0.839835, 0.081463], [0.905485, 0.903429, 0.975886, 0.297498, 0.566175, 0.724472, 0.607355, 0.647033, 0.251502, 0.591735, 0.767934, 0.904374, 0, 0.294289], [0.267289, 0.199089, 0.94577, 0.317541, 0.064096, 0.429712, 0.653666, 0.761597, 0.498784, 0.996846, 0.424714, 0.419184, 0.782537, 0]]}