{"v_num": 14, "mat": [[0, 0.448357, 0.579195, 0.45504, 0.247531, 0.208693, 0.485929, 0.30061, 0.521556, 0.733892, 0.803793, 0.274262, 0.492112, 0.308987], [0.491537, 0, 0.602093, 0.287593, 0.172954, 0.130274, 0.646656, 0.283793, 0.041399, 0.72602, 0.012208, 0.279357, 0.395652, 0.659769], [0.542233, 0.840027, 0, 0.222036, 0.316316, 0.1366, 0.950346, 0.914523, 0.41633, 0.879671, 0.97005, 0.970735, 0.554894, 0.853099], [0.066111, 0.139142, 0.256395, 0, 0.2631, 0.453639, 0.994502, 0.978717, 0.551699, 0.700895, 0.352527, 0.668628, 0.261359, 0.484245], [0.458509, 0.837547, 0.432171, 0.607978, 0, 0.526159, 0.266786, 0.331453, 0.339113, 0.083861, 0.824789, 0.652076, 0.512975, 0.532562], [0.288604, 0.745809, 0.931058, 0.687544, 0.187253, 0, 0.265507, 0.305429, 0.288898, 0.654881, 0.170923, 0.348387, 0.043969, 0.66477], [0.25636, 0.805171, 0.982669, 0.328436, 0.708455, 0.118046, 0, 0.065598, 0.795522, 0.543956, 0.140706, 0.631485, 0.234224, 0.63105], [0.128241, 0.16031, 0.142726, 0.226823, 0.418874, 0.77507, 0.700494, 0, 0.610618, 0.154863, 0.024744, 0.920512, 0.386484, 0.847957], [0.53098, 0.397867, 0.864514, 0.491481, 0.541472, 0.739918, 0.388445, 0.047832, 0, 0.766589, 0.672381, 0.6051, 0.254055, 0.146307], [0.288016, 0.457136, 0.693057, 0.523394, 0.341835, 0.738826, 0.7331, 0.990031, 0.814955, 0, 0.306017, 0.04152, 0.951747, 0.989149], [0.314583, 0.896528, 0.233398, 0.703876, 0.518125, 0.104363, 0.419738, 0.696231, 0.028108, 0.942034, 0, 0.851922, 0.932326, 0.175105], [0.562563, 0.663098, 0.942108, 0.070174, 0.979896, 0.049884, 0.699673, 0.88235, 0.139123, 0.693271, 0.331903, 0, 0.242135, 0.056725], [0.08805, 0.618075, 0.793649, 0.427896, 0.519306, 0.540557, 0.881033, 0.147544, 0.507734, 0.628598, 0.462899, 0.242542, 0, 0.235233], [0.119434, 0.017429, 0.441732, 0.399097, 0.126502, 0.54247, 0.471599, 0.137837, 0.783512, 0.639448, 0.018009, 0.330294, 0.544559, 0]]}