{"v_num": 14, "mat": [[0, 0.48317, 0.24996, 0.614758, 0.292511, 0.734825, 0.770995, 0.208345, 0.975713, 0.590999, 0.477547, 0.919114, 0.515683, 0.056153], [0.066352, 0, 0.185679, 0.637798, 0.784923, 0.379664, 0.003732, 0.804619, 0.68861, 0.427641, 0.400306, 0.062258, 0.151539, 0.292941], [0.775475, 0.896699, 0, 0.060995, 0.273921, 0.687306, 0.399618, 0.550831, 0.245968, 0.73856, 0.045898, 0.02295, 0.906972, 0.309671], [0.265368, 0.620405, 0.338382, 0, 0.418957, 0.293643, 0.100785, 0.534285, 0.057818, 0.420019, 0.089035, 0.728855, 0.741965, 0.006], [0.369151, 0.729803, 0.796931, 0.649818, 0, 0.449541, 0.988701, 0.527503, 0.848343, 0.53247, 0.712331, 0.598897, 0.728856, 0.042788], [0.864996, 0.179831, 0.647041, 0.050441, 0.008213, 0, 0.387993, 0.477855, 0.928129, 0.5899, 0.258659, 0.08826, 0.514024, 0.48453], [0.32546, 0.22419, 0.364135, 0.222761, 0.096834, 0.86268, 0, 0.812185, 0.584543, 0.097613, 0.234331, 0.851712, 0.318167, 0.960217], [0.259517, 0.676293, 0.925931, 0.4557, 0.421708, 0.833148, 0.166075, 0, 0.463254, 0.46053, 0.200577, 0.044478, 0.258283, 0.415679], [0.482325, 0.924093, 0.791459, 0.308506, 0.93736, 0.143351, 0.42659, 0.927866, 0, 0.714565, 0.459896, 0.652396, 0.696058, 0.199753], [0.510654, 0.614374, 0.094335, 0.63516, 0.74918, 0.566532, 0.657352, 0.917285, 0.992722, 0, 0.113127, 0.553374, 0.542048, 0.920054], [0.375464, 0.374999, 0.054272, 0.065935, 0.003136, 0.399214, 0.41375, 0.489783, 0.886862, 0.758293, 0, 0.618315, 0.839475, 0.173354], [0.735045, 0.019775, 0.242583, 0.320028, 0.467349, 0.690512, 0.59867, 0.088853, 0.230998, 0.264911, 0.553643, 0, 0.799753, 0.740015], [0.539758, 0.77927, 0.300461, 0.613882, 0.190594, 0.980598, 0.664979, 0.108685, 0.463299, 0.119952, 0.874429, 0.76357, 0, 0.877923], [0.469511, 0.402633, 0.339319, 0.769029, 0.669144, 0.558015, 0.88105, 0.409125, 0.796204, 0.549351, 0.813064, 0.853517, 0.576027, 0]]}