{"v_num": 14, "mat": [[0, 0.59633, 0.238224, 0.417881, 0.66021, 0.932704, 0.268371, 0.917044, 0.739478, 0.977051, 0.297087, 0.243804, 0.991867, 0.42381], [0.437989, 0, 0.58902, 0.549831, 0.767403, 0.445806, 0.423766, 0.949813, 0.776321, 0.847264, 0.163248, 0.656285, 0.554448, 0.487797], [0.160544, 0.168585, 0, 0.416405, 0.485791, 0.306905, 0.60485, 0.910423, 0.403685, 0.872776, 0.506214, 0.941976, 0.350537, 0.14663], [0.134841, 0.727791, 0.735403, 0, 0.302307, 0.818811, 0.748502, 0.786124, 0.155726, 0.538119, 0.309139, 0.63792, 0.765045, 0.053026], [0.809902, 0.773124, 0.578641, 0.031248, 0, 0.773032, 0.371611, 0.510537, 0.212738, 0.947161, 0.781858, 0.504668, 0.700849, 0.702505], [0.135305, 0.758956, 0.968911, 0.099294, 0.454912, 0, 0.071596, 0.932282, 0.745175, 0.469242, 0.537357, 0.59579, 0.315334, 0.085465], [0.059168, 0.478926, 0.178997, 0.475567, 0.852281, 0.342197, 0, 0.238368, 0.555769, 0.684507, 0.035192, 0.078198, 0.809841, 0.719118], [0.282954, 0.697376, 0.47542, 0.271443, 0.910366, 0.028233, 0.716186, 0, 0.725147, 0.940059, 0.471492, 0.778714, 0.486507, 0.928857], [0.248053, 0.632762, 0.462085, 0.212836, 0.528676, 0.5538, 0.049067, 0.747034, 0, 0.328391, 0.091458, 0.17059, 0.789432, 0.151598], [0.385629, 0.097437, 0.784985, 0.136694, 0.568416, 0.136975, 0.253342, 0.404319, 0.973597, 0, 0.987268, 0.234752, 0.767347, 0.540052], [0.936499, 0.077435, 0.663818, 0.906887, 0.097138, 0.511408, 0.200108, 0.676597, 0.468178, 0.902633, 0, 0.086588, 0.955317, 0.33434], [0.0094, 0.120823, 0.928999, 0.180585, 0.913968, 0.013848, 0.20316, 0.001422, 0.672901, 0.162578, 0.028266, 0, 0.536029, 0.438085], [0.339858, 0.694286, 0.003708, 0.568731, 0.330255, 0.785117, 0.815972, 0.705471, 0.509047, 0.363162, 0.99532, 0.496827, 0, 0.13851], [0.385509, 0.931268, 0.88887, 0.997671, 0.702203, 0.455693, 0.774512, 0.849594, 0.817899, 0.183736, 0.509234, 0.538417, 0.242167, 0]]}