{"v_num": 14, "mat": [[0, 0.521214, 0.409551, 0.016287, 0.951572, 0.169906, 0.569475, 0.092683, 0.688725, 0.097549, 0.13967, 0.787513, 0.521571, 0.951747], [0.159599, 0, 0.694463, 0.465071, 0.942817, 0.239353, 0.306055, 0.614232, 0.053858, 0.617027, 0.78473, 0.087117, 0.475681, 0.032058], [0.433652, 0.976202, 0, 0.922721, 0.798872, 0.709914, 0.022078, 0.410786, 0.391431, 0.294215, 0.90279, 0.216699, 0.711902, 0.330659], [0.07928, 0.955896, 0.383961, 0, 0.892426, 0.464548, 0.697427, 0.71946, 0.487061, 0.65343, 0.019654, 0.615521, 0.609447, 0.228297], [0.150919, 0.076532, 0.15468, 0.749254, 0, 0.839182, 0.734229, 0.280048, 0.511538, 0.699984, 0.978335, 0.704064, 0.341862, 0.117654], [0.095613, 0.860882, 0.079381, 0.589379, 0.658297, 0, 0.553849, 0.975773, 0.847529, 0.91654, 0.970163, 0.302013, 0.562127, 0.527853], [0.09388, 0.477171, 0.476222, 0.59079, 0.177118, 0.685672, 0, 0.692562, 0.777497, 0.624467, 0.081298, 0.277339, 0.606974, 0.264317], [0.373228, 0.947994, 0.25169, 0.110144, 0.956967, 0.142332, 0.099535, 0, 0.373961, 0.388701, 0.088277, 0.268581, 0.331268, 0.049351], [0.74727, 0.650806, 0.710672, 0.757808, 0.444817, 0.715462, 0.710925, 0.669533, 0, 0.663428, 0.760349, 0.381588, 0.478363, 0.832144], [0.342469, 0.295268, 0.750768, 0.22203, 0.671247, 0.46923, 0.186566, 0.185419, 0.345025, 0, 0.68877, 0.407799, 0.140514, 0.166289], [0.12687, 0.978705, 0.107343, 0.105107, 0.423586, 0.011711, 0.580971, 0.335565, 0.720771, 0.103297, 0, 0.987123, 0.771476, 0.219879], [0.298111, 0.831552, 0.423321, 0.488946, 0.03208, 0.018861, 0.840529, 0.16477, 0.064327, 0.972606, 0.485831, 0, 0.599802, 0.196726], [0.592217, 0.997448, 0.686495, 0.313579, 0.019566, 0.950697, 0.22414, 0.785031, 0.904942, 0.468863, 0.322667, 0.543146, 0, 0.247586], [0.613805, 0.470367, 0.105066, 0.672398, 0.438507, 0.454258, 0.919996, 0.575882, 0.98144, 0.775998, 0.739953, 0.699635, 0.761817, 0]]}