{"v_num": 14, "mat": [[0, 0.956264, 0.693843, 0.598658, 0.898515, 0.919345, 0.621774, 0.197768, 0.089745, 0.866553, 0.281403, 0.19586, 0.548367, 0.548622], [0.622926, 0, 0.085874, 0.724511, 0.887714, 0.493219, 0.014203, 0.648925, 0.579883, 0.066167, 0.683494, 0.895782, 0.347528, 0.771792], [0.764625, 0.743142, 0, 0.347953, 0.187056, 0.045242, 0.085357, 0.836449, 0.199383, 0.5003, 0.925586, 0.00042, 0.590052, 0.999353], [0.864571, 0.684979, 0.935024, 0, 0.859251, 0.575164, 0.829981, 0.522691, 0.191504, 0.003561, 0.332734, 0.790799, 0.083693, 0.567822], [0.190732, 0.190417, 0.794418, 0.178008, 0, 0.491519, 0.231546, 0.457371, 0.921175, 0.619154, 0.477362, 0.570881, 0.529706, 0.95559], [0.937818, 0.828439, 0.676033, 0.312791, 0.815591, 0, 0.990986, 0.16553, 0.809834, 0.096413, 0.701614, 0.660226, 0.900074, 0.476302], [0.15327, 0.355757, 0.466104, 0.583578, 0.16125, 0.94862, 0, 0.15465, 0.898725, 0.015356, 0.00058, 0.873486, 0.110984, 0.25818], [0.861514, 0.926941, 0.062308, 0.463692, 0.091904, 0.873523, 0.980114, 0, 0.150955, 0.305999, 0.805736, 0.868377, 0.754939, 0.782551], [0.430429, 0.033511, 0.107569, 0.823532, 0.8303, 0.630843, 0.302663, 0.13636, 0, 0.004826, 0.904325, 0.044718, 0.130237, 0.282429], [0.160992, 0.361557, 0.803761, 0.992751, 0.906395, 0.749632, 0.400202, 0.993757, 0.007654, 0, 0.31481, 0.539036, 0.328569, 0.775226], [0.533599, 0.985892, 0.340986, 0.924899, 0.344398, 0.713062, 0.894283, 0.03202, 0.37004, 0.698132, 0, 0.72053, 0.760395, 0.748078], [0.003768, 0.846075, 0.936956, 0.803926, 0.235818, 0.473993, 0.544287, 0.783333, 0.900865, 0.615397, 0.871196, 0, 0.617083, 0.285207], [0.376144, 0.713763, 0.643395, 0.852789, 0.199533, 0.111554, 0.444973, 0.258163, 0.493316, 0.64854, 0.327405, 0.232651, 0, 0.339691], [0.832231, 0.819717, 0.024093, 0.454286, 0.197337, 0.550612, 0.919036, 0.265335, 0.763653, 0.889459, 0.345003, 0.016023, 0.412885, 0]]}