{"v_num": 14, "mat": [[0, 0.786637, 0.109081, 0.339263, 0.52247, 0.590378, 0.65542, 0.91089, 0.046995, 0.343765, 0.616698, 0.974022, 0.310673, 0.338528], [0.876539, 0, 0.562797, 0.233868, 0.749472, 0.314299, 0.851477, 0.080835, 0.008258, 0.644049, 0.360764, 0.472673, 0.581819, 0.658921], [0.690734, 0.182163, 0, 0.072622, 0.39473, 0.965413, 0.911286, 0.490103, 0.529684, 0.736935, 0.356607, 0.60749, 0.042243, 0.843118], [0.056008, 0.684807, 0.172066, 0, 0.558456, 0.679105, 0.611973, 0.701333, 0.238634, 0.652891, 0.739749, 0.403406, 0.223311, 0.276912], [0.357749, 0.622165, 0.094919, 0.982643, 0, 0.590863, 0.864366, 0.31193, 0.432604, 0.484736, 0.631242, 0.20095, 0.690327, 0.533283], [0.101458, 0.648514, 0.634901, 0.859829, 0.356782, 0, 0.981455, 0.513802, 0.600512, 0.411258, 0.539313, 0.942913, 0.291273, 0.597739], [0.185071, 0.702989, 0.239009, 0.572372, 0.198133, 0.758741, 0, 0.63154, 0.505823, 0.160227, 0.484663, 0.190495, 0.213294, 0.525336], [0.056413, 0.123101, 0.021864, 0.014775, 0.16006, 0.279412, 0.133376, 0, 0.101594, 0.1308, 0.494428, 0.817217, 0.414879, 0.582787], [0.223406, 0.779276, 0.428826, 0.091283, 0.29131, 0.060661, 0.028438, 0.761966, 0, 0.558113, 0.564406, 0.806213, 0.82715, 0.854452], [0.794128, 0.270271, 0.651873, 0.615911, 0.233105, 0.744697, 0.888056, 0.346126, 0.046786, 0, 0.177984, 0.148805, 0.349885, 0.664164], [0.79937, 0.781501, 0.107924, 0.414487, 0.169261, 0.194151, 0.948594, 0.799796, 0.9843, 0.587032, 0, 0.134886, 0.727009, 0.965071], [0.849378, 0.993642, 0.186659, 0.363647, 0.575059, 0.909353, 0.342538, 0.745935, 0.59825, 0.53587, 0.859439, 0, 0.504824, 0.732393], [0.577848, 0.14781, 0.238967, 0.506699, 0.402452, 0.435993, 0.059107, 0.880318, 0.839995, 0.256273, 0.145075, 0.24141, 0, 0.457092], [0.764554, 0.200861, 0.413555, 0.442861, 0.33759, 0.264806, 0.371747, 0.174188, 0.980975, 0.397437, 0.528915, 0.837168, 0.993566, 0]]}