{"v_num": 14, "mat": [[0, 0.983615, 0.411534, 0.154095, 0.98271, 0.733947, 0.027435, 0.36272, 0.734123, 0.646158, 0.423541, 0.324517, 0.007546, 0.311995], [0.613938, 0, 0.98577, 0.528927, 0.155103, 0.908263, 0.556658, 0.656847, 0.459258, 0.714255, 0.257509, 0.420723, 0.253765, 0.012755], [0.383465, 0.634612, 0, 0.432451, 0.809615, 0.243049, 0.038979, 0.656681, 0.577676, 0.066107, 0.171025, 0.541162, 0.262322, 0.018902], [0.932495, 0.908709, 0.307907, 0, 0.421838, 0.707152, 0.722063, 0.745786, 0.139314, 0.815291, 0.597778, 0.864591, 0.811965, 0.342041], [0.216222, 0.2052, 0.182356, 0.921843, 0, 0.283599, 0.17792, 0.29366, 0.964628, 0.890555, 0.168696, 0.977663, 0.699012, 0.91629], [0.025208, 0.682925, 0.731445, 0.775791, 0.164152, 0, 0.735882, 0.128399, 0.194627, 0.451597, 0.328425, 0.56174, 0.599595, 0.405831], [0.158522, 0.002588, 0.183194, 0.064528, 0.555044, 0.88331, 0, 0.411094, 0.47953, 0.469648, 0.877489, 0.45031, 0.778046, 0.493435], [0.770174, 0.504519, 0.072529, 0.459998, 0.175063, 0.5954, 0.430239, 0, 0.466329, 0.343382, 0.211709, 0.889893, 0.126401, 0.072681], [0.372976, 0.357865, 0.397186, 0.356179, 0.191131, 0.497055, 0.860281, 0.888261, 0, 0.551217, 0.207412, 0.979042, 0.868413, 0.890389], [0.545788, 0.507102, 0.641689, 0.425099, 0.987223, 0.372714, 0.873638, 0.69407, 0.494652, 0, 0.116025, 0.797903, 0.883665, 0.835707], [0.919488, 0.754314, 0.933201, 0.975686, 0.362849, 0.735585, 0.35674, 0.23729, 0.69694, 0.516629, 0, 0.316276, 0.169254, 0.533701], [0.90678, 0.941626, 0.513232, 0.195748, 0.16407, 0.691577, 0.156697, 0.427822, 0.979096, 0.805556, 0.566363, 0, 0.848402, 0.050929], [0.297875, 0.200961, 0.43248, 0.049001, 0.201677, 0.563769, 0.123133, 0.695831, 0.152226, 0.558059, 0.015473, 0.61452, 0, 0.330842], [0.624849, 0.436321, 0.125664, 0.198615, 0.188589, 0.35978, 0.348529, 0.334153, 0.2604, 0.038653, 0.23912, 0.079725, 0.458278, 0]]}