{"v_num": 14, "mat": [[0, 0.776447, 0.80959, 0.417671, 0.675444, 0.866682, 0.452679, 0.929246, 0.67926, 0.477873, 0.939918, 0.069011, 0.935334, 0.295381], [0.265287, 0, 0.606372, 0.897705, 0.78678, 0.268376, 0.081323, 0.221138, 0.81548, 0.777972, 0.960361, 0.437712, 0.558219, 0.341145], [0.556516, 0.254379, 0, 0.513604, 0.440119, 0.77315, 0.967392, 0.482144, 0.250075, 0.417172, 0.300527, 0.345448, 0.778052, 0.762185], [0.635107, 0.817814, 0.745621, 0, 0.324197, 0.863614, 0.301464, 0.204054, 0.14423, 0.83506, 0.846329, 0.97211, 0.868772, 0.024553], [0.799612, 0.513191, 0.366547, 0.046616, 0, 0.679653, 0.204595, 0.083734, 0.327636, 0.619662, 0.48298, 0.549172, 0.398749, 0.186208], [0.549819, 0.43739, 0.878506, 0.705217, 0.387566, 0, 0.125524, 0.352485, 0.268411, 0.881083, 0.920705, 0.812853, 0.788344, 0.99004], [0.576055, 0.422616, 0.39907, 0.429201, 0.042622, 0.551213, 0, 0.719449, 0.611395, 0.495756, 0.564961, 0.296944, 0.143733, 0.270981], [0.530867, 0.309192, 0.005566, 0.465744, 0.751052, 0.132578, 0.6833, 0, 0.379598, 0.978413, 0.614311, 0.821436, 0.971251, 0.917541], [0.759443, 0.242323, 0.975848, 0.325754, 0.352156, 0.320833, 0.12169, 0.600396, 0, 0.927609, 0.723481, 0.387303, 0.12374, 0.120846], [0.803153, 0.890577, 0.201108, 0.612716, 0.716298, 0.951429, 0.479628, 0.69455, 0.323101, 0, 0.380158, 0.093442, 0.116241, 0.4182], [0.390618, 0.673504, 0.839253, 0.031644, 0.764285, 0.185981, 0.738679, 0.142254, 0.829061, 0.44496, 0, 0.010404, 0.123714, 0.002014], [0.355855, 0.688962, 0.115114, 0.65325, 0.755473, 0.218567, 0.110307, 0.261757, 0.724244, 0.943641, 0.694258, 0, 0.697243, 0.421194], [0.338568, 0.065441, 0.301554, 0.037383, 0.363239, 0.642987, 0.443582, 0.433439, 0.709221, 0.648661, 0.151342, 0.023274, 0, 0.460955], [0.18053, 0.260781, 0.260512, 0.562824, 0.385563, 0.981842, 0.821715, 0.253103, 0.134454, 0.160466, 0.180765, 0.420102, 0.185848, 0]]}