{"v_num": 14, "mat": [[0, 0.497976, 0.786985, 0.183246, 0.676426, 0.959471, 0.090733, 0.405566, 0.700685, 0.721401, 0.671497, 0.911802, 0.677324, 0.98952], [0.132663, 0, 0.109622, 0.549223, 0.590589, 0.66789, 0.084243, 0.607198, 0.125411, 0.762692, 0.803766, 0.517262, 0.656572, 0.223184], [0.426342, 0.43122, 0, 0.666558, 0.193722, 0.34614, 0.14802, 0.221687, 0.166836, 0.742268, 0.351332, 0.154239, 0.33282, 0.226137], [0.928705, 0.266552, 0.198727, 0, 0.286764, 0.038544, 0.394707, 0.043003, 0.967256, 0.154877, 0.532215, 0.4173, 0.795497, 0.208303], [0.99836, 0.85884, 0.228284, 0.62921, 0, 0.83997, 0.155396, 0.599276, 0.854485, 0.174375, 0.983971, 0.154088, 0.837814, 0.07355], [0.80621, 0.588869, 0.313469, 0.282639, 0.707166, 0, 0.817642, 0.463735, 0.35645, 0.793921, 0.718312, 0.610542, 0.660063, 0.943591], [0.869548, 0.134049, 0.96567, 0.705948, 0.318216, 0.626275, 0, 0.412666, 0.178045, 0.276756, 0.549538, 0.357148, 0.440439, 0.634768], [0.82182, 0.61031, 0.940393, 0.994331, 0.402041, 0.100358, 0.334015, 0, 0.71483, 0.206021, 0.339033, 0.921166, 0.996953, 0.187181], [0.607474, 0.681334, 0.924957, 0.401434, 0.49127, 0.465532, 0.713404, 0.682133, 0, 0.348855, 0.774842, 0.907489, 0.214535, 0.827701], [0.612629, 0.271794, 0.083754, 0.711632, 0.048703, 0.938943, 0.53162, 0.907494, 0.916879, 0, 0.679516, 0.330779, 0.531389, 0.785664], [0.890593, 0.515781, 0.461221, 0.472774, 0.761262, 0.657966, 0.046256, 0.916919, 0.131505, 0.254162, 0, 0.988214, 0.865982, 0.614357], [0.846259, 0.772459, 0.002962, 0.120703, 0.355761, 0.715449, 0.99994, 0.128103, 0.655195, 0.936782, 0.593461, 0, 0.291528, 0.058529], [0.040674, 0.036275, 0.155837, 0.984057, 0.775723, 0.886187, 0.510423, 0.074003, 0.304934, 0.759019, 0.463823, 0.802996, 0, 0.772056], [0.106728, 0.378155, 0.235676, 0.469603, 0.731091, 0.710579, 0.061995, 0.599154, 0.359502, 0.540798, 0.495024, 0.447641, 0.698771, 0]]}