{"v_num": 14, "mat": [[0, 0.346058, 0.042566, 0.677986, 0.103123, 0.664535, 0.053838, 0.424551, 0.664396, 0.34289, 0.216294, 0.615377, 0.980533, 0.324499], [0.97409, 0, 0.208714, 0.014042, 0.331616, 0.926316, 0.270551, 0.53618, 0.793233, 0.562373, 0.967213, 0.949428, 0.083369, 0.512774], [0.011089, 0.553347, 0, 0.291099, 0.734975, 0.217374, 0.66231, 0.69647, 0.16321, 0.023382, 0.829523, 0.846571, 0.301988, 0.315287], [0.833911, 0.841397, 0.671402, 0, 0.753996, 0.910938, 0.755076, 0.856296, 0.234472, 0.660536, 0.785864, 0.4553, 0.095288, 0.846331], [0.74407, 0.403061, 0.947211, 0.445621, 0, 0.443752, 0.223413, 0.766789, 0.263322, 0.489156, 0.972522, 0.470264, 0.308823, 0.235134], [0.014246, 0.032139, 0.787344, 0.252453, 0.555438, 0, 0.852687, 0.344555, 0.852898, 0.7978, 0.467165, 0.251626, 0.290493, 0.8888], [0.050608, 0.960156, 0.784841, 0.350732, 0.531526, 0.600214, 0, 0.667622, 0.005035, 0.824964, 0.310602, 0.938782, 0.804816, 0.319361], [0.085779, 0.299324, 0.091984, 0.365814, 0.970421, 0.995321, 0.590252, 0, 0.947328, 0.779961, 0.12842, 0.02759, 0.541472, 0.254191], [0.847805, 0.440713, 0.401183, 0.730111, 0.361294, 0.806315, 0.309073, 0.456885, 0, 0.122829, 0.368896, 0.471909, 0.898245, 0.685782], [0.46693, 0.410794, 0.407076, 0.854928, 0.101619, 0.277439, 0.279005, 0.043948, 0.834247, 0, 0.540356, 0.385577, 0.779282, 0.120034], [0.711774, 0.688379, 0.662809, 0.51248, 0.263292, 0.493024, 0.003602, 0.490767, 0.813422, 0.447154, 0, 0.044977, 0.854992, 0.335286], [0.667966, 0.396643, 0.438178, 0.916218, 0.541317, 0.942574, 0.528639, 0.020477, 0.955834, 0.783904, 0.562436, 0, 0.077016, 0.651767], [0.09284, 0.117644, 0.862919, 0.143106, 0.552448, 0.500381, 0.354754, 0.093525, 0.47378, 0.97621, 0.790857, 0.089597, 0, 0.266659], [0.061227, 0.497868, 0.707963, 0.786575, 0.297003, 0.281696, 0.860136, 0.218883, 0.581987, 0.418523, 0.486317, 0.749308, 0.361893, 0]]}