{"v_num": 14, "mat": [[0, 0.413525, 0.107745, 0.292623, 0.093711, 0.514867, 0.328333, 0.524367, 0.158681, 0.72696, 0.133136, 0.786885, 0.410232, 0.265324], [0.618125, 0, 0.116265, 0.107788, 0.483306, 0.755711, 0.258656, 0.830431, 0.036218, 0.586492, 0.945844, 0.395359, 0.961116, 0.322106], [0.811737, 0.241789, 0, 0.08705, 0.852266, 0.384598, 0.203231, 0.444007, 0.881626, 0.416729, 0.992363, 0.069364, 0.122002, 0.202499], [0.004629, 0.809651, 0.046623, 0, 0.978329, 0.960286, 0.090341, 0.024563, 0.254646, 0.836044, 0.097283, 0.455938, 0.358167, 0.450776], [0.930324, 0.155895, 0.622127, 0.897564, 0, 0.673221, 0.304737, 0.746019, 0.012581, 0.337947, 0.462347, 0.98191, 0.428439, 0.417732], [0.502635, 0.271522, 0.356914, 0.668513, 0.441929, 0, 0.614204, 0.918925, 0.535697, 0.012748, 0.217452, 0.268388, 0.312757, 0.473707], [0.465522, 0.73366, 0.875477, 0.522097, 0.608968, 0.264663, 0, 0.409282, 0.042528, 0.803878, 0.772596, 0.32181, 0.942166, 0.701736], [0.504273, 0.544786, 0.905085, 0.543828, 0.994522, 0.793021, 0.797922, 0, 0.423998, 0.548484, 0.799021, 0.611863, 0.575164, 0.038252], [0.244336, 0.972163, 0.691114, 0.515028, 0.958319, 0.589406, 0.293129, 0.800578, 0, 0.079801, 0.436794, 0.231679, 0.961876, 0.453148], [0.633574, 0.250392, 0.206267, 0.435929, 0.694761, 0.859319, 0.5733, 0.828676, 0.940897, 0, 0.261623, 0.691689, 0.354282, 0.160992], [0.333136, 0.721289, 0.123761, 0.66452, 0.086368, 0.609876, 0.540931, 0.550704, 0.537201, 0.260809, 0, 0.261464, 0.678446, 0.906381], [0.961479, 0.585617, 0.5435, 0.628812, 0.390595, 0.288213, 0.864479, 0.635494, 0.998592, 0.110456, 0.499136, 0, 0.889988, 0.350285], [0.597629, 0.20838, 0.763883, 0.240754, 0.486899, 0.553205, 0.825257, 0.126718, 0.220045, 0.379196, 0.480597, 0.097019, 0, 0.835632], [0.917995, 0.650398, 0.180021, 0.457891, 0.28611, 0.831094, 0.40793, 0.565158, 0.829353, 0.039749, 0.146628, 0.00949, 0.993817, 0]]}