{"v_num": 14, "mat": [[0, 0.987134, 0.563235, 0.361268, 0.879483, 0.793725, 0.714582, 0.797328, 0.833907, 0.490544, 0.486226, 0.660673, 0.444244, 0.521092], [0.659095, 0, 0.378109, 0.791368, 0.64909, 0.887496, 0.776843, 0.103605, 0.71845, 0.246373, 0.1399, 0.62087, 0.845998, 0.831777], [0.953148, 0.853163, 0, 0.607911, 0.698012, 0.209064, 0.744784, 0.050212, 0.185911, 0.741063, 0.430706, 0.584512, 0.985499, 0.426302], [0.425947, 0.996519, 0.777808, 0, 0.491531, 0.258248, 0.011525, 0.198742, 0.842951, 0.803662, 0.757721, 0.552108, 0.14731, 0.81246], [0.491306, 0.107938, 0.328262, 0.435673, 0, 0.659615, 0.320809, 0.935573, 0.607213, 0.520095, 0.043291, 0.054902, 0.181039, 0.138183], [0.468917, 0.272036, 0.977282, 0.975922, 0.993517, 0, 0.056952, 0.881402, 0.011566, 0.020092, 0.817399, 0.60726, 0.28039, 0.307429], [0.126591, 0.43673, 0.744346, 0.919391, 0.370008, 0.93907, 0, 0.27606, 0.483927, 0.336021, 0.715255, 0.779439, 0.675479, 0.702717], [0.007881, 0.144277, 0.808503, 0.235018, 0.752196, 0.777068, 0.550427, 0, 0.678808, 0.428657, 0.880328, 0.799497, 0.269454, 0.108025], [0.817861, 0.54829, 0.780743, 0.668684, 0.259138, 0.644321, 0.752973, 0.604746, 0, 0.366112, 0.974524, 0.656257, 0.537247, 0.704576], [0.64024, 0.648862, 0.336461, 0.576307, 0.709006, 0.378995, 0.930026, 0.277198, 0.091627, 0, 0.203069, 0.859548, 0.103407, 0.824139], [0.339228, 0.143801, 0.173431, 0.87056, 0.756974, 0.235294, 0.050385, 0.641687, 0.610574, 0.889185, 0, 0.52051, 0.498702, 0.250686], [0.398132, 0.687523, 0.237564, 0.461058, 0.523639, 0.946281, 0.462677, 0.568986, 0.115393, 0.866914, 0.370232, 0, 0.415064, 0.475043], [0.377798, 0.849594, 0.741301, 0.329503, 0.660741, 0.333634, 0.082929, 0.261517, 0.247205, 0.0092, 0.415438, 0.148161, 0, 0.869213], [0.555267, 0.234505, 0.382801, 0.227284, 0.580605, 0.327558, 0.969157, 0.378335, 0.118818, 0.607145, 0.260886, 0.642502, 0.511144, 0]]}