{"v_num": 14, "mat": [[0, 0.569771, 0.352001, 0.214627, 0.521732, 0.327035, 0.459721, 0.052881, 0.495322, 0.401502, 0.91763, 0.212653, 0.017522, 0.146831], [0.821384, 0, 0.281102, 0.284718, 0.007102, 0.609227, 0.217125, 0.048827, 0.674498, 0.320007, 0.921821, 0.990584, 0.449898, 0.909719], [0.253835, 0.296325, 0, 0.293847, 0.996966, 0.55828, 0.250881, 0.782951, 0.075035, 0.352055, 0.019417, 0.36454, 0.639006, 0.676545], [0.420563, 0.975793, 0.061716, 0, 0.288528, 0.033378, 0.941162, 0.461415, 0.895189, 0.96605, 0.167976, 0.053822, 0.069716, 0.593792], [0.617487, 0.758947, 0.737487, 0.542067, 0, 0.354298, 0.259202, 0.665206, 0.405598, 0.278829, 0.118043, 0.679406, 0.554378, 0.572], [0.769686, 0.605585, 0.971586, 0.397139, 0.382613, 0, 0.803531, 0.90132, 0.962215, 0.040888, 0.466257, 0.265693, 0.993818, 0.386559], [0.469092, 0.865266, 0.521752, 0.833787, 0.18478, 0.848839, 0, 0.751396, 0.368029, 0.251342, 0.05246, 0.178202, 0.384574, 0.771455], [0.34112, 0.954883, 0.961564, 0.450209, 0.792415, 0.397855, 0.865415, 0, 0.809979, 0.020105, 0.124359, 0.341877, 0.741182, 0.739852], [0.53889, 0.198254, 0.389902, 0.945865, 0.722103, 0.473206, 0.7922, 0.164077, 0, 0.575445, 0.06008, 0.948148, 0.559208, 0.819962], [0.847208, 0.077572, 0.093646, 0.47746, 0.700189, 0.547857, 0.005712, 0.267568, 0.116426, 0, 0.279436, 0.694104, 0.351567, 0.563781], [0.217636, 0.092194, 0.839165, 0.019799, 0.836293, 0.179551, 0.212857, 0.653499, 0.104516, 0.881933, 0, 0.547891, 0.762585, 0.895818], [0.829323, 0.812462, 0.263582, 0.584032, 0.179407, 0.852942, 0.890175, 0.539019, 0.628994, 0.724159, 0.697736, 0, 0.967809, 0.25649], [0.636077, 0.630583, 0.528907, 0.577158, 0.253871, 0.343451, 0.241444, 0.976316, 0.62726, 0.119473, 0.317643, 0.564809, 0, 0.084738], [0.246146, 0.632855, 0.963795, 0.316764, 0.35198, 0.7036, 0.037981, 0.661876, 0.67575, 0.679458, 0.93666, 0.918084, 0.26821, 0]]}