{"v_num": 14, "mat": [[0, 0.675833, 0.535531, 0.371904, 0.78787, 0.851665, 0.202328, 0.275301, 0.225784, 0.415045, 0.64951, 0.989149, 0.951208, 0.885696], [0.794352, 0, 0.743517, 0.782659, 0.6737, 0.563782, 0.526159, 0.59321, 0.503031, 0.755827, 0.809776, 0.337066, 0.902555, 0.420708], [0.627915, 0.774115, 0, 0.54208, 0.021893, 0.060634, 0.392815, 0.335602, 0.069025, 0.19756, 0.931738, 0.650577, 0.705147, 0.169723], [0.634105, 0.092689, 0.454505, 0, 0.265961, 0.834055, 0.617923, 0.806791, 0.776956, 0.677174, 0.119416, 0.762092, 0.076952, 0.938239], [0.268025, 0.44603, 0.234654, 0.17708, 0, 0.52197, 0.851874, 0.10452, 0.401965, 0.032656, 0.347109, 0.434092, 0.342592, 0.542833], [0.441469, 0.608183, 0.0238, 0.444019, 0.897446, 0, 0.439907, 0.654692, 0.807688, 0.763618, 0.501236, 0.10344, 0.341161, 0.566266], [0.699986, 0.966398, 0.775116, 0.26937, 0.53575, 0.837623, 0, 0.56277, 0.623762, 0.857928, 0.811673, 0.323965, 0.055868, 0.926501], [0.342287, 0.882183, 0.13123, 0.390963, 0.914459, 0.748027, 0.215095, 0, 0.41762, 0.044088, 0.095383, 0.63236, 0.611835, 0.771697], [0.619953, 0.323327, 0.496686, 0.19337, 0.088811, 0.695796, 0.60331, 0.32082, 0, 0.25294, 0.37884, 0.798843, 0.927097, 0.435244], [0.823116, 0.327808, 0.680854, 0.623863, 0.804893, 0.371733, 0.54587, 0.611413, 0.476362, 0, 0.006483, 0.971388, 0.895786, 0.157897], [0.882081, 0.071511, 0.771826, 0.585715, 0.254006, 0.150096, 0.292745, 0.069058, 0.421348, 0.808491, 0, 0.443462, 0.633202, 0.348327], [0.012013, 0.410657, 0.211208, 0.803355, 0.877096, 0.481495, 0.790597, 0.819327, 0.52652, 0.361033, 0.76244, 0, 0.31299, 0.151708], [0.07591, 0.383488, 0.633359, 0.747862, 0.897649, 0.921487, 0.3498, 0.445693, 0.865255, 0.079469, 0.56701, 0.874069, 0, 0.700491], [0.717468, 0.206934, 0.894231, 0.769869, 0.284371, 0.585437, 0.243023, 0.57025, 0.238763, 0.208295, 0.960962, 0.742123, 0.131114, 0]]}