{"v_num": 14, "mat": [[0, 0.315479, 0.315764, 0.454224, 0.001521, 0.853039, 0.367317, 0.205212, 0.71296, 0.37295, 0.646974, 0.746812, 0.592415, 0.683637], [0.721416, 0, 0.415336, 0.308405, 0.646595, 0.274827, 0.937016, 0.758616, 0.379214, 0.852661, 0.443178, 0.151629, 0.361463, 0.154785], [0.622849, 0.748519, 0, 0.215063, 0.95806, 0.477396, 0.799436, 0.411371, 0.489686, 0.912554, 0.701299, 0.069271, 0.012342, 0.056466], [0.919041, 0.233512, 0.424216, 0, 0.549268, 0.929506, 0.411994, 0.44156, 0.217771, 0.674285, 0.606349, 0.506736, 0.028381, 0.831997], [0.512204, 0.191496, 0.872863, 0.70345, 0, 0.66938, 0.76482, 0.475836, 0.396804, 0.867036, 0.54551, 0.812211, 0.056551, 0.814831], [0.055672, 0.858576, 0.7574, 0.059766, 0.209248, 0, 0.877818, 0.171177, 0.245093, 0.947629, 0.618448, 0.046877, 0.962852, 0.962331], [0.356314, 0.275537, 0.250132, 0.858334, 0.60147, 0.969917, 0, 0.566882, 0.580521, 0.095926, 0.057229, 0.283741, 0.923875, 0.195886], [0.400514, 0.200085, 0.156286, 0.133565, 0.210758, 0.516194, 0.015233, 0, 0.982057, 0.964228, 0.017518, 0.54499, 0.782012, 0.882475], [0.599719, 0.737493, 0.821734, 0.070482, 0.653585, 0.837136, 0.961571, 0.657878, 0, 0.652678, 0.993338, 0.100806, 0.126528, 0.048803], [0.704985, 0.568828, 0.329225, 0.127917, 0.463819, 0.894721, 0.005204, 0.52223, 0.762994, 0, 0.147702, 0.742858, 0.617186, 0.257534], [0.211059, 0.902095, 0.320197, 0.513412, 0.294149, 0.435824, 0.065004, 0.89946, 0.11047, 0.665822, 0, 0.399858, 0.472239, 0.171801], [0.430131, 0.682849, 0.694512, 0.117493, 0.28822, 0.065307, 0.942414, 0.650823, 0.731733, 0.319118, 0.623672, 0, 0.33119, 0.041083], [0.852333, 0.440376, 0.87975, 0.910065, 0.771471, 0.836805, 0.961296, 0.082022, 0.148249, 0.832951, 0.155047, 0.109203, 0, 0.933469], [0.823196, 0.799401, 0.462071, 0.152784, 0.0917, 0.066882, 0.879379, 0.664744, 0.433899, 0.471686, 0.75956, 0.198135, 0.023534, 0]]}