{"v_num": 14, "mat": [[0, 0.368326, 0.80336, 0.270444, 0.820963, 0.596036, 0.033386, 0.477779, 0.608898, 0.568236, 0.677507, 0.857295, 0.232162, 0.756192], [0.117491, 0, 0.107785, 0.78453, 0.364884, 0.476211, 0.201536, 0.331012, 0.445917, 0.410485, 0.304397, 0.497119, 0.878349, 0.453577], [0.956487, 0.219768, 0, 0.177716, 0.972216, 0.829616, 0.169785, 0.102487, 0.610281, 0.434008, 0.768939, 0.982173, 0.179355, 0.001065], [0.470128, 0.311544, 0.445308, 0, 0.569999, 0.778705, 0.551831, 0.637654, 0.004428, 0.630062, 0.004518, 0.794389, 0.435845, 0.09101], [0.474877, 0.480202, 0.986135, 0.749384, 0, 0.867742, 0.821005, 0.239985, 0.04891, 0.093393, 0.622882, 0.902902, 0.059184, 0.151066], [0.745448, 0.602236, 0.435485, 0.427713, 0.229792, 0, 0.04354, 0.200273, 0.119194, 0.213533, 0.638597, 0.86731, 0.298343, 0.318539], [0.75707, 0.194182, 0.11432, 0.615031, 0.375633, 0.985514, 0, 0.173073, 0.963882, 0.843542, 0.289845, 0.68288, 0.320822, 0.878139], [0.925995, 0.187893, 0.264295, 0.651226, 0.07151, 0.919376, 0.547636, 0, 0.367747, 0.951156, 0.33523, 0.698609, 0.320744, 0.010973], [0.800929, 0.48087, 0.952058, 0.891539, 0.92114, 0.862962, 0.36512, 0.723375, 0, 0.586236, 0.230229, 0.322818, 0.693652, 0.152914], [0.425508, 0.482424, 0.940557, 0.205365, 0.42439, 0.76452, 0.683679, 0.01288, 0.322599, 0, 0.287277, 0.096208, 0.246456, 0.584986], [0.955009, 0.293227, 0.700409, 0.078309, 0.820398, 0.405285, 0.525014, 0.175516, 0.756447, 0.430902, 0, 0.450019, 0.200162, 0.082341], [0.675619, 0.347847, 0.521291, 0.537912, 0.767185, 0.844096, 0.552877, 0.399007, 0.268092, 0.203731, 0.479909, 0, 0.977917, 0.101123], [0.061323, 0.968815, 0.308987, 0.031429, 0.160121, 0.869174, 0.871002, 0.364131, 0.562279, 0.247244, 0.082613, 0.884777, 0, 0.118993], [0.529795, 0.664242, 0.653879, 0.104301, 0.40333, 0.741738, 0.965974, 0.148468, 0.486771, 0.611541, 0.691412, 0.898537, 0.965121, 0]]}