{"v_num": 14, "mat": [[0, 0.910696, 0.699069, 0.658118, 0.710255, 0.56403, 0.926465, 0.222925, 0.123418, 0.421682, 0.480342, 0.794562, 0.427197, 0.535581], [0.070564, 0, 0.2455, 0.359788, 0.4696, 0.107775, 0.394083, 0.73028, 0.538958, 0.396386, 0.293545, 0.011603, 0.496114, 0.346595], [0.95259, 0.164551, 0, 0.419041, 0.768078, 0.219228, 0.987581, 0.351146, 0.395856, 0.456462, 0.37142, 0.029565, 0.339876, 0.876145], [0.30758, 0.334903, 0.737562, 0, 0.651646, 0.69891, 0.092569, 0.571134, 0.239385, 0.981612, 0.961343, 0.269256, 0.273941, 0.661135], [0.12482, 0.216272, 0.201127, 0.882628, 0, 0.67361, 0.32106, 0.363555, 0.277368, 0.561851, 0.140627, 0.080864, 0.103396, 0.237794], [0.367341, 0.039503, 0.707791, 0.967531, 0.116421, 0, 0.716431, 0.171088, 0.36716, 0.76769, 0.635474, 0.557063, 0.149367, 0.989651], [0.772254, 0.392023, 0.590632, 0.302628, 0.369698, 0.137695, 0, 0.230037, 0.298156, 0.778799, 0.294078, 0.489054, 0.809623, 0.901676], [0.093851, 0.128288, 0.093897, 0.364634, 0.823774, 0.803683, 0.137608, 0, 0.800637, 0.525014, 0.697615, 0.161058, 0.544965, 0.71858], [0.211409, 0.802072, 0.348316, 0.697738, 0.286107, 0.882679, 0.230329, 0.99548, 0, 0.330554, 0.472292, 0.335357, 0.440085, 0.931745], [0.596026, 0.929815, 0.723914, 0.573381, 0.346771, 0.267724, 0.508323, 0.745723, 0.37988, 0, 0.550001, 0.777251, 0.461954, 0.621735], [0.426739, 0.83337, 0.781926, 0.161961, 0.665181, 0.319916, 0.065577, 0.203426, 0.904799, 0.777401, 0, 0.035307, 0.763793, 0.908381], [0.810839, 0.019546, 0.519687, 0.540299, 0.678502, 0.775916, 0.834203, 0.604079, 0.553916, 0.590603, 0.981303, 0, 0.380706, 0.085028], [0.527483, 0.717887, 0.292419, 0.557267, 0.350348, 0.614663, 0.838956, 0.188528, 0.374688, 0.733574, 0.41385, 0.908395, 0, 0.560398], [0.404148, 0.215217, 0.758058, 0.034508, 0.728463, 0.582987, 0.336192, 0.194037, 0.266968, 0.473643, 0.320925, 0.006545, 0.170951, 0]]}