{"v_num": 14, "mat": [[0, 0.410655, 0.334001, 0.9921, 0.031436, 0.409927, 0.593524, 0.956971, 0.30634, 0.963746, 0.870135, 0.425027, 0.975627, 0.517272], [0.126844, 0, 0.901492, 0.924147, 0.601932, 0.180307, 0.50959, 0.32128, 0.377619, 0.957538, 0.56218, 0.657022, 0.611431, 0.334557], [0.180116, 0.791021, 0, 0.00232, 0.137304, 0.334273, 0.905088, 0.979827, 0.320375, 0.255917, 0.930417, 0.186417, 0.801647, 0.020885], [0.675394, 0.657854, 0.502184, 0, 0.335155, 0.362651, 0.465384, 0.725512, 0.36831, 0.057143, 0.696131, 0.391869, 0.477689, 0.874168], [0.006738, 0.142904, 0.883324, 0.898387, 0, 0.718474, 0.541163, 0.720605, 0.675188, 0.4749, 0.606192, 0.124462, 0.723242, 0.995868], [0.900995, 0.056597, 0.063583, 0.230931, 0.913077, 0, 0.212681, 0.167719, 0.687813, 0.060066, 0.715601, 0.573693, 0.053562, 0.348239], [0.683016, 0.035112, 0.865425, 0.381177, 0.86562, 0.460689, 0, 0.892248, 0.880691, 0.461093, 0.007284, 0.760675, 0.2164, 0.897223], [0.702534, 0.14987, 0.90304, 0.718463, 0.251435, 0.643557, 0.415517, 0, 0.806674, 0.068134, 0.074573, 0.125022, 0.224867, 0.879425], [0.158474, 0.69525, 0.090423, 0.514058, 0.595492, 0.747156, 0.095615, 0.474715, 0, 0.358388, 0.050512, 0.186952, 0.803658, 0.838214], [0.831299, 0.153486, 0.610758, 0.828095, 0.666993, 0.526182, 0.506651, 0.975169, 0.283939, 0, 0.150765, 0.192247, 0.800289, 0.954989], [0.49952, 0.352779, 0.244408, 0.890599, 0.480217, 0.393138, 0.101094, 0.500331, 0.373725, 0.444374, 0, 0.878135, 0.438512, 0.785922], [0.717811, 0.320418, 0.579279, 0.824783, 0.707471, 0.953069, 0.281831, 0.566118, 0.505746, 0.280699, 0.27876, 0, 0.812924, 0.871829], [0.360596, 0.443093, 0.454315, 0.878936, 0.060701, 0.347629, 0.664815, 0.851373, 0.516578, 0.725728, 0.538512, 0.898239, 0, 0.597379], [0.893475, 0.661173, 0.986324, 0.687228, 0.412694, 0.063021, 0.881746, 0.327149, 0.249264, 0.764407, 0.039923, 0.430337, 0.058608, 0]]}