{"v_num": 14, "mat": [[0, 0.585331, 0.700328, 0.558147, 0.752678, 0.166199, 0.041726, 0.612682, 0.020517, 0.278199, 0.53298, 0.101041, 0.451492, 0.860807], [0.75856, 0, 0.486429, 0.416813, 0.349595, 0.663936, 0.642506, 0.226076, 0.019395, 0.594654, 0.866427, 0.909198, 0.520353, 0.013485], [0.249847, 0.853054, 0, 0.365015, 0.947303, 0.277396, 0.107782, 0.102458, 0.317061, 0.385012, 0.395975, 0.845345, 0.609851, 0.050511], [0.241887, 0.69337, 0.320366, 0, 0.738599, 0.092342, 0.910286, 0.921582, 0.939027, 0.329981, 0.048648, 0.719227, 0.328769, 0.022633], [0.836028, 0.325766, 0.327892, 0.275931, 0, 0.445043, 0.394617, 0.878055, 0.58856, 0.564691, 0.618401, 0.249707, 0.348073, 0.735771], [0.319653, 0.097921, 0.790664, 0.686806, 0.229176, 0, 0.381152, 0.549787, 0.856995, 0.917396, 0.443838, 0.414773, 0.025183, 0.622211], [0.53908, 0.608571, 0.299913, 0.476534, 0.924887, 0.498583, 0, 0.451333, 0.501891, 0.204554, 0.130049, 0.498945, 0.201051, 0.73561], [0.912011, 0.674519, 0.98577, 0.537273, 0.386439, 0.993177, 0.500911, 0, 0.318684, 0.816629, 0.622021, 0.233223, 0.065667, 0.503902], [0.715674, 0.164155, 0.935604, 0.959819, 0.917539, 0.199547, 0.978027, 0.70922, 0, 0.567565, 0.740884, 0.003424, 0.557841, 0.523778], [0.50025, 0.786824, 0.044958, 0.816819, 0.022455, 0.719852, 0.067296, 0.242177, 0.260685, 0, 0.72823, 0.0078, 0.913902, 0.30416], [0.004306, 0.879387, 0.896834, 0.965349, 0.802105, 0.386198, 0.423632, 0.827465, 0.899117, 0.656657, 0, 0.578784, 0.705525, 0.612496], [0.197098, 0.297674, 0.374979, 0.677572, 0.276482, 0.875099, 0.687978, 0.749355, 0.14679, 0.392249, 0.622367, 0, 0.052495, 0.177039], [0.39934, 0.653448, 0.738834, 0.387946, 0.952875, 0.538213, 0.041453, 0.59216, 0.725677, 0.187815, 0.459257, 0.623641, 0, 0.362672], [0.008721, 0.18884, 0.980141, 0.98543, 0.326348, 0.04926, 0.863387, 0.690115, 0.188048, 0.426644, 0.321707, 0.600593, 0.65692, 0]]}