{"v_num": 14, "mat": [[0, 0.645634, 0.645588, 0.597263, 0.874894, 0.250838, 0.963746, 0.371559, 0.033105, 0.552471, 0.900961, 0.146325, 0.296981, 0.837641], [0.76542, 0, 0.311193, 0.389072, 0.680985, 0.499948, 0.68934, 0.970353, 0.224181, 0.684008, 0.854103, 0.234019, 0.724475, 0.704618], [0.657466, 0.669827, 0, 0.560409, 0.416297, 0.50404, 0.767717, 0.694586, 0.919576, 0.126482, 0.890864, 0.559651, 0.40782, 0.141875], [0.381512, 0.393977, 0.078799, 0, 0.001336, 0.457712, 0.405218, 0.300227, 0.208385, 0.500762, 0.761542, 0.986324, 0.51115, 0.109179], [0.007864, 0.836795, 0.545782, 0.800218, 0, 0.757641, 0.376067, 0.281103, 0.805861, 0.537306, 0.170207, 0.799317, 0.369363, 0.925351], [0.855784, 0.614254, 0.55465, 0.216664, 0.950963, 0, 0.988552, 0.435862, 0.414753, 0.37862, 0.024099, 0.357754, 0.348484, 0.241415], [0.292359, 0.790779, 0.873402, 0.189959, 0.702342, 0.782528, 0, 0.832199, 0.915567, 0.579858, 0.956526, 0.685774, 0.515759, 0.450366], [0.24751, 0.355719, 0.045356, 0.596454, 0.551968, 0.426397, 0.81646, 0, 0.122005, 0.645247, 0.423591, 0.750223, 0.913116, 0.658904], [0.17845, 0.52123, 0.933608, 0.018616, 0.067071, 0.707019, 0.061033, 0.71643, 0, 0.231325, 0.701167, 0.886461, 0.395014, 0.420972], [0.639857, 0.340146, 0.916692, 0.974109, 0.029032, 0.643259, 0.122652, 0.427612, 0.613502, 0, 0.593021, 0.826056, 0.693486, 0.131611], [0.309562, 0.979131, 0.088515, 0.691097, 0.976897, 0.879115, 0.019384, 0.388583, 0.304041, 0.331003, 0, 0.910994, 0.636975, 0.392381], [0.864514, 0.495376, 0.569124, 0.029579, 0.561549, 0.857996, 0.147968, 0.479232, 0.620825, 0.50946, 0.490518, 0, 0.987656, 0.137766], [0.151331, 0.960268, 0.70586, 0.995149, 0.838624, 0.538257, 0.623684, 0.108411, 0.321314, 0.484294, 0.671304, 0.870106, 0, 0.719431], [0.09157, 0.964228, 0.830662, 0.910455, 0.75971, 0.048517, 0.043919, 0.471074, 0.370724, 0.668687, 0.574999, 0.509544, 0.284804, 0]]}