{"v_num": 14, "mat": [[0, 0.58498, 0.456632, 0.285094, 0.629376, 0.341096, 0.633708, 0.480288, 0.636545, 0.853804, 0.655554, 0.181374, 0.670002, 0.969989], [0.940042, 0, 0.990581, 0.311062, 0.815177, 0.742237, 0.193184, 0.871417, 0.019863, 0.948425, 0.029656, 0.326204, 0.954372, 0.314671], [0.540607, 0.298291, 0, 0.061778, 0.671988, 0.316872, 0.081251, 0.299144, 0.411577, 0.99289, 0.558513, 0.627989, 0.799792, 0.143173], [0.093549, 0.097723, 0.478632, 0, 0.029631, 0.089309, 0.357094, 0.069057, 0.443916, 0.380979, 0.824357, 0.737175, 0.060391, 0.755116], [0.956867, 0.617986, 0.363279, 0.30603, 0, 0.471667, 0.624216, 0.756851, 0.629955, 0.324154, 0.49432, 0.239304, 0.118525, 0.393096], [0.447722, 0.652817, 0.143982, 0.64304, 0.343509, 0, 0.757182, 0.33426, 0.882419, 0.47196, 0.464922, 0.570136, 0.563649, 0.557571], [0.510695, 0.690862, 0.945134, 0.143079, 0.704582, 0.267623, 0, 0.815287, 0.950805, 0.348908, 0.205062, 0.680782, 0.298421, 0.432738], [0.731646, 0.645097, 0.689928, 0.946388, 0.850726, 0.23201, 0.003852, 0, 0.753083, 0.982397, 0.419701, 0.868525, 0.432359, 0.1122], [0.469962, 0.01787, 0.600257, 0.219182, 0.114648, 0.008918, 0.798445, 0.765891, 0, 0.111668, 0.681649, 0.1358, 0.961104, 0.250592], [0.218365, 0.760364, 0.577793, 0.397036, 0.114311, 0.39197, 0.647065, 0.572815, 0.062523, 0, 0.864417, 0.626176, 0.548265, 0.173417], [0.99733, 0.941781, 0.474067, 0.194791, 0.616498, 0.071637, 0.012608, 0.087203, 0.597439, 0.087193, 0, 0.397796, 0.315994, 0.769924], [0.399677, 0.669929, 0.093473, 0.35046, 0.941478, 0.482822, 0.944033, 0.079725, 0.529531, 0.93207, 0.414984, 0, 0.254209, 0.148242], [0.217161, 0.656451, 0.085528, 0.923301, 0.03291, 0.109237, 0.273467, 0.023139, 0.049363, 0.440142, 0.572714, 0.413785, 0, 0.244912], [0.125774, 0.844069, 0.850959, 0.352409, 0.692313, 0.392367, 0.226805, 0.406512, 0.315746, 0.115249, 0.461335, 0.954303, 0.578614, 0]]}