{"v_num": 14, "mat": [[0, 0.943893, 0.927516, 0.593831, 0.226043, 0.799267, 0.570233, 0.346254, 0.148377, 0.474893, 0.191631, 0.511057, 0.778003, 0.086588], [0.538628, 0, 0.35671, 0.658314, 0.300614, 0.925528, 0.067215, 0.696497, 0.760994, 0.427994, 0.494499, 0.200107, 0.216373, 0.76964], [0.089359, 0.144043, 0, 0.635818, 0.916601, 0.935852, 0.927432, 0.435885, 0.060566, 0.501575, 0.806165, 0.2065, 0.854315, 0.253358], [0.230745, 0.974403, 0.443284, 0, 0.387396, 0.175815, 0.723258, 0.43858, 0.326724, 0.971089, 0.806892, 0.575364, 0.632434, 0.240006], [0.977612, 0.380602, 0.422074, 0.127751, 0, 0.661807, 0.506501, 0.169703, 0.652917, 0.891435, 0.668291, 0.481713, 0.789928, 0.634859], [0.928159, 0.977754, 0.722951, 0.716084, 0.334902, 0, 0.055194, 0.489873, 0.711661, 0.106536, 0.448495, 0.400502, 0.230549, 0.514019], [0.985426, 0.604231, 0.714042, 0.732228, 0.477286, 0.045597, 0, 0.532185, 0.982017, 0.685443, 0.232775, 0.204385, 0.148505, 0.896586], [0.656367, 0.475431, 0.863276, 0.115248, 0.803203, 0.6972, 0.598978, 0, 0.112676, 0.256759, 0.155023, 0.83027, 0.897501, 0.945706], [0.360248, 0.686713, 0.695358, 0.154394, 0.080355, 0.770767, 0.088413, 0.319457, 0, 0.185015, 0.441953, 0.719519, 0.44921, 0.167857], [0.328686, 0.823137, 0.035797, 0.252252, 0.694325, 0.000119, 0.135424, 0.253012, 0.491372, 0, 0.031712, 0.353, 0.225427, 0.983005], [0.994165, 0.212415, 0.358112, 0.485742, 0.097744, 0.043401, 0.163465, 0.591443, 0.715604, 0.525377, 0, 0.964942, 0.556092, 0.069198], [0.660586, 0.12522, 0.485834, 0.698525, 0.075459, 0.283553, 0.130218, 0.314295, 0.884896, 0.774037, 0.780747, 0, 0.038278, 0.279414], [0.83122, 0.765239, 0.137362, 0.850735, 0.512891, 0.237418, 0.518802, 0.155947, 0.68534, 0.509898, 0.498822, 0.773282, 0, 0.73913], [0.37439, 0.077809, 0.505083, 0.197995, 0.706078, 0.620307, 0.804387, 0.452277, 0.445208, 0.790196, 0.096332, 0.229575, 0.277864, 0]]}