{"v_num": 14, "mat": [[0, 0.284809, 0.000184, 0.220201, 0.621008, 0.572272, 0.665236, 0.699423, 0.660397, 0.492541, 0.925807, 0.461481, 0.47861, 0.424973], [0.581375, 0, 0.46604, 0.799482, 0.872815, 0.679924, 0.76913, 0.028757, 0.119136, 0.820532, 0.637104, 0.288644, 0.180525, 0.379438], [0.925912, 0.295276, 0, 0.371579, 0.13446, 0.630154, 0.066495, 0.447585, 0.500525, 0.851963, 0.417561, 0.640886, 0.215518, 0.272643], [0.004754, 0.591918, 0.072484, 0, 0.471523, 0.883363, 0.285883, 0.078784, 0.647216, 0.56594, 0.184362, 0.338721, 0.548678, 0.911606], [0.220066, 0.488077, 0.616817, 0.869702, 0, 0.856293, 0.910329, 0.034548, 0.027536, 0.547306, 0.604144, 0.367176, 0.64606, 0.377614], [0.950416, 0.475708, 0.41025, 0.374342, 0.380228, 0, 0.009297, 0.628358, 0.440369, 0.902443, 0.995193, 0.349458, 0.156993, 0.91538], [0.055138, 0.16256, 0.176848, 0.469525, 0.637307, 0.247417, 0, 0.031638, 0.619026, 0.855961, 0.667259, 0.228054, 0.103756, 0.054882], [0.192218, 0.128919, 0.206018, 0.092709, 0.181993, 0.629673, 0.631148, 0, 0.117991, 0.710093, 0.781296, 0.702662, 0.623499, 0.610714], [0.104047, 0.488542, 0.15515, 0.180829, 0.721336, 0.217569, 0.614533, 0.7698, 0, 0.70631, 0.396605, 0.62253, 0.149997, 0.002491], [0.591636, 0.416202, 0.501955, 0.648592, 0.41344, 0.894362, 0.424564, 0.361529, 0.107804, 0, 0.305324, 0.179519, 0.290005, 0.15245], [0.783181, 0.083196, 0.73842, 0.67719, 0.680017, 0.909462, 0.395377, 0.73614, 0.198369, 0.062225, 0, 0.307944, 0.358723, 0.471702], [0.802571, 0.640567, 0.195804, 0.715105, 0.519862, 0.291725, 0.269964, 0.933073, 0.269112, 0.589741, 0.39436, 0, 0.372642, 0.036513], [0.625716, 0.263684, 0.061995, 0.523923, 0.621725, 0.162393, 0.470693, 0.970601, 0.373692, 0.200462, 0.947523, 0.496976, 0, 0.444118], [0.703882, 0.092104, 0.029284, 0.452893, 0.137128, 0.911803, 0.521693, 0.920644, 0.932399, 0.798467, 0.038899, 0.395215, 0.960533, 0]]}