{"v_num": 14, "mat": [[0, 0.784923, 0.391551, 0.970016, 0.165775, 0.79143, 0.385023, 0.526672, 0.432101, 0.156503, 0.33383, 0.685444, 0.518333, 0.720217], [0.087263, 0, 0.281343, 0.000282, 0.082804, 0.603409, 0.128983, 0.772714, 0.825583, 0.186752, 0.692176, 0.163029, 0.851891, 0.60944], [0.70378, 0.971289, 0, 0.247721, 0.540938, 0.325234, 0.206337, 0.108888, 0.876387, 0.987041, 0.758593, 0.217047, 0.685298, 0.184162], [0.487398, 0.027414, 0.84233, 0, 0.543009, 0.564765, 0.763887, 0.567555, 0.126472, 0.706193, 0.477855, 0.586229, 0.211931, 0.012114], [0.778887, 0.08929, 0.814345, 0.173173, 0, 0.809018, 0.069621, 0.087, 0.170968, 0.71099, 0.646522, 0.755808, 0.430628, 0.99046], [0.250743, 0.148712, 0.038003, 0.622622, 0.873226, 0, 0.492233, 0.829777, 0.902855, 0.841546, 0.636089, 0.859332, 0.776787, 0.760861], [0.574167, 0.085417, 0.755775, 0.488201, 0.53519, 0.477662, 0, 0.139321, 0.477284, 0.462597, 0.042143, 0.023047, 0.325351, 0.400505], [0.367039, 0.316627, 0.242294, 0.480501, 0.203015, 0.715476, 0.053585, 0, 0.473096, 0.202504, 0.697748, 0.318281, 0.710047, 0.248036], [0.808249, 0.308945, 0.659249, 0.161927, 0.856369, 0.501586, 0.919807, 0.63098, 0, 0.742901, 0.166029, 0.998918, 0.958518, 0.427659], [0.884525, 0.093566, 0.12685, 0.460365, 0.402565, 0.489847, 0.555566, 0.010427, 0.451454, 0, 0.709986, 0.893736, 0.598113, 0.922861], [0.375009, 0.293782, 0.858506, 0.938064, 0.853114, 0.362156, 0.790558, 0.939638, 0.920865, 0.974616, 0, 0.678093, 0.957167, 0.540533], [0.656122, 0.977375, 0.455852, 0.427056, 0.044616, 0.524274, 0.352847, 0.784812, 0.623501, 0.842108, 0.749955, 0, 0.761684, 0.287095], [0.333412, 0.709697, 0.11359, 0.232429, 0.418098, 0.96994, 0.174444, 0.519879, 0.583617, 0.051141, 0.795652, 0.178521, 0, 0.674336], [0.481324, 0.22522, 0.034695, 0.340536, 0.65089, 0.748691, 0.074864, 0.078482, 0.045748, 0.235407, 0.379514, 0.959605, 0.29531, 0]]}