{"v_num": 14, "mat": [[0, 0.597267, 0.932121, 0.217049, 0.882349, 0.816317, 0.172553, 0.13572, 0.361463, 0.466632, 0.537108, 0.073432, 0.090516, 0.093242], [0.022933, 0, 0.150974, 0.694482, 0.139618, 0.679758, 0.399362, 0.283296, 0.163043, 0.493211, 0.260218, 0.715541, 0.788213, 0.972694], [0.15505, 0.658885, 0, 0.376825, 0.476561, 0.902977, 0.040174, 0.015849, 0.196674, 0.944824, 0.551057, 0.746348, 0.748023, 0.985723], [0.120045, 0.326159, 0.293591, 0, 0.26649, 0.721995, 0.538698, 0.57689, 0.009457, 0.831315, 0.451491, 0.242073, 0.655281, 0.4702], [0.910266, 0.305361, 0.134551, 0.369364, 0, 0.111504, 0.170495, 0.669537, 0.108667, 0.831349, 0.954295, 0.969696, 0.153433, 0.699799], [0.72517, 0.85356, 0.767613, 0.691127, 0.788723, 0, 0.520882, 0.589652, 0.008596, 0.605537, 0.162254, 0.984715, 0.104352, 0.402067], [0.487415, 0.041296, 0.342451, 0.347502, 0.833179, 0.828175, 0, 0.167624, 0.530913, 0.149609, 0.34456, 0.636086, 0.104504, 0.350933], [0.919667, 0.420306, 0.13279, 0.867246, 0.69662, 0.240506, 0.192413, 0, 0.508566, 0.489337, 0.630458, 0.651423, 0.201694, 0.239838], [0.203379, 0.129643, 0.869844, 0.212856, 0.110528, 0.735698, 0.907512, 0.586422, 0, 0.625733, 0.698085, 0.201948, 0.310753, 0.53064], [0.960294, 0.789046, 0.496685, 0.506847, 0.541333, 0.278536, 0.784496, 0.813045, 0.365845, 0, 0.36538, 0.686535, 0.236111, 0.95185], [0.944187, 0.061143, 0.516054, 0.178422, 0.308344, 0.880839, 0.720828, 0.789359, 0.183941, 0.649504, 0, 0.880522, 0.720404, 0.188743], [0.042336, 0.667304, 0.902073, 0.893988, 0.66245, 0.612936, 0.559773, 0.100159, 0.184083, 0.982001, 0.472188, 0, 0.333382, 0.97632], [0.603047, 0.487537, 0.113073, 0.929869, 0.254913, 0.800831, 0.540459, 0.070984, 0.698888, 0.610365, 0.934998, 0.721879, 0, 0.227807], [0.169376, 0.352427, 0.219436, 0.573261, 0.560232, 0.290233, 0.802769, 0.433476, 0.090063, 0.364267, 0.562008, 0.423412, 0.205515, 0]]}