{"v_num": 14, "mat": [[0, 0.335383, 0.886484, 0.824748, 0.114409, 0.929146, 0.459655, 0.366255, 0.39456, 0.845234, 0.966793, 0.144675, 0.727598, 0.82197], [0.71854, 0, 0.129123, 0.759974, 0.090514, 0.348604, 0.86967, 0.395809, 0.484894, 0.892617, 0.72946, 0.424807, 0.712589, 0.692828], [0.974224, 0.729384, 0, 0.420432, 0.54967, 0.389674, 0.071452, 0.125268, 0.114578, 0.070586, 0.201378, 0.399144, 0.461095, 0.355512], [0.636483, 0.004586, 0.549676, 0, 0.053421, 0.542367, 0.880924, 0.594795, 0.495368, 0.429497, 0.799209, 0.774338, 0.725357, 0.365969], [0.491552, 0.337517, 0.179626, 0.507329, 0, 0.905222, 0.434744, 0.762792, 0.041818, 0.683178, 0.508503, 0.2177, 0.094499, 0.577045], [0.83635, 0.750675, 0.537659, 0.459477, 0.408076, 0, 0.267625, 0.045745, 0.444589, 0.738455, 0.189465, 0.841162, 0.635197, 0.744761], [0.2852, 0.731736, 0.902611, 0.886869, 0.452923, 0.245025, 0, 0.339999, 0.876708, 0.006946, 0.297273, 0.260492, 0.694047, 0.220853], [0.233064, 0.038053, 0.78832, 0.033788, 0.562497, 0.162141, 0.27575, 0, 0.441296, 0.361136, 0.666306, 0.036688, 0.938505, 0.747263], [0.076566, 0.617406, 0.014907, 0.809684, 0.655249, 0.230177, 0.673528, 0.710003, 0, 0.922137, 0.706685, 0.691658, 0.92351, 0.501754], [0.043771, 0.615935, 0.252314, 0.907815, 0.3229, 0.00158, 0.997492, 0.748224, 0.984258, 0, 0.624957, 0.635288, 0.771068, 0.568744], [0.557346, 0.453549, 0.200485, 0.999947, 0.890984, 0.9544, 0.224482, 0.008765, 0.15493, 0.407769, 0, 0.033931, 0.358897, 0.126281], [0.223029, 0.237294, 0.812834, 0.216304, 0.50178, 0.115008, 0.220274, 0.754099, 0.462172, 0.605244, 0.490508, 0, 0.02854, 0.250058], [0.57247, 0.395366, 0.657013, 0.745245, 0.99541, 0.654824, 0.696559, 0.028614, 0.435195, 0.115244, 0.863646, 0.667563, 0, 0.965752], [0.386042, 0.353704, 0.975727, 0.694412, 0.959, 0.691408, 0.168276, 0.616526, 0.285282, 0.234225, 0.001835, 0.729125, 0.703231, 0]]}