{"v_num": 14, "mat": [[0, 0.909688, 0.065836, 0.892692, 0.269975, 0.932939, 0.421241, 0.829401, 0.332492, 0.692731, 0.051808, 0.977748, 0.164424, 0.184267], [0.198342, 0, 0.559504, 0.355915, 0.907983, 0.506816, 0.106722, 0.98407, 0.192237, 0.728073, 0.788835, 0.671841, 0.577566, 0.666282], [0.645033, 0.757357, 0, 0.054363, 0.90025, 0.833404, 0.234227, 0.206653, 0.854471, 0.690064, 0.487944, 0.907844, 0.556031, 0.655436], [0.850319, 0.218838, 0.124803, 0, 0.161195, 0.112264, 0.373398, 0.84313, 0.475441, 0.524985, 0.195238, 0.189609, 0.295336, 0.339397], [0.445079, 0.083587, 0.533852, 0.797991, 0, 0.223582, 0.191921, 0.969921, 0.063188, 0.545952, 0.290868, 0.740641, 0.99657, 0.250755], [0.424926, 0.895789, 0.259822, 0.108317, 0.582944, 0, 0.199965, 0.152052, 0.185283, 0.763019, 0.259435, 0.075218, 0.22932, 0.056615], [0.890194, 0.691404, 0.302921, 0.81852, 0.716598, 0.098335, 0, 0.547553, 0.352875, 0.117957, 0.767698, 0.996572, 0.354917, 0.995627], [0.669121, 0.222757, 0.805946, 0.312135, 0.331826, 0.648944, 0.281884, 0, 0.214438, 0.983443, 0.309699, 0.785396, 0.876896, 0.923212], [0.80355, 0.466676, 0.597182, 0.921473, 0.026279, 0.8361, 0.262906, 0.336492, 0, 0.202899, 0.219705, 0.097814, 0.965701, 0.489019], [0.720674, 0.207346, 0.117201, 0.813421, 0.735764, 0.034068, 0.567092, 0.409281, 0.21781, 0, 0.306022, 0.163011, 0.603411, 0.870426], [0.406808, 0.428514, 0.61241, 0.183744, 0.522228, 0.83231, 0.580718, 0.712479, 0.775232, 0.159551, 0, 0.06752, 0.647067, 0.592944], [0.233961, 0.51721, 0.35901, 0.880328, 0.394849, 0.827662, 0.427122, 0.202366, 0.18127, 0.216662, 0.88978, 0, 0.378744, 0.083871], [0.749562, 0.213593, 0.697997, 0.569833, 0.986994, 0.297295, 0.011178, 0.077343, 0.455569, 0.727327, 0.827605, 0.883755, 0, 0.534744], [0.309181, 0.325663, 0.718981, 0.958823, 0.1603, 0.16559, 0.429995, 0.77507, 0.023357, 0.065801, 0.257952, 0.564182, 0.362129, 0]]}