{"v_num": 14, "mat": [[0, 0.674115, 0.73159, 0.665795, 0.013465, 0.546115, 0.372162, 0.820673, 0.715142, 0.51093, 0.880194, 0.460935, 0.131274, 0.620767], [0.544276, 0, 0.82449, 0.408192, 0.312349, 0.82653, 0.420451, 0.099908, 0.114028, 0.46134, 0.018335, 0.910625, 0.248309, 0.616271], [0.621631, 0.641696, 0, 0.421311, 0.329429, 0.522214, 0.171701, 0.946276, 0.130605, 0.60695, 0.120817, 0.660143, 0.457819, 0.466872], [0.643608, 0.050275, 0.080203, 0, 0.50945, 0.242536, 0.995616, 0.286028, 0.225884, 0.003812, 0.761753, 0.159253, 0.113625, 0.67242], [0.349366, 0.926127, 0.49081, 0.303251, 0, 0.289727, 0.460817, 0.63344, 0.037343, 0.300619, 0.886495, 0.136433, 0.800349, 0.577708], [0.129179, 0.385235, 0.197158, 0.656856, 0.667688, 0, 0.597176, 0.791685, 0.890944, 0.096126, 0.335153, 0.686831, 0.076979, 0.570501], [0.794515, 0.100911, 0.083562, 0.567041, 0.835807, 0.777239, 0, 0.636273, 0.86919, 0.073521, 0.804072, 0.482811, 0.415027, 0.726419], [0.525018, 0.773292, 0.665838, 0.56082, 0.619879, 0.352286, 0.549936, 0, 0.329839, 0.169855, 0.972126, 0.748485, 0.455559, 0.68407], [0.88658, 0.097661, 0.206032, 0.504071, 0.229488, 0.68768, 0.982947, 0.123186, 0, 0.025054, 0.042719, 0.26103, 0.275638, 0.148713], [0.931216, 0.6405, 0.112385, 0.012955, 0.350181, 0.096696, 0.425767, 0.621189, 0.310422, 0, 0.197406, 0.591734, 0.000846, 0.482919], [0.005146, 0.824692, 0.441126, 0.778107, 0.922682, 0.824061, 0.793673, 0.786783, 0.524556, 0.722694, 0, 0.968182, 0.966506, 0.281632], [0.142364, 0.094087, 0.59774, 0.152451, 0.647053, 0.478687, 0.226175, 0.862081, 0.223898, 0.047671, 0.566465, 0, 0.235837, 0.279809], [0.965299, 0.991378, 0.448475, 0.525685, 0.427507, 0.541954, 0.874051, 0.960063, 0.191296, 0.945342, 0.294803, 0.204923, 0, 0.559508], [0.187245, 0.521886, 0.459285, 0.284907, 0.861185, 0.298641, 0.894427, 0.705751, 0.360794, 0.058191, 0.932246, 0.639449, 0.445803, 0]]}