{"v_num": 14, "mat": [[0, 0.595743, 0.413702, 0.109601, 0.440187, 0.261699, 0.178065, 0.196795, 0.767241, 0.676225, 0.865085, 0.108524, 0.071003, 0.390724], [0.837015, 0, 0.398508, 0.943985, 0.077952, 0.704193, 0.651499, 0.035686, 0.949895, 0.678861, 0.903204, 0.640398, 0.2946, 0.796932], [0.962421, 0.821447, 0, 0.707735, 0.834467, 0.490778, 0.233701, 0.524119, 0.385921, 0.635983, 0.086839, 0.532204, 0.581026, 0.112265], [0.587876, 0.225364, 0.361266, 0, 0.54463, 0.440032, 0.661266, 0.731544, 0.558751, 0.353833, 0.959033, 0.984434, 0.352666, 0.017457], [0.982804, 0.230269, 0.418885, 0.17737, 0, 0.465848, 0.501015, 0.064206, 0.454718, 0.907988, 0.728468, 0.217545, 0.887837, 0.718166], [0.686945, 0.83125, 0.900235, 0.368633, 0.420174, 0, 0.754536, 0.625317, 0.690042, 0.688659, 0.860623, 0.398628, 0.654489, 0.977806], [0.535193, 0.843767, 0.761476, 0.787991, 0.225557, 0.415854, 0, 0.634657, 0.735653, 0.533903, 0.33207, 0.856931, 0.685502, 0.49523], [0.834029, 0.035281, 0.123035, 0.852633, 0.225862, 0.046351, 0.013184, 0, 0.045687, 0.504798, 0.386208, 0.42127, 0.511583, 0.823462], [0.80481, 0.327482, 0.134926, 0.046121, 0.371542, 0.968459, 0.108644, 0.108411, 0, 0.438099, 0.334894, 0.642397, 0.834643, 0.557495], [0.873356, 0.60203, 0.064904, 0.467465, 0.122764, 0.584853, 0.567162, 0.904581, 0.949591, 0, 2.7e-05, 0.812944, 0.697557, 0.07739], [0.135598, 0.844657, 0.836233, 0.282625, 0.29066, 0.566125, 0.372677, 0.459895, 0.4705, 0.706876, 0, 0.526926, 0.489333, 0.575562], [0.949888, 0.762137, 0.238015, 0.419469, 0.544202, 0.138245, 0.917742, 0.560113, 0.870164, 0.979452, 0.00746, 0, 0.900379, 0.819095], [0.743203, 0.942076, 0.835918, 0.20979, 0.628083, 0.272975, 0.807905, 0.135461, 0.714224, 0.003429, 0.436188, 0.311976, 0, 0.88427], [0.991786, 0.421223, 0.268618, 0.82651, 0.594406, 0.036443, 0.333422, 0.145763, 0.963098, 0.3148, 0.505416, 0.46172, 0.215853, 0]]}