{"v_num": 14, "mat": [[0, 0.822119, 0.836654, 0.81058, 0.939379, 0.458761, 0.023665, 0.948264, 0.87159, 0.131678, 0.51643, 0.236941, 0.78268, 0.46942], [0.573844, 0, 0.202134, 0.547742, 0.852592, 0.814178, 0.909604, 0.268193, 0.468347, 0.711065, 0.317049, 0.195731, 0.685275, 0.346495], [0.361461, 0.32407, 0, 0.729849, 0.380687, 0.112722, 0.269338, 0.828972, 0.704385, 0.543229, 0.630332, 0.056291, 0.114966, 0.344622], [0.499062, 0.922758, 0.420623, 0, 0.10905, 0.214035, 0.00994, 0.629722, 0.549346, 0.934842, 0.122375, 0.526949, 0.995185, 0.230651], [0.968704, 0.031439, 0.696478, 0.62042, 0, 0.867086, 0.239423, 0.80262, 0.662134, 0.711066, 0.284131, 0.021662, 0.274956, 0.799373], [0.717117, 0.767361, 0.799616, 0.962375, 0.421422, 0, 0.962525, 0.008607, 0.38256, 0.745233, 0.314928, 0.184554, 0.900674, 0.769872], [0.597778, 0.606456, 0.743129, 0.882405, 0.615683, 0.265691, 0, 0.038998, 0.243197, 0.506955, 0.20874, 0.905127, 0.924391, 0.564626], [0.169218, 0.968617, 0.365955, 0.165736, 0.743442, 0.985071, 0.955836, 0, 0.252511, 0.860455, 0.264329, 0.030006, 0.773917, 0.445965], [0.148078, 0.309457, 0.490477, 0.103398, 0.716895, 0.831374, 0.394041, 0.451984, 0, 0.161983, 0.172577, 0.602315, 0.776948, 0.899822], [0.325893, 0.54594, 0.761724, 0.979932, 0.305771, 0.178929, 0.834436, 0.802344, 0.664611, 0, 0.626212, 0.090785, 0.098325, 0.411951], [0.690277, 0.193412, 0.272665, 0.273119, 0.069246, 0.412908, 0.282426, 0.548797, 0.079772, 0.80584, 0, 0.729887, 0.294435, 0.330646], [0.436294, 0.609129, 0.816986, 0.513297, 0.708152, 0.457084, 0.389411, 0.272241, 0.748201, 0.412986, 0.61119, 0, 0.106062, 0.523219], [0.99589, 0.487662, 0.660707, 0.169606, 0.76137, 0.220036, 0.641973, 0.059338, 0.850499, 0.670246, 0.19648, 0.422932, 0, 0.858554], [0.951157, 0.537706, 0.621293, 0.897776, 0.935494, 0.474611, 0.085907, 0.718961, 0.710114, 0.884748, 0.648726, 0.588403, 0.036006, 0]]}