{"v_num": 14, "mat": [[0, 0.790771, 0.124425, 0.264445, 0.887112, 0.462401, 0.447777, 0.960753, 0.620536, 0.829084, 0.03829, 0.699121, 0.027794, 0.806703], [0.729432, 0, 0.426002, 0.788048, 0.890008, 0.301782, 0.096905, 0.044851, 0.109737, 0.078108, 0.861514, 0.40896, 0.601065, 0.682961], [0.927314, 0.325727, 0, 0.407441, 0.353234, 0.209557, 0.430899, 0.902416, 0.498768, 0.133035, 0.996968, 0.900601, 0.898643, 0.817457], [0.231615, 0.934714, 0.641622, 0, 0.768089, 0.355872, 0.791145, 0.969159, 0.742078, 0.386331, 0.337062, 0.452045, 0.723243, 0.288852], [0.088954, 0.635948, 0.41936, 0.00184, 0, 0.194788, 0.997373, 0.591556, 0.171863, 0.887698, 0.304836, 0.703233, 0.248439, 0.202365], [0.529223, 0.642865, 0.137336, 0.210868, 0.821262, 0, 0.277296, 0.471135, 0.336881, 0.585726, 0.124205, 0.748782, 0.927332, 0.304147], [0.406211, 0.128602, 0.515701, 0.010843, 0.166368, 0.181148, 0, 0.554916, 0.883103, 0.538874, 0.33674, 0.088482, 0.477817, 0.666145], [0.186924, 0.902708, 0.452008, 0.804658, 0.934731, 0.559945, 0.561462, 0, 0.807476, 0.100485, 0.553759, 0.50014, 0.313787, 0.222374], [0.498947, 0.118475, 0.424208, 0.10766, 0.348762, 0.31513, 0.350945, 0.609717, 0, 0.336595, 0.634525, 0.015677, 0.674108, 0.941838], [0.119453, 0.661468, 0.984878, 0.430292, 0.781925, 0.525326, 0.937197, 0.473989, 0.599582, 0, 0.43186, 0.348843, 0.989361, 0.892105], [0.942635, 0.662604, 0.806386, 0.373182, 0.733154, 0.650811, 0.868146, 0.37169, 0.50257, 0.827595, 0, 0.997308, 0.570728, 0.495063], [0.428341, 0.458024, 0.81381, 0.531121, 0.452112, 0.520328, 0.537016, 0.199352, 0.029531, 0.462786, 0.854776, 0, 0.208784, 0.271839], [0.149956, 0.96108, 0.740553, 0.073085, 0.111342, 0.055752, 0.971021, 0.234196, 0.315349, 0.540917, 0.227904, 0.740024, 0, 0.161567], [0.794293, 0.254594, 0.213108, 0.928134, 0.904866, 0.757054, 0.289096, 0.78606, 0.785744, 0.35474, 0.467814, 0.566853, 0.46326, 0]]}