{"v_num": 14, "mat": [[0, 0.933084, 0.155432, 0.574932, 0.056275, 0.740443, 0.253758, 0.690013, 0.355178, 0.916644, 0.232288, 0.202806, 0.566247, 0.15015], [0.219279, 0, 0.221098, 0.626458, 0.686988, 0.017388, 0.283241, 0.698416, 0.891453, 0.380358, 0.173382, 0.110671, 0.909233, 0.437094], [0.735889, 0.817405, 0, 0.782615, 0.944611, 0.835403, 0.119043, 0.375515, 0.918791, 0.23246, 0.994777, 0.394052, 0.171904, 0.671825], [0.919428, 0.237167, 0.123638, 0, 0.828277, 0.168804, 0.247875, 0.444978, 0.951654, 0.605749, 0.286977, 0.561271, 0.720648, 0.778772], [0.528757, 0.710925, 0.085781, 0.405437, 0, 0.485254, 0.937996, 0.121686, 0.80207, 0.937008, 0.471714, 0.267187, 0.00792, 0.147388], [0.94467, 0.870718, 0.844784, 0.694599, 0.815963, 0, 0.314682, 0.992879, 0.824463, 0.801092, 0.22104, 0.201234, 0.456372, 0.226441], [0.135145, 0.87949, 0.223197, 0.680338, 0.662881, 0.728511, 0, 0.894055, 0.245729, 0.145869, 0.381524, 0.592616, 0.958955, 0.899295], [0.623804, 0.861916, 0.351706, 0.535566, 0.549483, 0.572795, 0.467623, 0, 0.493653, 0.665159, 0.879898, 0.028744, 0.997358, 0.043873], [0.962946, 0.267585, 0.188015, 0.546612, 0.554675, 0.805795, 0.042747, 0.159272, 0, 0.822679, 0.741746, 0.344808, 0.265245, 0.580127], [0.231627, 0.333277, 0.983876, 0.229769, 0.292641, 0.545018, 0.203439, 0.783788, 0.43898, 0, 0.279188, 0.42336, 0.93764, 0.909272], [0.167161, 0.258508, 0.711814, 0.894077, 0.915552, 0.86027, 0.716155, 0.573837, 0.097732, 0.75771, 0, 0.031326, 0.481223, 0.475238], [0.102727, 0.598131, 0.448163, 0.348856, 0.451957, 0.588334, 0.052227, 0.687972, 0.978821, 0.475963, 0.474199, 0, 0.069657, 0.401893], [0.820462, 0.014568, 0.340224, 0.691483, 0.968285, 0.460759, 0.047546, 0.224887, 0.314733, 0.446374, 0.509447, 0.809724, 0, 0.459806], [0.138736, 0.597904, 0.065687, 0.005069, 0.697612, 0.797751, 0.310104, 0.626664, 0.466814, 0.816677, 0.822557, 0.632268, 0.57761, 0]]}