{"v_num": 14, "mat": [[0, 0.637763, 0.126217, 0.682851, 0.558481, 0.72384, 0.972979, 0.29801, 0.897955, 0.635228, 0.724378, 0.795121, 0.321551, 0.939176], [0.214578, 0, 0.360677, 0.676476, 0.325836, 0.768185, 0.135671, 0.227951, 0.19556, 0.547401, 0.959118, 0.277327, 0.80839, 0.401603], [0.275888, 0.24453, 0, 0.060347, 0.920201, 0.017317, 0.641614, 0.768781, 0.159697, 0.224208, 0.305297, 0.742523, 0.898642, 0.005075], [0.855167, 0.500641, 0.97044, 0, 0.559936, 0.193324, 0.423164, 0.803644, 0.684027, 0.78144, 0.748589, 0.877032, 0.439656, 0.921367], [0.372856, 0.285476, 0.17676, 0.904186, 0, 0.163891, 0.58993, 0.097985, 0.209708, 0.617834, 0.679599, 0.71983, 0.72706, 0.604474], [0.325746, 0.761711, 0.588189, 0.225459, 0.65705, 0, 0.406643, 0.630941, 0.782499, 0.681035, 0.696734, 0.382823, 0.015239, 0.032835], [0.679285, 0.822401, 0.41985, 0.141649, 0.350828, 0.761571, 0, 0.941748, 0.322687, 0.913196, 0.497865, 0.250459, 0.842282, 0.745738], [0.806014, 0.525785, 0.726735, 0.467351, 0.117967, 0.932166, 0.931241, 0, 0.749798, 0.467499, 0.7911, 0.263498, 0.795138, 0.741966], [0.745221, 0.922724, 0.261478, 0.318773, 0.454594, 0.09109, 0.818424, 0.502539, 0, 0.190742, 0.953285, 0.302891, 0.290354, 0.601315], [0.897225, 0.287921, 0.045614, 0.694741, 0.856522, 0.12557, 0.531799, 0.499304, 0.255729, 0, 0.857435, 0.530854, 0.621054, 0.970415], [0.088444, 0.202608, 0.139087, 0.709256, 0.66297, 0.691106, 0.687625, 0.697197, 0.487496, 0.151397, 0, 0.138362, 0.672862, 0.732965], [0.377967, 0.20554, 0.901458, 0.102144, 0.34336, 0.181512, 0.969537, 0.486619, 0.937116, 0.662079, 0.604953, 0, 0.345468, 0.518812], [0.7661, 0.40111, 0.473154, 0.421673, 0.870459, 0.911298, 0.890404, 0.107702, 0.873829, 0.492164, 0.10979, 0.727636, 0, 0.136448], [0.612467, 0.960912, 0.749825, 0.394017, 0.505072, 0.164551, 0.263618, 0.092358, 0.642422, 0.199877, 0.501685, 0.182257, 0.246645, 0]]}