{"v_num": 14, "mat": [[0, 0.857928, 0.203902, 0.586971, 0.154563, 0.427485, 0.469713, 0.59554, 0.90274, 0.709983, 0.157566, 0.059813, 0.95747, 0.693955], [0.611831, 0, 0.311231, 0.797515, 0.650806, 0.405228, 0.270826, 0.184582, 0.946845, 0.033179, 0.312521, 0.161209, 0.611361, 0.2386], [0.770192, 0.418217, 0, 0.593867, 0.448323, 0.494236, 0.625088, 0.586348, 0.525755, 0.071122, 0.945854, 0.478115, 0.980994, 0.774887], [0.560955, 0.5729, 0.015987, 0, 0.624643, 0.628566, 0.11312, 0.264709, 0.340691, 0.173533, 0.380446, 0.917347, 0.468792, 0.430179], [0.122011, 0.271742, 0.079121, 0.752501, 0, 0.278105, 0.561894, 0.151036, 0.105876, 0.620331, 0.243004, 0.009511, 0.500653, 0.205894], [0.936493, 0.716638, 0.200384, 0.103485, 0.461943, 0, 0.091564, 0.772319, 0.844179, 0.612654, 0.117407, 0.773095, 0.533726, 0.082625], [0.412396, 0.925316, 0.64514, 0.526491, 0.707274, 0.721555, 0, 0.997756, 0.962438, 0.848079, 0.274739, 0.292902, 0.816085, 0.55809], [0.33, 0.790786, 0.82581, 0.811968, 0.429499, 0.144061, 0.008124, 0, 0.562101, 0.392261, 0.997188, 0.411114, 0.048428, 0.950688], [0.721875, 0.005665, 0.551622, 0.54999, 0.220773, 0.341043, 0.012837, 0.365441, 0, 0.985674, 0.303556, 0.681073, 0.12407, 0.367331], [0.990888, 0.309697, 0.240735, 0.592829, 0.476617, 0.778575, 0.582964, 0.012437, 0.00416, 0, 0.834526, 0.327464, 0.016811, 0.324413], [0.938834, 0.103161, 0.536128, 0.390032, 0.413955, 0.151874, 0.986952, 0.730438, 0.038443, 0.718717, 0, 0.761264, 0.46584, 0.930117], [0.154517, 0.400756, 0.825765, 0.171647, 0.371399, 0.572786, 0.099544, 0.385494, 0.7798, 0.50437, 0.697242, 0, 0.026788, 0.886872], [0.197434, 0.209125, 0.999829, 0.424369, 0.785413, 0.271189, 0.463096, 0.040553, 0.531949, 0.171612, 0.601244, 0.329796, 0, 0.739987], [0.752818, 0.478738, 0.047756, 0.166121, 0.399508, 0.713531, 0.979473, 0.301859, 0.96222, 0.941745, 0.777481, 0.802944, 0.990464, 0]]}