{"v_num": 14, "mat": [[0, 0.088415, 0.676217, 0.460207, 0.023071, 0.479468, 0.667596, 0.260692, 0.71589, 0.584858, 0.957813, 0.252357, 0.417724, 0.57807], [0.377892, 0, 0.804251, 0.65556, 0.14762, 0.701183, 0.93322, 0.724662, 0.43979, 0.347685, 0.748542, 0.148319, 0.922571, 0.572975], [0.8828, 0.022761, 0, 0.724025, 0.913803, 0.876284, 0.790937, 0.19345, 0.030376, 0.937963, 0.529146, 0.956327, 0.472747, 0.999147], [0.415256, 0.375612, 0.33388, 0, 0.492327, 0.23995, 0.315589, 0.365981, 0.384838, 0.808638, 0.662514, 0.481372, 0.045704, 0.866447], [0.092386, 0.368421, 0.717009, 0.979148, 0, 0.766783, 0.848587, 0.514382, 0.935056, 0.208962, 0.52183, 0.320867, 0.630757, 0.971791], [0.987431, 0.898553, 0.294798, 0.897215, 0.631108, 0, 0.058503, 0.310092, 0.30703, 0.891998, 0.145271, 0.55721, 0.46393, 0.879289], [0.556548, 0.628656, 0.152255, 0.052343, 0.612641, 0.143503, 0, 0.668778, 0.11286, 0.085261, 0.129832, 0.335212, 0.368923, 0.414329], [0.280422, 0.153137, 0.309734, 0.937103, 0.990969, 0.167144, 0.533124, 0, 0.695945, 0.037803, 0.606873, 0.252231, 0.022693, 0.661517], [0.555314, 0.247116, 0.844743, 0.394949, 0.355443, 0.034556, 0.63729, 0.336753, 0, 0.465892, 0.442087, 0.250032, 0.43855, 0.6072], [0.193722, 0.168921, 0.370629, 0.665504, 0.291006, 0.310486, 0.017463, 0.722579, 0.467957, 0, 0.035164, 0.958411, 0.619168, 0.226882], [0.389494, 0.685903, 0.458924, 0.790583, 0.243236, 0.434357, 0.643751, 0.930555, 0.071773, 0.356764, 0, 0.782508, 0.729386, 0.132946], [0.652558, 0.921983, 0.058459, 0.621511, 0.439251, 0.952526, 0.975412, 0.605428, 0.065714, 0.814233, 0.366702, 0, 0.744932, 0.777486], [0.371898, 0.543802, 0.778906, 0.042491, 0.895916, 0.171643, 0.81463, 0.200214, 0.743261, 0.455318, 0.923877, 0.832373, 0, 0.860822], [0.169956, 0.602173, 0.519955, 0.322768, 0.54882, 0.266508, 0.403319, 0.544008, 0.696599, 0.144872, 0.663378, 0.006979, 0.227506, 0]]}