{"v_num": 14, "mat": [[0, 0.976804, 0.596646, 0.044163, 0.741118, 0.403471, 0.397273, 0.53816, 0.963311, 0.542097, 0.970644, 0.100392, 0.540872, 0.894238], [0.294065, 0, 0.897319, 0.272167, 0.179137, 0.050976, 0.712335, 0.897406, 0.234953, 0.081314, 0.280008, 0.585897, 0.759206, 0.923271], [0.197263, 0.90821, 0, 0.94915, 0.220829, 0.377552, 0.699983, 0.401796, 0.628831, 0.576115, 0.587366, 0.132893, 0.232173, 0.513634], [0.987116, 0.124829, 0.543095, 0, 0.216058, 0.902004, 0.667487, 0.65708, 0.194797, 0.488227, 0.114464, 0.163876, 0.473575, 0.438897], [0.227827, 0.366921, 0.426702, 0.67072, 0, 0.696225, 0.949793, 0.673012, 0.185827, 0.567592, 0.156279, 0.481029, 0.567957, 0.354059], [0.556823, 0.391999, 0.25344, 0.822507, 0.11849, 0, 0.438013, 0.668689, 0.140268, 0.465203, 0.828537, 0.693636, 0.263872, 0.962395], [0.207322, 0.403719, 0.527418, 0.114954, 0.205429, 0.222526, 0, 0.869233, 0.510314, 0.5524, 0.994985, 0.018036, 0.029729, 0.804221], [0.774816, 0.799587, 0.799633, 0.911107, 0.307257, 0.723932, 0.56816, 0, 0.77667, 0.997859, 0.712283, 0.061281, 0.031263, 0.000528], [0.422306, 0.50004, 0.31467, 0.277868, 0.385946, 0.578136, 0.288892, 0.414477, 0, 0.134318, 0.287598, 0.375415, 0.822574, 0.235257], [0.764534, 0.462455, 0.351029, 0.791909, 0.207584, 0.197246, 0.945212, 0.755197, 0.582062, 0, 0.677092, 0.401249, 0.807659, 0.459324], [0.130884, 0.892837, 0.068288, 0.140444, 0.438887, 0.01305, 0.122515, 0.297501, 0.666939, 0.75427, 0, 0.471194, 0.347014, 0.900881], [0.06295, 0.661224, 0.085183, 0.264996, 0.317496, 0.919572, 0.115114, 0.437746, 0.599888, 0.356816, 0.942481, 0, 0.302021, 0.39189], [0.990788, 0.169539, 0.245983, 0.578937, 0.456563, 0.303064, 0.781327, 0.559022, 0.360849, 0.052998, 0.117606, 0.99257, 0, 0.12047], [0.94971, 0.349419, 0.569152, 0.632912, 0.277259, 0.143419, 0.42624, 0.744615, 0.231148, 0.184313, 0.899714, 0.075852, 0.042725, 0]]}