{"v_num": 14, "mat": [[0, 0.774207, 0.091003, 0.691168, 0.800736, 0.418513, 0.483762, 0.406916, 0.753823, 0.322614, 0.976993, 0.689776, 0.995305, 0.031039], [0.63646, 0, 0.773108, 0.15172, 0.185115, 0.092514, 0.334806, 0.685021, 0.989592, 0.462871, 0.104653, 0.111415, 0.627057, 0.905196], [0.633935, 0.261808, 0, 0.599592, 0.480578, 0.724915, 0.331516, 0.010426, 0.726116, 0.134952, 0.306786, 0.106995, 0.487555, 0.197598], [0.044431, 0.131536, 0.020023, 0, 0.098147, 0.139024, 0.418962, 0.60856, 0.770464, 0.382513, 0.493479, 0.610397, 0.865571, 0.780629], [0.677331, 0.619482, 0.956772, 0.473263, 0, 0.791926, 0.661814, 0.04669, 0.112432, 0.133348, 0.722085, 0.925208, 0.597439, 0.143632], [0.341483, 0.654234, 0.588275, 0.393058, 0.695284, 0, 0.672782, 0.262862, 0.122388, 0.018371, 0.793042, 0.274757, 0.454082, 0.143923], [0.998497, 0.569947, 0.272098, 0.090359, 0.111426, 0.736709, 0, 0.68893, 0.668051, 0.672209, 0.202111, 0.556676, 0.327528, 0.60287], [0.924177, 0.35502, 0.161558, 0.53906, 0.291304, 0.877099, 0.19878, 0, 0.857077, 0.740639, 0.572526, 0.038008, 0.661672, 0.4656], [0.317823, 0.579198, 0.407086, 0.444395, 0.940988, 0.519729, 0.291425, 0.629636, 0, 0.212135, 0.28141, 0.784048, 0.577785, 0.819955], [0.080623, 0.764974, 0.341758, 0.156145, 0.08737, 0.62952, 0.116466, 0.833539, 0.203372, 0, 0.259628, 0.967435, 0.440951, 0.343855], [0.982774, 0.025512, 0.023101, 0.14614, 0.792416, 0.958564, 0.144859, 0.036609, 0.150274, 0.229984, 0, 0.366854, 0.035265, 0.819294], [0.434987, 0.631605, 0.091572, 0.124981, 0.046856, 0.233644, 0.849392, 0.391606, 0.011009, 0.77883, 0.849514, 0, 0.745021, 0.820567], [0.413465, 0.91321, 0.28131, 0.89371, 0.316648, 0.761336, 0.063858, 0.614698, 0.514991, 0.092729, 0.624575, 0.725573, 0, 0.392937], [0.562569, 0.146922, 0.344776, 0.953641, 0.694638, 0.325096, 0.414013, 0.47592, 0.961072, 0.811526, 0.848901, 0.756517, 0.1198, 0]]}