{"v_num": 14, "mat": [[0, 0.968603, 0.887214, 0.683666, 0.883069, 0.402673, 0.905016, 0.877679, 0.548491, 0.789647, 0.65091, 0.059141, 0.604316, 0.685949], [0.233373, 0, 0.210082, 0.406608, 0.769136, 0.533591, 0.148849, 0.750546, 0.334586, 0.805874, 0.550885, 0.392075, 0.984342, 0.769743], [0.182748, 0.627458, 0, 0.664098, 0.266648, 0.879577, 0.422695, 0.031935, 0.956987, 0.72393, 0.614498, 0.493603, 0.222549, 0.220381], [0.994224, 0.139448, 0.322558, 0, 0.976888, 0.916984, 0.106554, 0.487013, 0.883098, 0.950774, 0.275379, 0.276515, 0.593739, 0.193458], [0.713527, 0.670032, 0.899633, 0.346346, 0, 0.296551, 0.804888, 0.797406, 0.488213, 0.436305, 0.780282, 0.782541, 0.414287, 0.473031], [0.660509, 0.949407, 0.786787, 0.952072, 0.060239, 0, 0.861992, 0.345138, 0.831092, 0.455231, 0.773661, 0.410104, 0.677837, 0.391623], [0.689529, 0.381109, 0.342435, 0.528934, 0.627968, 0.365827, 0, 0.303462, 0.524083, 0.983698, 0.159244, 0.486594, 0.878862, 0.265016], [0.025797, 0.287854, 0.332665, 0.997746, 0.436553, 0.808329, 0.756883, 0, 0.070188, 0.186601, 0.543118, 0.801563, 0.630845, 0.249509], [0.56989, 0.252406, 0.449675, 0.539329, 0.121892, 0.926594, 0.438537, 0.403696, 0, 0.377489, 0.363221, 0.817252, 0.128034, 0.011772], [0.455782, 0.484427, 0.034545, 0.686414, 0.785303, 0.084069, 0.325557, 0.737712, 0.231709, 0, 0.159855, 0.778034, 0.771463, 0.607758], [0.640607, 0.27916, 0.551259, 0.054447, 0.407878, 0.689174, 0.012537, 0.96816, 0.413836, 0.072661, 0, 0.940287, 0.306816, 0.182686], [0.3477, 0.490677, 0.439181, 0.544432, 0.027844, 0.649748, 0.980719, 0.104966, 0.679455, 0.343132, 0.447849, 0, 0.481293, 0.809968], [0.494778, 0.084979, 0.73463, 0.936752, 0.263625, 0.087079, 0.61796, 0.546212, 0.097501, 0.290963, 0.998963, 0.171286, 0, 0.590535], [0.065978, 0.032445, 0.907346, 0.703709, 0.174608, 0.970046, 0.251573, 0.132977, 0.332771, 0.385375, 0.076987, 0.064903, 0.290567, 0]]}