{"v_num": 14, "mat": [[0, 0.726188, 0.404451, 0.552258, 0.267523, 0.72085, 0.56579, 0.847077, 0.359669, 0.112505, 0.974165, 0.185257, 0.386749, 0.913693], [0.139038, 0, 0.56753, 0.627938, 0.883821, 0.530189, 0.2289, 0.514176, 0.03124, 0.79322, 0.090403, 0.348486, 0.206756, 0.344725], [0.519891, 0.578356, 0, 0.105439, 0.741983, 0.109612, 0.857264, 0.46236, 0.928524, 0.858845, 0.590841, 0.448905, 0.712907, 0.472661], [0.689427, 0.686747, 0.926831, 0, 0.170476, 0.650852, 0.10244, 0.726987, 0.268388, 0.501096, 0.939069, 0.185422, 0.892091, 0.413941], [0.499399, 0.906942, 0.25646, 0.21527, 0, 0.748158, 0.838814, 0.376377, 0.192504, 0.11645, 0.375242, 0.415953, 0.303916, 0.082981], [0.823692, 0.463475, 0.864031, 0.678321, 0.555577, 0, 0.484784, 0.744587, 0.948693, 0.377133, 0.304268, 0.958702, 0.044999, 0.063549], [0.907884, 0.011072, 0.689364, 0.150509, 0.275404, 0.260101, 0, 0.140159, 0.14939, 0.487132, 0.91349, 0.316932, 0.053637, 0.49385], [0.409812, 0.615605, 0.809363, 0.107314, 0.992551, 0.101459, 0.347035, 0, 0.056334, 0.844016, 0.670743, 0.814769, 0.760426, 0.323094], [0.484943, 0.098512, 0.287362, 0.300385, 0.002801, 0.765649, 0.143221, 0.574089, 0, 0.68427, 0.232434, 0.562541, 0.129603, 0.408794], [0.905865, 0.416319, 0.511486, 0.765699, 0.562996, 0.423289, 0.071613, 0.971128, 0.418701, 0, 0.713601, 0.790324, 0.73409, 0.91925], [0.525659, 0.426571, 0.78699, 0.726349, 0.346886, 0.90722, 0.169609, 0.894044, 0.040021, 0.044362, 0, 0.36677, 0.805309, 0.987287], [0.036865, 0.820384, 0.992152, 0.307372, 0.31729, 0.297987, 0.655618, 0.091618, 0.315147, 0.523073, 0.02348, 0, 0.350837, 0.046623], [0.883618, 0.892488, 0.70616, 0.544291, 0.185885, 0.67579, 0.223319, 0.905326, 0.270654, 0.416914, 0.567756, 0.314388, 0, 0.353414], [0.018917, 0.136485, 0.878559, 0.456723, 0.47553, 0.144197, 0.148489, 0.05191, 0.967132, 0.902944, 0.117542, 0.164241, 0.983096, 0]]}