{"v_num": 14, "mat": [[0, 0.312149, 0.494585, 0.848723, 0.356766, 0.552884, 0.488945, 0.203659, 0.55993, 0.176974, 0.816767, 0.076816, 0.11033, 0.798417], [0.059282, 0, 0.523499, 0.089862, 0.038092, 0.094698, 0.520972, 0.44018, 0.678331, 0.750625, 0.141711, 0.036809, 0.584323, 0.249909], [0.264915, 0.358382, 0, 0.135722, 0.191394, 0.054673, 0.099833, 0.840944, 0.223515, 0.4881, 0.444521, 0.637355, 0.726321, 0.78906], [0.7066, 0.583094, 0.182574, 0, 0.167947, 0.93278, 0.382468, 0.528314, 0.556519, 0.799543, 0.081555, 0.974687, 0.100375, 0.787765], [0.26646, 0.63609, 0.950028, 0.29374, 0, 0.271449, 0.361599, 0.975332, 0.422435, 0.582001, 0.55595, 0.535526, 0.698048, 0.100478], [0.204567, 0.397831, 0.498694, 0.741162, 0.292366, 0, 0.314586, 0.384287, 0.807471, 0.535954, 0.965095, 0.354585, 0.358877, 0.558657], [0.742396, 0.328233, 0.219544, 0.192198, 0.842687, 0.182801, 0, 0.136893, 0.830443, 0.330002, 0.142578, 0.238527, 0.442206, 0.822789], [0.743022, 0.864309, 0.725438, 0.812222, 0.050384, 0.991252, 0.705787, 0, 0.758377, 0.285174, 0.154512, 0.132051, 0.410863, 0.392221], [0.852212, 0.069938, 0.74228, 0.7823, 0.130692, 0.592055, 0.255266, 0.951202, 0, 0.064399, 0.786281, 0.453022, 0.052644, 0.123063], [0.149723, 0.577748, 0.263415, 0.244114, 0.486732, 0.958929, 0.980264, 0.349224, 0.691779, 0, 0.769304, 0.705818, 0.769963, 0.374147], [0.577363, 0.384048, 0.615167, 0.010629, 0.07595, 0.086548, 0.988215, 0.05918, 0.347287, 0.932474, 0, 0.815874, 0.08993, 0.089602], [0.43521, 0.2865, 0.179106, 0.593156, 0.915187, 0.835015, 0.081074, 0.429991, 0.503325, 0.285541, 0.766922, 0, 0.287837, 0.04829], [0.282442, 0.576014, 0.211025, 0.458098, 0.710723, 0.633025, 0.961807, 0.155078, 0.619782, 0.986813, 0.450213, 0.659463, 0, 0.206726], [0.406635, 0.997777, 0.953627, 0.429078, 0.864733, 0.714741, 0.236471, 0.616164, 0.265181, 0.6805, 0.328024, 0.003569, 0.308637, 0]]}