{"v_num": 14, "mat": [[0, 0.31201, 0.515728, 0.345779, 0.833361, 0.162933, 0.700149, 0.779155, 0.123163, 0.663378, 0.384199, 0.876546, 0.61397, 0.556856], [0.443757, 0, 0.973381, 0.205513, 0.911777, 0.005627, 0.853075, 0.473564, 0.646766, 0.276432, 0.984622, 0.63127, 0.111445, 0.667769], [0.171601, 0.600141, 0, 0.109151, 0.985142, 0.071444, 0.198117, 0.617239, 0.815531, 0.880717, 0.334937, 0.743889, 0.465975, 0.626094], [0.263805, 0.433239, 0.018776, 0, 0.556775, 0.256411, 0.99634, 0.794409, 0.921482, 0.536379, 0.270821, 0.753852, 0.333321, 0.029129], [0.182872, 0.869229, 0.265199, 0.42054, 0, 0.067141, 0.949087, 0.860321, 0.45753, 0.306379, 0.946956, 0.032218, 0.832167, 0.019779], [0.867628, 0.523921, 0.694081, 0.662309, 0.521432, 0, 0.737906, 0.32636, 0.938538, 0.788095, 0.987813, 0.829889, 0.778313, 0.282448], [0.755068, 0.773406, 0.006679, 0.742722, 0.587019, 0.431663, 0, 0.141814, 0.818824, 0.977263, 0.594736, 0.520104, 0.216139, 0.458931], [0.067614, 0.965395, 0.90315, 0.722234, 0.349198, 0.428803, 0.988561, 0, 0.623858, 0.568875, 0.177463, 0.411009, 0.961455, 0.328097], [0.171839, 0.22286, 0.701977, 0.310117, 0.787111, 0.803943, 0.626819, 0.054018, 0, 0.903464, 0.172236, 0.273629, 0.865249, 0.126862], [0.446527, 0.535136, 0.857926, 0.523803, 0.761148, 0.214786, 0.897817, 0.172677, 0.543867, 0, 0.735291, 0.057632, 0.884505, 0.433906], [0.368237, 0.552121, 0.51378, 0.148566, 0.142742, 0.771942, 0.414847, 0.018315, 0.277547, 0.531117, 0, 0.404228, 0.303975, 0.718699], [0.546447, 0.135216, 0.277381, 0.486843, 0.798432, 0.457926, 0.489408, 0.912442, 0.379395, 0.548852, 0.23006, 0, 0.014178, 0.046193], [0.553694, 0.778603, 0.707317, 0.3452, 0.155079, 0.21577, 0.317161, 0.104094, 0.095539, 0.40943, 0.071079, 0.094646, 0, 0.769639], [0.882147, 0.824996, 0.495671, 0.549151, 0.069681, 0.655002, 0.272753, 0.452776, 0.907028, 0.654669, 0.235119, 0.706138, 0.222092, 0]]}