{"v_num": 14, "mat": [[0, 0.776933, 0.980993, 0.435061, 0.893344, 0.081848, 0.474615, 0.484378, 0.683003, 0.805039, 0.800033, 0.729763, 0.903012, 0.450526], [0.008921, 0, 0.092847, 0.902174, 0.650346, 0.597398, 0.054342, 0.837514, 0.614939, 0.124045, 0.677601, 0.345453, 0.863646, 0.597214], [0.376923, 0.25232, 0, 0.460368, 0.84488, 0.742758, 0.884706, 0.628198, 0.003318, 0.954155, 0.890988, 0.164405, 0.367634, 0.834993], [0.65267, 0.32209, 0.102081, 0, 0.531513, 0.799497, 0.169223, 0.815228, 0.541905, 0.097418, 0.795984, 0.673803, 0.35012, 0.194632], [0.756168, 0.866338, 0.655832, 0.395652, 0, 0.326298, 0.344658, 0.91662, 0.546521, 0.252823, 0.692431, 0.085893, 0.986356, 0.585962], [0.783228, 0.392194, 0.724093, 0.641504, 0.521189, 0, 0.786877, 0.435014, 0.401457, 0.298733, 0.181495, 0.05019, 0.217757, 0.376053], [0.057113, 0.416596, 0.174727, 0.825159, 0.558449, 0.761272, 0, 0.502261, 0.610872, 0.675215, 0.688487, 0.002205, 0.982464, 0.660046], [0.790473, 0.437489, 0.649119, 0.46167, 0.782008, 0.84265, 0.628435, 0, 0.295479, 0.959187, 0.624102, 0.535917, 0.566389, 0.54022], [0.3243, 0.16846, 0.954412, 0.440985, 0.567234, 0.381912, 0.904103, 0.847166, 0, 0.658353, 0.836602, 0.462844, 0.688357, 0.68827], [0.746144, 0.199805, 0.144032, 0.270231, 0.384391, 0.329336, 0.512456, 0.484174, 0.831442, 0, 0.605957, 0.127663, 0.170123, 0.320352], [0.122524, 0.245223, 0.34385, 0.456397, 0.203134, 0.352319, 0.935939, 0.391858, 0.598325, 0.698816, 0, 0.36724, 0.971794, 0.16393], [0.118489, 0.457112, 0.770164, 0.910708, 0.203174, 0.120376, 0.417316, 0.698127, 0.812086, 0.624064, 0.801025, 0, 0.29253, 0.773484], [0.844449, 0.532704, 0.766634, 0.373226, 0.424328, 0.187503, 0.076134, 0.5763, 0.645386, 0.994129, 0.844154, 0.792076, 0, 0.793776], [0.261341, 0.106126, 0.177075, 0.649509, 0.061444, 0.636038, 0.915778, 0.835584, 0.173708, 0.560597, 0.785263, 0.269997, 0.462792, 0]]}