{"v_num": 14, "mat": [[0, 0.20182, 0.592634, 0.196787, 0.287444, 0.887938, 0.277684, 0.144642, 0.194143, 0.233406, 0.235741, 0.064322, 0.845986, 0.192969], [0.588887, 0, 0.592424, 0.088762, 0.851829, 0.177309, 0.413933, 0.058469, 0.89043, 0.721338, 0.449896, 0.031367, 0.361652, 0.756958], [0.718556, 0.366101, 0, 0.310913, 0.457275, 0.318138, 0.442495, 0.777494, 0.870355, 0.806955, 0.976038, 0.074143, 0.459541, 0.616118], [0.002091, 0.473747, 0.352608, 0, 0.214928, 0.318329, 0.110621, 0.94323, 0.852976, 0.490661, 0.193002, 0.645914, 0.291658, 0.889847], [0.53615, 0.489359, 0.995448, 0.894789, 0, 0.606948, 0.766804, 0.141813, 0.119436, 0.049074, 0.337699, 0.21591, 0.955717, 0.413507], [0.358625, 0.663025, 0.504591, 0.788207, 0.571179, 0, 0.374707, 0.879583, 0.335624, 0.869501, 0.908318, 0.072056, 0.236096, 0.578331], [0.715117, 0.069111, 0.365153, 0.34192, 0.296691, 0.319512, 0, 0.441761, 0.664669, 0.239903, 0.538564, 0.252851, 0.866924, 0.1677], [0.224871, 0.395059, 0.720965, 0.582329, 0.14113, 0.090722, 0.11438, 0, 0.338802, 0.455738, 0.951765, 0.37519, 0.510751, 0.877349], [0.038134, 0.424107, 0.736579, 0.908116, 0.123105, 0.077348, 0.94395, 0.095235, 0, 0.218763, 0.443911, 0.001559, 0.523388, 0.714774], [0.341092, 0.563105, 0.443666, 0.223288, 0.28078, 0.135008, 0.915553, 0.861105, 0.664565, 0, 0.023402, 0.917214, 0.710696, 0.163989], [0.099053, 0.309053, 0.231126, 0.267338, 0.33823, 0.883833, 0.539875, 0.28045, 0.753104, 0.649187, 0, 0.256845, 0.174517, 0.906385], [0.235408, 0.569839, 0.216768, 0.501804, 0.861672, 0.692918, 0.793314, 0.577006, 0.667617, 0.443826, 0.906491, 0, 0.16105, 0.1579], [0.340507, 0.454608, 0.170582, 0.920216, 0.735233, 0.811684, 0.379335, 0.687388, 0.425184, 0.185052, 0.504524, 0.33854, 0, 0.675977], [0.812987, 0.63717, 0.370047, 0.001531, 0.547848, 0.584683, 0.410233, 0.465117, 0.331201, 0.644846, 0.164494, 0.737398, 0.027849, 0]]}