{
    "v_num": 12,
    "mat": [
        [0, 0.805532, 0.705309, 0.390131, 0.288146, 0.639837, 0.879291, 0.423135, 0.762684, 0.052062, 0.373102, 0.402793],
        [0.431314, 0, 0.269858, 0.457206, 0.185843, 0.143346, 0.29868, 0.150577, 0.520446, 0.766746, 0.954039, 0.560137],
        [0.245471, 0.125172, 0, 0.832584, 0.894051, 0.396852, 0.063152, 0.632275, 0.2619, 0.562869, 0.529582, 0.292103],
        [0.204447, 0.169643, 0.724903, 0, 0.236698, 0.52569, 0.834278, 0.982479, 0.015025, 0.181467, 0.602134, 0.017787],
        [0.87632, 0.679097, 0.197882, 0.469608, 0, 0.251955, 0.728668, 0.048124, 0.629711, 0.687379, 0.675952, 0.667026],
        [0.442336, 0.371909, 0.191346, 0.529505, 0.651544, 0, 0.35962, 0.587523, 0.372805, 0.227368, 0.696043, 0.825934],
        [0.558558, 0.111067, 0.502083, 0.069325, 0.027304, 0.81927, 0, 0.006071, 0.872845, 0.432584, 0.474919, 0.197906],
        [0.818027, 0.241168, 0.54477, 0.741872, 0.601754, 0.646717, 0.568795, 0, 0.8714, 0.933244, 0.696573, 0.487403],
        [0.801951, 0.20485, 0.90015, 0.15656, 0.617902, 0.43316, 0.452182, 0.445369, 0, 0.481022, 0.003563, 0.453591],
        [0.555252, 0.506497, 0.663565, 0.666392, 0.700499, 0.45265, 0.00652, 0.952361, 0.672684, 0, 0.410952, 0.994083],
        [0.754981, 0.152003, 0.867937, 0.120478, 0.098822, 0.644381, 0.014344, 0.822626, 0.823381, 0.587659, 0, 0.82346],
        [0.829481, 0.188581, 0.22671, 0.748835, 0.59193, 0.131456, 0.729326, 0.019003, 0.91467, 0.432834, 0.649992, 0]
    ]
}