{"v_num": 12, "mat": [[0, 0.645929, 0.379127, 0.898131, 0.204232, 0.37946, 0.095183, 0.634002, 0.379383, 0.147774, 0.659702, 0.068405], [0.884546, 0, 0.077576, 0.543747, 0.87268, 0.86052, 0.573226, 0.992376, 0.459566, 0.106648, 0.307882, 0.990704], [0.13687, 0.445181, 0, 0.82548, 0.012601, 0.439286, 0.948291, 0.073353, 0.816203, 0.672059, 0.626178, 0.170923], [0.270416, 0.335886, 0.576106, 0, 0.293921, 0.677269, 0.604483, 0.127397, 0.062427, 0.042586, 0.471325, 0.661625], [0.325137, 0.85, 0.660146, 0.993578, 0, 0.217263, 0.48492, 0.054885, 0.411112, 0.483941, 0.921045, 0.827294], [0.808675, 0.67246, 0.112274, 0.004446, 0.05437, 0, 0.266168, 0.847617, 0.848015, 0.58694, 0.422121, 0.969532], [0.674102, 0.242477, 0.014135, 0.112275, 0.761804, 0.609897, 0, 0.373829, 0.780884, 0.052382, 0.265509, 0.315344], [0.999083, 0.071888, 0.527881, 0.051216, 0.994201, 0.559188, 0.022354, 0, 0.481277, 0.815076, 0.831541, 0.30475], [0.43377, 0.082919, 0.623347, 0.278667, 0.642782, 0.812793, 0.816045, 0.397861, 0, 0.692366, 0.836836, 0.079618], [0.09963, 0.714285, 0.872646, 0.121482, 0.889976, 0.253683, 0.063452, 0.722083, 0.697771, 0, 0.485829, 0.390228], [0.181789, 0.363026, 0.289381, 0.677282, 0.511483, 0.016697, 0.921015, 0.214588, 0.741254, 0.277282, 0, 0.576991], [0.656956, 0.824593, 0.156438, 0.336563, 0.729945, 0.383959, 0.900053, 0.341759, 0.830767, 0.182166, 0.812667, 0]]}