{"v_num": 12, "mat": [[0, 0.478025, 0.278291, 0.685603, 0.557412, 0.291344, 0.455766, 0.349865, 0.156758, 0.93079, 0.865093, 0.827397], [0.194316, 0, 0.219441, 0.42007, 0.132964, 0.769866, 0.056071, 0.581032, 0.205598, 0.169339, 0.610401, 0.336726], [0.483423, 0.103128, 0, 0.68236, 0.032692, 0.224663, 0.503744, 0.164379, 7.2e-05, 0.616885, 0.68319, 0.072828], [0.917421, 0.968601, 0.548437, 0, 0.693207, 0.138319, 0.583145, 0.049892, 0.780486, 0.730658, 0.565096, 0.653385], [0.373294, 0.289447, 0.92794, 0.330493, 0, 0.784937, 0.68992, 0.195412, 0.237019, 0.060661, 0.083109, 0.532631], [0.356792, 0.242512, 0.088065, 0.964755, 0.08641, 0, 0.200624, 0.577244, 0.043814, 0.468148, 0.482287, 0.09038], [0.075772, 0.770273, 0.733919, 0.930627, 0.271683, 0.876221, 0, 0.637552, 0.292903, 0.162295, 0.920079, 0.616278], [0.839398, 0.06126, 0.166373, 0.646095, 0.805171, 0.228615, 0.16858, 0, 0.154359, 0.771208, 0.059472, 0.564978], [0.269406, 0.192657, 0.836367, 0.049405, 0.039946, 0.13921, 0.117141, 0.415261, 0, 0.312197, 0.28573, 0.942184], [0.322718, 0.684972, 0.562456, 0.79254, 0.66726, 0.167872, 0.437845, 0.576271, 0.594143, 0, 0.127574, 0.281025], [0.144954, 0.112672, 0.962023, 0.562983, 0.361312, 0.526486, 0.773205, 0.31414, 0.210974, 0.743943, 0, 0.093919], [0.564841, 0.243077, 0.763288, 0.099989, 0.291651, 0.169898, 0.152609, 0.152456, 0.920123, 0.355279, 0.440862, 0]]}