{"v_num": 12, "mat": [[0, 0.992858, 0.737791, 0.875149, 0.418505, 0.658499, 0.247364, 0.449399, 0.900646, 0.990699, 0.718605, 0.851911], [0.620297, 0, 0.666141, 0.733725, 0.268102, 0.436501, 0.86692, 0.312816, 0.577451, 0.080364, 0.352282, 0.132889], [0.468884, 0.914309, 0, 0.265088, 0.650798, 0.797359, 0.141819, 0.048523, 0.398971, 0.64301, 0.873502, 0.129549], [0.522422, 0.222129, 0.851318, 0, 0.267256, 0.838389, 0.194231, 0.749221, 0.796117, 0.818668, 0.277804, 0.203429], [0.317425, 0.580233, 0.277087, 0.68347, 0, 0.462536, 0.772543, 0.561998, 0.917917, 0.787689, 0.022298, 0.5522], [0.065683, 0.833449, 0.52349, 0.854582, 0.648534, 0, 0.232029, 0.201979, 0.024195, 0.566672, 0.001604, 0.562336], [0.019914, 0.079316, 0.391067, 0.43429, 0.542279, 0.757749, 0, 0.35623, 0.294749, 0.402443, 0.309364, 0.527573], [0.871555, 0.070374, 0.932512, 0.095074, 0.641875, 0.33375, 0.369638, 0, 0.191474, 0.07461, 0.133733, 0.919918], [0.733674, 0.151451, 0.664444, 0.366454, 0.633972, 0.331011, 0.716598, 0.75988, 0, 0.095114, 0.839452, 0.70243], [0.895944, 0.256709, 0.536667, 0.830216, 0.628205, 0.837479, 0.572528, 0.559256, 0.794755, 0, 0.099225, 0.692109], [0.564724, 0.689552, 0.45057, 0.616524, 0.269348, 0.297252, 0.276684, 0.843839, 0.365663, 0.705552, 0, 0.647764], [0.680673, 0.072809, 0.752262, 0.506896, 0.475291, 0.779363, 0.501154, 0.299886, 0.450564, 0.749791, 0.553151, 0]]}