{"v_num": 12, "mat": [[0, 0.828274, 0.213309, 0.400705, 0.000238, 0.255369, 0.035828, 0.133871, 0.286083, 0.301074, 0.828259, 0.222325], [0.391584, 0, 0.954329, 0.22721, 0.079498, 0.222795, 0.51166, 0.335182, 0.6839, 0.408839, 0.55235, 0.131298], [0.92956, 0.50646, 0, 0.2644, 0.651234, 0.762206, 0.360096, 0.710608, 0.918287, 0.197185, 0.332733, 0.106642], [0.577649, 0.806904, 0.463563, 0, 0.114813, 0.771444, 0.087258, 0.259344, 0.825487, 0.861968, 0.731655, 0.359391], [0.114555, 0.15998, 0.988926, 0.020317, 0, 0.159138, 0.237143, 0.981713, 0.776007, 0.404058, 0.646427, 0.971536], [0.86031, 0.196101, 0.243623, 0.734335, 0.31271, 0, 0.994798, 0.976789, 0.050158, 0.384925, 0.53736, 0.094776], [0.277848, 0.980674, 0.043739, 0.025654, 0.585644, 0.996968, 0, 0.340742, 0.394428, 0.596176, 0.904971, 0.09444], [0.310955, 0.085651, 0.801329, 0.833389, 0.317184, 0.862693, 0.699949, 0, 0.158575, 0.813803, 0.742285, 0.551306], [0.85605, 0.309551, 0.362268, 0.49954, 0.945178, 0.487106, 0.386907, 0.090607, 0, 0.467291, 0.920658, 0.974913], [0.165782, 0.552943, 0.61999, 0.232425, 0.173446, 0.888492, 0.598986, 0.097665, 0.336919, 0, 0.803439, 0.407757], [0.7487, 0.288835, 0.972826, 0.838422, 0.996042, 0.841765, 0.996926, 0.5256, 0.855729, 0.606702, 0, 0.429311], [0.47751, 0.702123, 0.359115, 0.84373, 0.121092, 0.513272, 0.277593, 0.804819, 0.357635, 0.843234, 0.798314, 0]]}