{"v_num": 12, "mat": [[0, 0.242465, 0.051446, 0.599407, 0.894609, 0.548048, 0.67285, 0.551337, 0.024403, 0.220793, 0.301643, 0.97137], [0.666281, 0, 0.044445, 0.099241, 0.98745, 0.889927, 0.517819, 0.386401, 0.082219, 0.116905, 0.167268, 0.038256], [0.030335, 0.447801, 0, 0.568933, 0.414138, 0.454598, 0.041496, 0.958852, 0.82669, 0.189945, 0.439409, 0.265995], [0.617082, 0.554337, 0.015179, 0, 0.385498, 0.596096, 0.8863, 0.149768, 0.239745, 0.502618, 0.738048, 0.667527], [0.151996, 0.35507, 0.958064, 0.008991, 0, 0.216175, 0.273208, 0.896906, 0.782842, 0.114627, 0.232708, 0.11076], [0.999005, 0.950757, 0.345597, 0.173129, 0.876698, 0, 0.320642, 0.411269, 0.476587, 0.028085, 0.389097, 0.892723], [0.394631, 0.628838, 0.185955, 0.217328, 0.940282, 0.723535, 0, 0.955227, 0.032574, 0.91898, 0.194762, 0.584206], [0.762274, 0.251076, 0.561428, 0.172144, 0.572758, 0.924022, 0.852132, 0, 0.68271, 0.638951, 0.612761, 0.629418], [0.808278, 0.29094, 0.558644, 0.684388, 0.063352, 0.244772, 0.095626, 0.305189, 0, 0.878817, 0.80254, 0.200574], [0.995675, 0.058631, 0.270823, 0.661691, 0.392796, 0.393524, 0.835774, 0.325967, 0.068499, 0, 0.618097, 0.533414], [0.810465, 0.525033, 0.098733, 0.786539, 0.941182, 0.69951, 0.036404, 0.064451, 0.366176, 0.196508, 0, 0.473759], [0.445643, 0.534005, 0.178052, 0.248764, 0.036398, 0.25288, 0.117183, 0.271135, 0.626247, 0.483589, 0.768294, 0]]}