{"v_num": 12, "mat": [[0, 0.858826, 0.212035, 0.202614, 0.137103, 0.014823, 0.438823, 0.83946, 0.869514, 0.906727, 0.824537, 0.243548], [0.944302, 0, 0.298729, 0.927967, 0.28271, 0.941992, 0.9749, 0.292276, 0.880931, 0.960662, 0.182741, 0.758017], [0.946417, 0.906367, 0, 0.585275, 0.685226, 0.964249, 0.866614, 0.1533, 0.707517, 0.023334, 0.946192, 0.505801], [0.463435, 0.470973, 0.245716, 0, 0.872435, 0.188724, 0.016783, 0.765291, 0.078398, 0.667739, 0.8152, 0.55802], [0.682845, 0.153121, 0.805649, 0.292627, 0, 0.890655, 0.747537, 0.333773, 0.719429, 0.201245, 0.520882, 0.611019], [0.128862, 0.172493, 0.440932, 0.402515, 0.523572, 0, 0.622938, 0.052079, 0.652771, 0.848466, 0.564571, 0.045347], [0.409426, 0.683789, 0.857148, 0.078009, 0.224775, 0.398547, 0, 0.259623, 0.383591, 0.961485, 0.750252, 0.045277], [0.046302, 0.184393, 0.498967, 0.737985, 0.734846, 0.180676, 0.628288, 0, 0.130608, 0.235356, 0.559958, 0.733756], [0.55939, 0.372963, 0.555055, 0.325246, 0.429463, 0.337193, 0.47517, 0.181611, 0, 0.99954, 0.843323, 0.915155], [0.758048, 0.772239, 0.390784, 0.801492, 0.474253, 0.698702, 0.177001, 0.55513, 0.409176, 0, 0.457924, 0.893263], [0.385043, 0.380079, 0.64956, 0.852531, 0.268232, 0.128909, 0.112121, 0.698894, 0.561962, 0.575473, 0, 0.962911], [0.67484, 0.487844, 0.001994, 0.626156, 0.81352, 0.100036, 0.645486, 0.674474, 0.361124, 0.895004, 0.647476, 0]]}