{"v_num": 12, "mat": [[0, 0.080714, 0.006077, 0.078381, 0.837542, 0.373644, 0.076077, 0.638356, 0.79957, 0.941829, 0.442558, 0.453481], [0.932936, 0, 0.488, 0.813062, 0.253668, 0.685342, 0.91879, 0.738116, 0.366118, 0.419074, 0.526517, 0.847115], [0.787123, 0.309001, 0, 0.79606, 0.381824, 0.526447, 0.745265, 0.196139, 0.634598, 0.339387, 0.32848, 0.204466], [0.282673, 0.130254, 0.366675, 0, 0.258926, 0.287283, 0.560083, 0.073942, 0.139604, 0.83012, 0.477411, 0.161094], [0.408133, 0.209459, 0.912984, 0.642102, 0, 0.558452, 0.723639, 0.341921, 0.197613, 0.538234, 0.975175, 0.57432], [0.39118, 0.960882, 0.940305, 0.402298, 0.343068, 0, 0.832445, 0.404101, 0.339682, 0.661604, 0.958202, 0.05779], [0.474712, 0.071346, 0.946245, 0.267824, 0.91591, 0.05588, 0, 0.362805, 0.163263, 0.709346, 0.601849, 0.929628], [0.036837, 0.394235, 0.201988, 0.328534, 0.676617, 0.686577, 0.581067, 0, 0.657434, 0.301904, 0.661372, 0.008329], [0.686229, 0.619325, 0.821671, 0.080563, 0.532344, 0.11187, 0.111454, 0.633482, 0, 0.611135, 0.349936, 0.33592], [0.007395, 0.372419, 0.532162, 0.986497, 0.030456, 0.578495, 0.149541, 0.328753, 0.791162, 0, 0.467102, 0.782286], [0.157743, 0.452085, 0.583947, 0.455508, 0.409439, 0.210947, 0.308502, 0.614537, 0.143122, 0.074415, 0, 0.157043], [0.366159, 0.38502, 0.167712, 0.450621, 0.347263, 0.518328, 0.718289, 0.496246, 0.330611, 0.9968, 0.40224, 0]]}