{"v_num": 12, "mat": [[0, 0.269665, 0.099703, 0.139947, 0.15709, 0.161945, 0.237728, 0.227731, 0.363916, 0.490083, 0.230578, 0.304674], [0.206147, 0, 0.837025, 0.320609, 0.557203, 0.079734, 0.650212, 0.455471, 0.757802, 0.405895, 0.410944, 0.796701], [0.196064, 0.544086, 0, 0.310017, 0.878152, 0.898219, 0.154515, 0.875132, 0.829923, 0.888377, 0.953899, 0.783823], [0.809863, 0.333311, 0.717633, 0, 0.819441, 0.216591, 0.274024, 0.807628, 0.047785, 0.316231, 0.287243, 0.747763], [0.168114, 0.684252, 0.246178, 0.088311, 0, 0.335026, 0.519576, 0.095949, 0.802928, 0.23627, 0.911043, 0.417262], [0.168536, 0.56292, 0.181924, 0.61852, 0.510357, 0, 0.146437, 0.453883, 0.97642, 0.422573, 0.931616, 0.154412], [0.150261, 0.114308, 0.76407, 0.969133, 0.903299, 0.442535, 0, 0.221357, 0.789288, 0.148279, 0.098623, 0.340993], [0.476537, 0.438736, 0.58079, 0.161794, 0.234207, 0.530187, 0.087666, 0, 0.939829, 0.668183, 0.83585, 0.659339], [0.304875, 0.147371, 0.116576, 0.40675, 0.115259, 0.913599, 0.63205, 0.415543, 0, 0.447232, 0.169936, 0.554233], [0.915996, 0.489791, 0.897723, 0.964592, 0.072403, 0.629992, 0.855283, 0.606668, 0.003655, 0, 0.364882, 0.405094], [0.267107, 0.032337, 0.41224, 0.539017, 0.652589, 0.678018, 0.432851, 0.024302, 0.49169, 0.312625, 0, 0.147353], [0.732658, 0.277973, 0.305606, 0.651679, 0.677085, 0.00143, 0.351517, 0.683928, 0.646594, 0.100226, 0.572818, 0]]}