{"v_num": 12, "mat": [[0, 0.953261, 0.703241, 0.723927, 0.950472, 0.630574, 0.786674, 0.118913, 0.31792, 0.516162, 0.777774, 0.580611], [0.725277, 0, 0.276631, 0.658222, 0.724453, 0.309013, 0.824254, 0.142748, 0.939881, 0.485386, 0.658369, 0.989569], [0.906758, 0.553291, 0, 0.601084, 0.480143, 0.063359, 0.761023, 0.636778, 0.024134, 0.567706, 0.956678, 0.981017], [0.283397, 0.748001, 0.849943, 0, 0.84602, 0.366654, 0.337961, 0.598519, 0.4299, 0.208375, 0.606993, 0.641259], [0.43501, 0.283485, 0.742935, 0.256194, 0, 0.244433, 0.665064, 0.708635, 0.505884, 0.389086, 0.875853, 0.279976], [0.39724, 0.429622, 0.346794, 0.24202, 0.113131, 0, 0.891528, 0.674589, 0.971702, 0.067618, 0.992341, 0.778911], [0.390817, 0.958599, 0.040806, 0.974039, 0.463223, 0.921272, 0, 0.55723, 0.442146, 0.820462, 0.136795, 0.712525], [0.657104, 0.422877, 0.170183, 0.052103, 0.3063, 0.125603, 0.233745, 0, 0.335561, 0.796658, 0.310222, 0.307074], [0.212617, 0.472555, 0.851631, 0.436612, 0.531113, 0.426734, 0.195708, 0.873154, 0, 0.654492, 0.893734, 0.022049], [0.168984, 0.713184, 0.286474, 0.075226, 0.284811, 0.172077, 0.136536, 0.188568, 0.481509, 0, 0.827133, 0.594886], [0.376271, 0.872335, 0.798756, 0.175353, 0.263538, 0.359374, 0.419673, 0.146359, 0.402877, 0.705431, 0, 0.73972], [0.669341, 0.001155, 0.72698, 0.047862, 0.055254, 0.380183, 0.674241, 0.78904, 0.279133, 0.414065, 0.567717, 0]]}