{"v_num": 12, "mat": [[0, 0.037884, 0.340558, 0.811241, 0.543411, 0.795875, 0.202833, 0.822936, 0.139497, 0.018083, 0.795887, 0.94003], [0.060594, 0, 0.646246, 0.494274, 0.668586, 0.541108, 0.517711, 0.566403, 0.375893, 0.513222, 0.821729, 0.448555], [0.186041, 0.43264, 0, 0.660475, 0.887413, 0.495357, 0.344133, 0.15813, 0.690762, 0.100891, 0.059368, 0.982306], [0.947824, 0.612434, 0.486324, 0, 0.966838, 0.481315, 0.530473, 0.925551, 0.163792, 0.811218, 0.968703, 0.996465], [0.89351, 0.687094, 0.825248, 0.63219, 0, 0.179892, 0.793061, 0.221065, 0.813369, 0.316422, 0.50176, 0.38283], [0.989724, 0.003325, 0.538123, 0.02829, 0.808354, 0, 0.762549, 0.236934, 0.80801, 0.978509, 0.566595, 0.081518], [0.87124, 0.22014, 0.529927, 0.299748, 0.130394, 0.714424, 0, 0.048846, 0.48016, 0.627608, 0.587255, 0.256276], [0.617935, 0.43209, 0.553569, 0.652613, 0.642139, 0.821786, 0.796241, 0, 0.947036, 0.457887, 0.355668, 0.040707], [0.040403, 0.141997, 0.60226, 0.60474, 0.685686, 0.225373, 0.270336, 0.83001, 0, 0.547182, 0.878877, 0.197218], [0.473942, 0.898513, 0.747192, 0.805255, 0.329449, 0.199998, 0.156335, 0.132665, 0.982495, 0, 0.682627, 0.641501], [0.856452, 0.482126, 0.684551, 0.605932, 0.010412, 0.983671, 0.283536, 0.769799, 0.399396, 0.006437, 0, 0.361142], [0.554784, 0.123826, 0.974842, 0.434626, 0.291692, 0.271411, 0.483788, 0.828061, 0.649375, 0.444818, 0.365893, 0]]}