{"v_num": 12, "mat": [[0, 0.734447, 0.881239, 0.933026, 0.241452, 0.33944, 0.765246, 0.835397, 0.574653, 0.178318, 0.289937, 0.796203], [0.418273, 0, 0.436546, 0.293679, 0.251886, 0.631768, 0.565866, 0.988322, 0.709507, 0.533195, 0.385835, 0.041906], [0.468302, 0.348332, 0, 0.765482, 0.71932, 0.937776, 0.895114, 0.504257, 0.379351, 0.928515, 0.345096, 0.368822], [0.763623, 0.929266, 0.31902, 0, 0.671806, 0.378737, 0.106696, 0.49325, 0.797266, 0.260858, 0.136412, 0.976598], [0.856181, 0.962554, 0.058654, 0.938074, 0, 0.838858, 0.410461, 0.523105, 0.842822, 0.808314, 0.555136, 0.190844], [0.221139, 0.763141, 0.794962, 0.059408, 0.475757, 0, 0.364578, 0.138018, 0.874853, 0.490278, 0.713214, 0.475086], [0.197007, 0.384311, 0.93107, 0.800136, 0.641844, 0.9743, 0, 0.738444, 0.72386, 0.849955, 0.010887, 0.044494], [0.400683, 0.961997, 0.892474, 0.843472, 0.924553, 0.609795, 0.664701, 0, 0.17595, 0.468849, 0.522764, 0.848199], [0.226481, 0.426244, 0.138198, 0.42369, 0.740535, 0.082787, 0.773997, 0.655334, 0, 0.816817, 0.395113, 0.766339], [0.970965, 0.671851, 0.69041, 0.122184, 0.256511, 0.411234, 0.620756, 0.359816, 0.921711, 0, 0.628533, 0.450547], [0.400976, 0.488508, 0.750422, 0.643601, 0.937887, 0.201156, 0.407326, 0.838816, 0.046132, 0.021546, 0, 0.77371], [0.408915, 0.011259, 0.169019, 0.645758, 0.91762, 0.633285, 0.554194, 0.035166, 0.910923, 0.744116, 0.923966, 0]]}