{"v_num": 12, "mat": [[0, 0.460213, 0.103049, 0.498971, 0.022609, 0.984381, 0.674196, 0.237087, 0.634756, 0.159114, 0.831417, 0.734022], [0.128234, 0, 0.713782, 0.778692, 0.646293, 0.625002, 0.926185, 0.523524, 0.124958, 0.487486, 0.632167, 0.479756], [0.657115, 0.064244, 0, 0.725348, 0.071564, 0.047516, 0.22877, 0.830695, 0.755296, 0.341177, 0.444423, 0.762862], [0.089216, 0.644123, 0.558119, 0, 0.147629, 0.481877, 0.983665, 0.635249, 0.090161, 0.585494, 0.028524, 0.094452], [0.112274, 0.996686, 0.519106, 0.917246, 0, 0.274557, 0.86342, 0.346834, 0.146687, 0.199594, 0.643112, 0.38538], [0.453581, 0.352303, 0.942967, 0.068982, 0.080539, 0, 0.582036, 0.825188, 0.703377, 0.330405, 0.454392, 0.154735], [0.13224, 0.177031, 0.796118, 0.519566, 0.471767, 0.734196, 0, 0.42595, 0.818004, 0.404292, 0.282008, 0.853767], [0.712152, 0.17328, 0.084513, 0.863668, 0.090692, 0.587495, 0.062246, 0, 0.348301, 0.255667, 0.228586, 0.005579], [0.608655, 0.091064, 0.886599, 0.266038, 0.35294, 0.523823, 0.628242, 0.176133, 0, 0.790072, 0.282071, 0.959021], [0.545949, 0.512653, 0.569787, 0.523418, 0.597642, 0.666715, 0.918926, 0.111326, 0.343676, 0, 0.049812, 0.423186], [0.175265, 0.75985, 0.96117, 0.532504, 0.906257, 0.940418, 0.843039, 0.96481, 0.246403, 0.084908, 0, 0.193479], [0.2675, 0.079681, 0.032479, 0.329184, 0.642916, 0.245445, 0.744109, 0.500191, 0.053683, 0.149294, 0.387777, 0]]}