{"v_num": 12, "mat": [[0, 0.993976, 0.280505, 0.72129, 0.940254, 0.965837, 0.385372, 0.31095, 0.412354, 0.214932, 0.170627, 0.645056], [0.359978, 0, 0.81302, 0.340304, 0.837219, 0.587191, 0.979876, 0.425027, 0.794455, 0.195264, 0.938422, 0.978097], [0.259832, 0.80763, 0, 0.622875, 0.949942, 0.772693, 0.632873, 0.424298, 0.141015, 0.136231, 0.267815, 0.294831], [0.789755, 0.634464, 0.76477, 0, 0.075411, 0.851255, 0.781078, 0.536148, 0.924919, 0.555534, 0.38798, 0.750805], [0.175427, 0.058842, 0.599791, 0.836365, 0, 0.519636, 0.124932, 0.652249, 0.032404, 0.229379, 0.592923, 0.322671], [0.773034, 0.864082, 0.228937, 0.857283, 0.491197, 0, 0.877189, 0.694407, 0.445239, 0.646635, 0.967828, 0.160925], [0.824582, 0.735869, 0.628526, 0.825223, 0.430057, 0.499143, 0, 0.390206, 0.559236, 0.630104, 0.122571, 0.699633], [0.929114, 0.679335, 0.353827, 0.428863, 0.541977, 0.325493, 0.614824, 0, 0.132449, 0.559117, 0.380753, 0.548642], [0.407858, 0.090903, 0.436282, 0.26548, 0.092102, 0.618293, 0.390043, 0.244542, 0, 0.67592, 0.571541, 0.317663], [0.125661, 0.748221, 0.672575, 0.184763, 0.99425, 0.568674, 0.983713, 0.148334, 0.789345, 0, 0.53226, 0.645356], [0.850289, 0.781796, 0.015946, 0.100065, 0.495117, 0.88397, 0.387581, 0.145712, 0.700648, 0.177416, 0, 0.598196], [0.603007, 0.248354, 0.84783, 0.828638, 0.028567, 0.873751, 0.77666, 0.466357, 0.876883, 0.856416, 0.76106, 0]]}