{"v_num": 12, "mat": [[0, 0.011352, 0.463513, 0.111218, 0.075041, 0.704261, 0.415384, 0.732772, 0.129003, 0.13246, 0.026557, 0.085413], [0.080153, 0, 0.108416, 0.989368, 0.44243, 0.916134, 0.048054, 0.969409, 0.045469, 0.283839, 0.919903, 0.980185], [0.01268, 0.580449, 0, 0.492871, 0.802185, 0.388464, 0.408359, 0.566593, 0.012651, 0.141588, 0.219755, 0.146587], [0.405894, 0.967483, 0.859623, 0, 0.233985, 0.881016, 0.956296, 0.189465, 0.599645, 0.056323, 0.027721, 0.842404], [0.410937, 0.625117, 0.480259, 0.498773, 0, 0.967636, 0.920323, 0.271698, 0.685201, 0.579632, 0.916087, 0.646689], [0.902298, 0.35776, 0.818097, 0.598806, 0.411938, 0, 0.1805, 0.097407, 0.998498, 0.734053, 0.590371, 0.98959], [0.279279, 0.519757, 0.920947, 0.36681, 0.87223, 0.895001, 0, 0.632063, 0.061148, 0.931415, 0.179863, 0.789152], [0.560485, 0.154233, 0.675401, 0.607686, 0.642238, 0.757753, 0.830512, 0, 0.569134, 0.00112, 0.374594, 0.945362], [0.296758, 0.722574, 0.110993, 0.994888, 0.172193, 0.592437, 0.367876, 0.626943, 0, 0.792515, 0.976489, 0.143177], [0.645283, 0.577269, 0.577899, 0.961778, 0.456466, 0.437173, 0.112721, 0.581762, 0.533067, 0, 0.451625, 0.197101], [0.797403, 0.327807, 0.726621, 0.690573, 0.749818, 0.320607, 0.710699, 0.298149, 0.745055, 0.641951, 0, 0.638515], [0.577218, 0.227198, 0.404633, 0.806404, 0.820699, 0.285505, 0.872673, 0.200468, 0.478837, 0.395646, 0.993441, 0]]}