{"v_num": 12, "mat": [[0, 0.467941, 0.850859, 0.673147, 0.000716, 0.657271, 0.908585, 0.030598, 0.648665, 0.324977, 0.279999, 0.084834], [0.897518, 0, 0.683867, 0.31146, 0.973805, 0.561671, 0.896959, 0.865861, 0.487467, 0.576573, 0.525726, 0.991708], [0.534279, 0.105669, 0, 0.144858, 0.794019, 0.251796, 0.001503, 0.730222, 0.755144, 0.585089, 0.013007, 0.61881], [0.104617, 0.199009, 0.498794, 0, 0.888049, 0.469677, 0.882575, 0.720957, 0.310351, 0.428412, 0.264485, 0.753769], [0.483488, 0.09873, 0.169601, 0.873921, 0, 0.623986, 0.270506, 0.720831, 0.04914, 0.838466, 0.945237, 0.458299], [0.466536, 0.922987, 0.540403, 0.506819, 0.138259, 0, 0.565071, 0.821371, 0.252484, 0.58967, 0.74397, 0.607493], [0.656997, 0.003623, 0.30254, 0.542854, 0.389825, 0.829461, 0, 0.058254, 0.235356, 0.923194, 0.972728, 0.864639], [0.921594, 0.493703, 0.760233, 0.26753, 0.930076, 0.846858, 0.513442, 0, 0.34646, 0.106713, 0.25463, 0.700324], [0.034773, 0.524624, 0.807763, 0.764, 0.324048, 0.014073, 0.117097, 0.154377, 0, 0.39127, 0.183156, 0.536642], [0.423338, 0.379171, 0.523189, 0.129832, 0.116828, 0.186982, 0.45119, 0.703929, 0.077945, 0, 0.323928, 0.444499], [0.367282, 0.176331, 0.779565, 0.851526, 0.897011, 0.62723, 0.643619, 0.285918, 0.560178, 0.0337, 0, 0.604092], [0.607091, 0.053861, 0.487431, 0.644156, 0.371823, 0.466775, 0.081777, 0.189575, 0.960046, 0.815226, 0.541642, 0]]}