{"v_num": 12, "mat": [[0, 0.778343, 0.917265, 0.580637, 0.19689, 0.91305, 0.01109, 0.170297, 0.941888, 0.412636, 0.937562, 0.45126], [0.665915, 0, 0.967625, 0.029944, 0.421312, 0.958462, 0.997559, 0.852654, 0.745996, 0.272228, 0.707643, 0.132486], [0.260492, 0.82624, 0, 0.022848, 0.777891, 0.27209, 0.440768, 0.75256, 0.515555, 0.449641, 0.821833, 0.104991], [0.029919, 0.262161, 0.024433, 0, 0.572964, 0.11393, 0.727548, 0.004161, 0.169924, 0.272402, 0.660413, 0.140091], [0.654686, 0.068411, 0.014532, 0.573199, 0, 0.594189, 0.193983, 0.152644, 0.49064, 0.423411, 0.18348, 0.087094], [0.808948, 0.74963, 0.216519, 0.558311, 0.101267, 0, 0.749924, 0.664205, 0.614978, 0.627253, 0.46662, 0.524366], [0.512254, 0.244917, 0.070698, 0.174724, 0.005642, 0.292509, 0, 0.996525, 0.95281, 0.215747, 0.715193, 0.730211], [0.497938, 0.663057, 0.898124, 0.819009, 0.334914, 0.725246, 0.909219, 0, 0.370663, 0.552448, 0.512003, 0.30567], [0.466056, 0.554844, 0.756467, 0.887006, 0.982748, 0.412532, 0.227183, 0.137929, 0, 0.455474, 0.202992, 0.372442], [0.736553, 0.175256, 0.183027, 0.078776, 0.45082, 0.874505, 0.387104, 0.668203, 0.664955, 0, 0.818617, 0.002343], [0.228906, 0.918159, 0.688388, 0.220882, 0.336665, 0.941405, 0.964364, 0.911658, 0.364303, 0.207734, 0, 0.091601], [0.557742, 0.351168, 0.923663, 0.852249, 0.226341, 0.393054, 0.080066, 0.996655, 0.276752, 0.346684, 0.354544, 0]]}