{"v_num": 12, "mat": [[0, 0.925142, 0.830504, 0.45993, 0.751904, 0.261274, 0.029086, 0.282946, 0.21409, 0.940646, 0.06224, 0.515481], [0.228738, 0, 0.496794, 0.373433, 0.221881, 0.95068, 0.944831, 0.058473, 0.614883, 0.395271, 0.659724, 0.472354], [0.676132, 0.55923, 0, 0.237493, 0.247314, 0.210107, 0.719139, 0.420612, 0.906486, 0.299664, 0.793203, 0.880563], [0.588634, 0.100153, 0.914813, 0, 0.608419, 0.79686, 0.88715, 0.420786, 0.99625, 0.085576, 0.173527, 0.112365], [0.759267, 0.205567, 0.471029, 0.732552, 0, 0.516241, 0.331378, 0.609304, 0.227758, 0.475914, 0.699284, 0.063378], [0.262233, 0.637202, 0.764139, 0.339776, 0.967447, 0, 0.571238, 0.032833, 0.515057, 0.429286, 0.649218, 0.956629], [0.681297, 0.489607, 0.49278, 0.621232, 0.160527, 0.485164, 0, 0.714496, 0.166585, 0.2984, 0.556154, 0.959481], [0.180598, 0.751557, 0.283897, 0.847602, 0.978466, 0.866081, 0.377971, 0, 0.413182, 0.930198, 0.970745, 0.678481], [0.346023, 0.727072, 0.478609, 0.675471, 0.656103, 0.094779, 0.548305, 0.894816, 0, 0.589755, 0.569054, 0.773909], [0.164407, 0.001849, 0.572624, 0.249519, 0.649085, 0.969511, 0.065934, 0.669387, 0.768383, 0, 0.033572, 0.471154], [0.006767, 0.39832, 0.559564, 0.525221, 0.113329, 0.701857, 0.912316, 0.818013, 0.476191, 0.437665, 0, 0.353785], [0.118139, 0.998682, 0.656437, 0.508975, 0.47869, 0.964461, 0.002996, 0.002329, 0.324388, 0.861636, 0.364802, 0]]}