{"v_num": 12, "mat": [[0, 0.418907, 0.745272, 0.99223, 0.80347, 0.442057, 0.451985, 0.032098, 0.507644, 0.776011, 0.681507, 0.826913], [0.256041, 0, 0.96138, 0.352803, 0.226249, 0.814894, 0.720888, 0.495959, 0.333814, 0.350401, 0.812559, 0.667959], [0.896494, 0.071657, 0, 0.819678, 0.327215, 0.430839, 0.484899, 0.803425, 0.474521, 0.595026, 0.006461, 0.796222], [0.45062, 0.218851, 0.147574, 0, 0.362058, 0.168402, 0.300394, 0.7296, 0.128243, 0.652441, 0.717158, 0.292933], [0.643051, 0.668625, 0.878264, 0.468533, 0, 0.057631, 0.726363, 0.175956, 0.164408, 0.731737, 0.170339, 0.693961], [0.75756, 0.860515, 0.02115, 0.424123, 0.317023, 0, 0.789783, 0.433661, 0.746377, 0.306061, 0.916631, 0.678923], [0.166587, 0.689468, 0.855857, 0.329652, 0.92307, 0.107803, 0, 0.501131, 0.806768, 0.840725, 0.077625, 0.483909], [0.507171, 0.661911, 0.707612, 0.737836, 0.343572, 0.16928, 0.766069, 0, 0.682823, 0.300256, 0.060424, 0.237039], [0.990799, 0.012845, 0.028169, 0.644502, 0.421283, 0.61601, 0.043669, 0.616827, 0, 0.697063, 0.479577, 0.678809], [0.797701, 0.833463, 0.150855, 0.847837, 0.45153, 0.792356, 0.493412, 0.019187, 0.366574, 0, 0.280842, 0.726877], [0.161274, 0.823006, 0.001336, 0.704796, 0.595006, 0.038504, 0.183046, 0.800311, 0.723054, 0.238513, 0, 0.332893], [0.469289, 0.889206, 0.157784, 0.946877, 0.998888, 0.434937, 0.295983, 0.014828, 0.485927, 0.837642, 0.074571, 0]]}