{"v_num": 12, "mat": [[0, 0.197066, 0.046192, 0.018853, 0.920153, 0.075817, 0.309441, 0.87288, 0.984943, 0.624939, 0.560902, 0.565583], [0.007853, 0, 0.270089, 0.276901, 0.820545, 0.279823, 0.747787, 0.628259, 0.004542, 0.549947, 0.572462, 0.975476], [0.605267, 0.78828, 0, 0.310906, 0.566641, 0.216315, 0.431222, 0.542967, 0.894986, 0.103674, 0.766696, 0.49051], [0.715179, 0.918346, 0.421342, 0, 0.382233, 0.303252, 0.301286, 0.724156, 0.866891, 0.45655, 0.909355, 0.3668], [0.195618, 0.038642, 0.768666, 0.294603, 0, 0.370309, 0.053066, 0.52376, 0.912063, 0.40079, 0.825519, 0.099854], [0.962724, 0.771015, 0.566941, 0.193308, 0.494162, 0, 0.687406, 0.925512, 0.713664, 0.536745, 0.227408, 0.74753], [0.963255, 0.209759, 0.23012, 0.464154, 0.448752, 0.579504, 0, 0.435479, 0.639339, 0.10929, 0.048014, 0.127661], [0.844963, 0.318136, 0.86771, 0.917244, 0.770827, 0.419517, 0.667159, 0, 0.04395, 0.121131, 0.125604, 0.899915], [0.391153, 0.707846, 0.262645, 0.92245, 0.31216, 0.445938, 0.128931, 0.077549, 0, 0.917757, 0.327163, 0.32851], [0.743915, 0.577072, 0.09186, 0.999516, 0.886636, 0.894761, 0.359308, 0.495802, 0.145651, 0, 0.911875, 0.557038], [0.516748, 0.949839, 0.431772, 0.027128, 0.124617, 0.245267, 0.358984, 0.153931, 0.678466, 0.646029, 0, 0.645535], [0.589759, 0.919132, 0.735418, 0.842172, 0.189684, 0.037085, 0.130713, 0.343513, 0.572347, 0.480277, 0.523642, 0]]}