{"v_num": 12, "mat": [[0, 0.821558, 0.271234, 0.160461, 0.035795, 0.865697, 0.342454, 0.608614, 0.035454, 0.87468, 0.031095, 0.707208], [0.051908, 0, 0.245459, 0.414444, 0.242395, 0.334261, 0.528582, 0.763994, 0.43279, 0.670208, 0.222809, 0.123434], [0.514507, 0.696677, 0, 0.101253, 0.235466, 0.648914, 0.919389, 0.927702, 0.503608, 0.415576, 0.649019, 0.063459], [0.800182, 0.400731, 0.935544, 0, 0.842915, 0.88297, 0.240292, 0.922188, 0.674026, 0.816451, 0.595894, 0.529665], [0.30353, 0.353913, 0.94717, 0.190679, 0, 0.764342, 0.545712, 0.692317, 0.179031, 0.820635, 0.582395, 0.185671], [0.082523, 0.579165, 0.468276, 0.767624, 0.194835, 0, 0.52655, 0.955627, 0.38717, 0.896604, 0.598912, 0.848081], [0.673856, 0.491714, 0.983947, 0.359237, 0.599098, 0.369676, 0, 0.714277, 0.931653, 0.926885, 0.184303, 0.012488], [0.432257, 0.389079, 0.550038, 0.450666, 0.057554, 0.84478, 0.576728, 0, 0.096786, 0.48355, 0.899208, 0.214428], [0.69552, 0.212225, 0.490518, 0.629004, 0.767807, 0.525683, 0.990974, 0.679466, 0, 0.208118, 0.096241, 0.989081], [0.899592, 0.705047, 0.53827, 0.90126, 0.170619, 0.440487, 0.176463, 0.116546, 0.698617, 0, 0.959009, 0.769368], [0.220892, 0.578935, 0.599287, 0.040202, 0.122897, 0.899493, 0.781163, 0.596523, 0.935863, 0.840594, 0, 0.312893], [0.600825, 0.147378, 0.569959, 0.221445, 0.711445, 0.517057, 0.496311, 0.294004, 0.407913, 0.238917, 0.993008, 0]]}