{"v_num": 12, "mat": [[0, 0.293881, 0.720187, 0.806129, 0.681161, 0.589105, 0.756078, 0.560154, 0.49527, 0.248827, 0.438656, 0.336185], [0.524084, 0, 0.109547, 0.978813, 0.092514, 0.087125, 0.912579, 0.705219, 0.579855, 0.8877, 0.66552, 0.895252], [0.791889, 0.425335, 0, 0.395609, 0.960708, 0.248407, 0.117916, 0.828836, 0.092944, 0.754695, 0.430536, 0.111131], [0.623473, 0.714319, 0.115455, 0, 0.323324, 0.474686, 0.571164, 0.876279, 0.553605, 0.995487, 0.793842, 0.936942], [0.474657, 0.779353, 0.767855, 0.696549, 0, 0.913382, 0.790131, 0.981154, 0.024116, 0.387223, 0.110321, 0.374979], [0.367256, 0.235483, 0.672082, 0.028864, 0.374158, 0, 0.440581, 0.606056, 0.606984, 0.43073, 0.884413, 0.319817], [0.279099, 0.517531, 0.026758, 0.964171, 0.057167, 0.510001, 0, 0.557395, 0.921702, 0.882808, 0.80185, 0.650929], [0.618656, 0.924866, 0.802702, 0.433026, 0.087549, 0.597802, 0.537883, 0, 0.299211, 0.068653, 0.512118, 0.649378], [0.023923, 0.220894, 0.667306, 0.824739, 0.969857, 0.35504, 0.197561, 0.281764, 0, 0.557882, 0.647677, 0.036044], [0.498266, 0.649107, 0.933637, 0.494771, 0.678939, 0.803577, 0.011736, 0.918031, 0.860891, 0, 0.593704, 0.91084], [0.978861, 0.769349, 0.075952, 0.003072, 0.846727, 0.902456, 0.091322, 0.916514, 0.734926, 0.309791, 0, 0.952792], [0.059357, 0.137586, 0.680436, 0.902103, 0.95994, 0.385926, 0.408124, 0.243894, 0.66139, 0.269486, 0.462008, 0]]}