{"v_num": 12, "mat": [[0, 0.069733, 0.923939, 0.792856, 0.552769, 0.371251, 0.323382, 0.746061, 0.185184, 0.029134, 0.364682, 0.18286], [0.72842, 0, 0.324839, 0.830225, 0.121978, 0.164052, 0.777358, 0.078433, 0.77409, 0.768627, 0.323426, 0.522232], [0.884121, 0.053769, 0, 0.398273, 0.649812, 0.059445, 0.60406, 0.54487, 0.631261, 0.615571, 0.318301, 0.808448], [0.047615, 0.417436, 0.775137, 0, 0.632612, 0.482948, 0.652409, 0.648991, 0.53514, 0.466113, 0.717737, 0.171999], [0.682022, 0.96937, 0.879882, 0.55725, 0, 0.584347, 0.219601, 0.26352, 0.775202, 0.398103, 0.972238, 0.499799], [0.25081, 0.762446, 0.78017, 0.060794, 0.119775, 0, 0.140395, 0.394893, 0.516608, 0.382909, 0.178073, 0.984213], [0.787968, 0.793566, 0.741457, 0.0645, 0.814317, 0.467484, 0, 0.961995, 0.612498, 0.670781, 0.704856, 0.4504], [0.064059, 0.857342, 0.398639, 0.711829, 0.639005, 0.923911, 0.647139, 0, 0.241727, 0.554876, 0.037402, 0.405226], [0.260334, 0.073607, 0.854427, 0.328698, 0.58361, 0.805358, 0.605323, 0.506788, 0, 0.357678, 0.284677, 0.048691], [0.776585, 0.916366, 0.866166, 0.510797, 0.785211, 0.062562, 0.960651, 0.880957, 0.346447, 0, 0.95226, 0.28687], [0.452865, 0.44333, 0.84679, 0.884292, 0.82413, 0.183802, 0.118205, 0.176672, 0.032665, 0.675237, 0, 0.281287], [0.001755, 0.861835, 0.589354, 0.678906, 0.862506, 0.695797, 0.539328, 0.512483, 0.803428, 0.654636, 0.257853, 0]]}