{"v_num": 12, "mat": [[0, 0.716874, 0.9371, 0.538049, 0.333167, 0.692929, 0.668476, 0.554679, 0.536719, 0.989882, 0.793792, 0.819116], [0.425606, 0, 0.214067, 0.647286, 0.778344, 0.202694, 0.823069, 0.090579, 0.225612, 0.01281, 0.539633, 0.537099], [0.596728, 0.745121, 0, 0.271719, 0.722457, 0.326192, 0.232336, 0.052165, 0.147382, 0.015516, 0.856552, 0.397859], [0.809498, 0.326835, 0.972513, 0, 0.605863, 0.262982, 0.762501, 0.645664, 0.665221, 0.867861, 0.848959, 0.019933], [0.42902, 0.785272, 0.445483, 0.188677, 0, 0.080586, 0.849758, 0.966865, 0.641921, 0.386821, 0.670821, 0.928146], [0.940653, 0.345697, 0.263779, 0.525445, 0.157988, 0, 0.14093, 0.886979, 0.51022, 0.766969, 0.07539, 0.424815], [0.244188, 0.901624, 0.37962, 0.017044, 0.794794, 0.11252, 0, 0.775613, 0.633314, 0.242078, 0.03366, 0.271853], [0.627626, 0.619519, 0.404162, 0.438749, 0.037492, 0.652473, 0.377897, 0, 0.817939, 0.350226, 0.253166, 0.572627], [0.480651, 0.842834, 0.21576, 0.490653, 0.208587, 0.185262, 0.140372, 0.086475, 0, 0.323549, 0.404628, 0.180132], [0.123513, 0.75856, 0.781355, 0.36787, 0.096337, 0.780457, 0.527089, 0.814368, 0.88591, 0, 0.716555, 0.554792], [0.608803, 0.255628, 0.161611, 0.277731, 0.232405, 0.862756, 0.241239, 0.351969, 0.902143, 0.375708, 0, 0.690901], [0.42399, 0.726519, 0.825249, 0.764628, 0.745953, 0.493007, 0.646006, 0.734922, 0.253753, 0.845303, 0.85864, 0]]}