{"v_num": 12, "mat": [[0, 0.627018, 0.19299, 0.618763, 0.621907, 0.163338, 0.627381, 0.729234, 0.633019, 0.672562, 0.763363, 0.71616], [0.289629, 0, 0.512871, 0.497877, 0.887313, 0.299925, 0.474809, 0.16323, 0.047262, 0.561627, 0.638695, 0.067532], [0.961182, 0.889225, 0, 0.550927, 0.622772, 0.47195, 0.464218, 0.31551, 0.077677, 0.895556, 0.786354, 0.121659], [0.26685, 0.054742, 0.176039, 0, 0.161439, 0.351034, 0.081748, 0.749898, 0.917422, 0.397382, 0.582157, 0.736329], [0.441853, 0.233561, 0.504442, 0.431145, 0, 0.657671, 0.273904, 0.492634, 0.037885, 0.34316, 0.914436, 0.855227], [0.77473, 0.579732, 0.718587, 0.402754, 0.658373, 0, 0.993903, 0.063943, 0.098215, 0.341271, 0.584348, 0.648787], [0.754967, 0.64121, 0.878467, 0.289321, 0.917943, 0.96239, 0, 0.241117, 0.332334, 0.454772, 0.78363, 0.774334], [0.438915, 0.30751, 0.51785, 0.696998, 0.146359, 0.450576, 0.00078, 0, 0.258581, 0.074367, 0.418264, 0.04651], [0.447549, 0.766428, 0.54377, 0.108485, 0.164746, 0.51199, 0.693153, 0.641352, 0, 0.894844, 0.421048, 0.753636], [0.899697, 0.276363, 0.524429, 0.454294, 0.096747, 0.475954, 0.870788, 0.874092, 0.659117, 0, 0.905726, 0.076565], [0.626516, 0.846982, 0.309254, 0.649543, 0.133302, 0.677875, 0.118315, 0.615643, 0.169689, 0.215437, 0, 0.786814], [0.434997, 0.376349, 0.407059, 0.830934, 0.647226, 0.322739, 0.905606, 0.77771, 0.736325, 0.187586, 0.451774, 0]]}