{"v_num": 12, "mat": [[0, 0.21135, 0.481675, 0.868772, 0.756919, 0.038809, 0.633629, 0.80852, 0.900088, 0.01966, 0.428372, 0.279829], [0.916636, 0, 0.491158, 0.779963, 0.210748, 0.996343, 0.063746, 0.319665, 0.623347, 0.67174, 0.634832, 0.66506], [0.947296, 0.032921, 0, 0.98385, 0.732211, 0.286501, 0.227211, 0.779119, 0.194556, 0.227056, 0.703839, 0.393492], [0.035562, 0.906331, 0.494385, 0, 0.913247, 0.42666, 0.09114, 0.158318, 0.442804, 0.149453, 0.343158, 0.123416], [0.178619, 0.207597, 0.361475, 0.890677, 0, 0.673729, 0.97015, 0.503978, 0.709015, 0.732761, 0.739203, 0.007202], [0.390356, 0.101349, 0.757842, 0.377066, 0.096838, 0, 0.870724, 0.203801, 0.402181, 0.369055, 0.720418, 0.207122], [0.160333, 0.88014, 0.254197, 0.306278, 0.390849, 0.411698, 0, 0.86618, 0.78708, 0.581711, 0.497127, 0.981026], [0.753198, 0.449797, 0.005615, 0.142916, 0.673744, 0.230195, 0.167915, 0, 0.697196, 0.297621, 0.620189, 0.274591], [0.151293, 0.984006, 0.241041, 0.299159, 0.510343, 0.9519, 0.145198, 0.799566, 0, 0.276318, 0.671408, 0.50162], [0.067255, 0.132532, 0.242609, 0.08626, 0.17273, 0.912167, 0.106953, 0.754218, 0.412244, 0, 0.535351, 0.058824], [0.756897, 0.901213, 0.778586, 0.909128, 0.833401, 0.129568, 0.090196, 0.429464, 0.852875, 0.992538, 0, 0.585702], [0.893724, 0.061928, 0.402024, 0.334648, 0.832486, 0.571109, 0.682827, 0.472073, 0.448773, 0.677032, 0.767576, 0]]}