{"v_num": 12, "mat": [[0, 0.108224, 0.301391, 0.853895, 0.346861, 0.577063, 0.664977, 0.046705, 0.068632, 0.636775, 0.481689, 0.216104], [0.995349, 0, 0.635177, 0.55489, 0.559271, 0.288348, 0.075813, 0.282559, 0.081677, 0.980047, 0.379521, 0.537103], [0.756098, 0.073392, 0, 0.076386, 0.730052, 0.17594, 0.873411, 0.535461, 0.923026, 0.656974, 0.417352, 0.362235], [0.217328, 0.366784, 0.1246, 0, 0.44676, 0.006508, 0.483779, 0.832456, 0.626386, 0.213373, 0.436341, 0.88615], [0.808855, 0.490451, 0.831944, 0.137472, 0, 0.427384, 0.544436, 0.457082, 0.767527, 0.03045, 0.1947, 0.640804], [0.65562, 0.258576, 0.371129, 0.756207, 0.013369, 0, 0.650852, 0.285507, 0.434206, 0.599614, 0.144775, 0.855747], [0.063777, 0.238313, 0.221432, 0.048634, 0.425154, 0.863298, 0, 0.659575, 0.026061, 0.361173, 0.022261, 0.450108], [0.800966, 0.005727, 0.303525, 0.772589, 0.327691, 0.8168, 0.232979, 0, 0.743571, 0.833464, 0.163541, 0.694468], [0.618877, 0.700881, 0.406337, 0.267456, 0.268114, 0.168477, 0.905023, 0.107159, 0, 0.908698, 0.639382, 0.457213], [0.938008, 0.742571, 0.113142, 0.908262, 0.918362, 0.574026, 0.009196, 0.159452, 0.957071, 0, 0.74924, 0.386542], [0.900662, 0.299898, 0.917347, 0.288142, 0.427562, 0.622129, 0.510233, 0.901763, 0.845815, 0.221418, 0, 0.962587], [0.067357, 0.681178, 0.255154, 0.090101, 0.156633, 0.633281, 0.713733, 0.898796, 0.76918, 0.96284, 0.84275, 0]]}