{"v_num": 12, "mat": [[0, 0.076622, 0.660453, 0.490708, 0.389566, 0.608201, 0.715047, 0.380951, 0.329852, 0.45826, 0.170649, 0.581666], [0.97419, 0, 0.478629, 0.486759, 0.564566, 0.378594, 0.853718, 0.791176, 0.17502, 0.466792, 0.440943, 0.336253], [0.495003, 0.394183, 0, 0.005903, 0.639579, 0.47985, 0.186957, 0.838107, 0.650798, 0.025924, 0.034851, 0.571765], [0.544547, 0.831927, 0.156412, 0, 0.391819, 0.84267, 0.009386, 0.304544, 0.164257, 0.602631, 0.004199, 0.022306], [0.609324, 0.765458, 0.827101, 0.426726, 0, 0.010366, 0.759838, 0.488431, 0.958655, 0.837646, 0.913491, 0.411227], [0.357677, 0.607483, 0.166835, 0.545183, 0.875154, 0, 0.311508, 0.587093, 0.650266, 0.652826, 0.512767, 0.961206], [0.801683, 0.868639, 0.324762, 0.441146, 0.753771, 0.662998, 0, 0.256474, 0.677546, 0.050389, 0.370172, 0.953962], [0.485012, 0.152223, 0.925657, 0.827818, 0.93584, 0.773618, 0.121459, 0, 0.75097, 0.150264, 0.125973, 0.999118], [0.303465, 0.788247, 0.91931, 0.804405, 0.979286, 0.035529, 0.416309, 0.536386, 0, 0.344508, 0.93915, 0.858046], [0.50671, 0.223811, 0.002354, 0.360826, 0.663549, 0.407159, 0.246775, 0.019998, 0.119832, 0, 0.585842, 0.767004], [0.352963, 0.984693, 0.384745, 0.465619, 0.38553, 0.453923, 0.19877, 0.95341, 0.821437, 0.552621, 0, 0.847217], [0.35283, 0.274294, 0.595594, 0.132581, 0.348835, 0.120904, 0.995222, 0.366191, 0.072942, 0.733887, 0.114762, 0]]}