{"v_num": 12, "mat": [[0, 0.05872, 0.434775, 0.763806, 0.388102, 0.426319, 0.567701, 0.337877, 0.316303, 0.418092, 0.947387, 0.121461], [0.769679, 0, 0.803991, 0.273051, 0.346142, 0.028073, 0.357669, 0.360877, 0.895885, 0.511063, 0.639053, 0.828396], [0.021459, 0.235393, 0, 0.105095, 0.033026, 0.800572, 0.564322, 0.23467, 0.298477, 0.86893, 0.056666, 0.864127], [0.793259, 0.665704, 0.876675, 0, 0.564545, 0.290375, 0.092091, 0.061492, 0.830224, 0.939081, 0.514747, 0.686738], [0.987231, 0.831045, 0.6128, 0.946406, 0, 0.691342, 0.302484, 0.586608, 0.663602, 0.834527, 0.77053, 0.89526], [0.301476, 0.520295, 0.484525, 0.860138, 0.374071, 0, 0.719467, 0.584731, 0.682851, 0.962795, 0.942697, 0.739611], [0.18329, 0.357843, 0.090167, 0.659862, 0.043368, 0.943513, 0, 0.196845, 0.72731, 0.197464, 0.751184, 0.216979], [0.252048, 0.967456, 0.660895, 0.818567, 0.786547, 0.906933, 0.582592, 0, 0.127796, 0.471962, 0.266949, 0.890299], [0.881157, 0.85437, 0.070721, 0.047955, 0.470673, 0.719144, 0.597386, 0.947841, 0, 0.491711, 0.881613, 0.982606], [0.687977, 0.644908, 0.971527, 0.150623, 0.170842, 0.755268, 0.781331, 0.860652, 0.048094, 0, 0.842031, 0.812118], [0.423347, 0.752353, 0.94089, 0.89461, 0.642034, 0.28423, 0.022892, 0.456247, 0.68457, 0.441179, 0, 0.46209], [0.225617, 0.639973, 0.134504, 0.369318, 0.360181, 0.050424, 0.754769, 0.092438, 0.046605, 0.717937, 0.094428, 0]]}