{"v_num": 12, "mat": [[0, 0.114179, 0.652588, 0.572705, 0.502052, 0.009689, 0.754227, 0.310634, 0.075292, 0.937381, 0.689999, 0.508554], [0.299033, 0, 0.65834, 0.077543, 0.666159, 0.240675, 0.347385, 0.94008, 0.904399, 0.516399, 0.888857, 0.476919], [0.975926, 0.453277, 0, 0.809465, 0.364289, 0.817211, 0.759112, 0.37462, 0.394333, 0.778154, 0.552658, 0.416192], [0.349498, 0.868416, 0.82061, 0, 0.284947, 0.485109, 0.550042, 0.95999, 0.800268, 0.268411, 0.000885, 0.375747], [0.285597, 0.692239, 0.615508, 0.082302, 0, 0.415823, 0.171014, 0.940912, 0.050598, 0.946877, 0.708099, 0.795162], [0.86597, 0.977895, 0.219113, 0.070922, 0.953836, 0, 0.260499, 0.343899, 0.525308, 0.56827, 0.680731, 0.628727], [0.263616, 0.614744, 0.41075, 0.710655, 0.896466, 0.230382, 0, 0.661092, 0.548778, 0.931896, 0.906514, 0.493535], [0.684002, 0.030914, 0.03044, 0.675158, 0.469631, 0.962879, 0.19441, 0, 0.507155, 0.025121, 0.621397, 0.423682], [0.490552, 0.908266, 0.062285, 0.208077, 0.149779, 0.790135, 0.778401, 0.469289, 0, 0.203421, 0.183781, 0.580703], [0.50205, 0.836689, 0.485399, 0.521144, 0.092438, 0.888679, 0.352577, 0.696898, 0.232215, 0, 0.072333, 0.385218], [0.012763, 0.320102, 0.645295, 0.611065, 0.505871, 0.262594, 0.527722, 0.664844, 0.553179, 0.298298, 0, 0.94091], [0.806621, 0.879742, 0.617445, 0.629878, 0.50425, 0.254008, 0.174152, 0.029008, 0.528119, 0.506676, 0.799601, 0]]}