{"v_num": 12, "mat": [[0, 0.174274, 0.010195, 0.28383, 0.195406, 0.651927, 0.235174, 0.341544, 0.324067, 0.739899, 0.731867, 0.393826], [0.850838, 0, 0.702774, 0.513574, 0.095983, 0.144976, 0.554608, 0.72538, 0.592631, 0.38962, 0.625354, 0.027814], [0.737297, 0.90172, 0, 0.017346, 0.699934, 0.312473, 0.826089, 0.150897, 0.387086, 0.16496, 0.19985, 0.223728], [0.492582, 0.250939, 0.461161, 0, 0.511498, 0.153633, 0.352633, 0.490065, 0.763357, 0.127109, 0.593127, 0.539926], [0.922473, 0.87889, 0.964163, 0.02265, 0, 0.1107, 0.462069, 0.206926, 0.782503, 0.734653, 0.17402, 0.23087], [0.45206, 0.400791, 0.665537, 0.007108, 0.7129, 0, 0.603067, 0.115258, 0.943901, 0.837796, 0.753848, 0.483352], [0.987869, 0.883517, 0.277896, 0.376439, 0.023703, 0.147532, 0, 0.190194, 0.342388, 0.201404, 0.044417, 0.539101], [0.309645, 0.554316, 0.125779, 0.884288, 0.484633, 0.301566, 0.608292, 0, 0.292881, 0.409712, 0.795823, 0.338994], [0.59868, 0.538858, 0.514519, 0.037572, 0.445259, 0.810602, 0.615388, 0.352627, 0, 0.010224, 0.658403, 0.604099], [0.104853, 0.510852, 0.26206, 0.349973, 0.272685, 0.641308, 0.879212, 0.166727, 0.483856, 0, 0.87355, 0.199629], [0.754748, 0.140544, 0.514634, 0.769636, 0.46923, 0.913023, 0.05706, 0.33927, 0.137055, 0.644187, 0, 0.7343], [0.140053, 0.18994, 0.522853, 0.29141, 0.676609, 0.112306, 0.096798, 0.885139, 0.030547, 0.369269, 0.855134, 0]]}