{"v_num": 12, "mat": [[0, 0.782874, 0.488009, 0.837908, 0.350521, 0.674283, 0.492496, 0.857021, 0.098998, 0.29824, 0.39999, 0.931854], [0.072517, 0, 0.687395, 0.200357, 0.106387, 0.713875, 0.834046, 0.120649, 0.352756, 0.819555, 0.817915, 0.276379], [0.133761, 0.973573, 0, 0.321499, 0.778693, 0.768725, 0.918582, 0.729726, 0.466385, 0.890839, 0.945758, 0.45219], [0.06344, 0.780611, 0.681945, 0, 0.121776, 0.636166, 0.849133, 0.763343, 0.095316, 0.987691, 0.431398, 0.810379], [0.71243, 0.960446, 0.231499, 0.728527, 0, 0.255377, 0.918809, 0.196841, 0.132132, 0.194604, 0.100425, 0.073992], [0.963105, 0.423939, 0.07413, 0.915101, 0.702111, 0, 0.839104, 0.654699, 0.624575, 0.721556, 0.077577, 0.346357], [0.654557, 0.173092, 0.272625, 0.635163, 0.861011, 0.241017, 0, 0.302259, 0.365002, 0.222622, 0.163229, 0.942989], [0.013193, 0.046789, 0.180208, 0.022631, 0.500764, 0.440636, 0.153932, 0, 0.437102, 0.130499, 0.273184, 0.041505], [0.459623, 0.016937, 0.624551, 0.677676, 0.406789, 0.145554, 0.171683, 0.51009, 0, 0.172712, 0.293107, 0.266665], [0.291967, 0.986924, 0.783947, 0.105597, 0.863813, 0.735778, 0.521957, 0.33848, 0.396173, 0, 0.385637, 0.477912], [0.952365, 0.192333, 0.858447, 0.453657, 0.664649, 0.104732, 0.017643, 0.323968, 0.637782, 0.947189, 0, 0.04341], [0.390855, 0.212145, 0.908121, 0.331989, 0.879261, 0.662967, 0.786852, 0.498753, 0.931645, 0.042989, 0.997536, 0]]}