{"v_num": 12, "mat": [[0, 0.82141, 0.221371, 0.368712, 0.461614, 0.428234, 0.82455, 0.703226, 0.069871, 0.105112, 0.516866, 0.60549], [0.912758, 0, 0.610835, 0.56556, 0.503054, 0.068283, 0.835766, 0.854663, 0.251806, 0.641094, 0.727213, 0.505546], [0.395654, 0.596267, 0, 0.023001, 0.188767, 0.877322, 0.112097, 0.423974, 0.880471, 0.96713, 0.915683, 0.965723], [0.517903, 0.402684, 0.446566, 0, 0.806375, 0.410589, 0.96173, 0.950444, 0.136885, 0.110838, 0.854548, 0.477176], [0.946974, 0.353825, 0.974751, 0.984315, 0, 0.034941, 0.418552, 0.749722, 0.22121, 0.47656, 0.57511, 0.122992], [0.621236, 0.272071, 0.60454, 0.998482, 0.348388, 0, 0.151943, 0.485133, 0.092515, 0.354571, 0.006928, 0.530172], [0.934106, 0.431485, 0.364907, 0.932215, 0.190687, 0.712556, 0, 0.470921, 0.112528, 0.367367, 0.63632, 0.747731], [0.120567, 0.662516, 0.802657, 0.084021, 0.283121, 0.218957, 0.375283, 0, 0.403189, 0.782472, 0.682427, 0.049163], [0.387777, 0.832764, 0.434126, 0.311477, 0.256384, 0.995418, 0.952364, 0.076148, 0, 0.795496, 0.356311, 0.292934], [0.018811, 0.054129, 0.824156, 0.976413, 0.562054, 0.31426, 0.480911, 0.089727, 0.136134, 0, 0.064982, 0.503722], [0.150025, 0.50463, 0.362578, 0.610207, 0.270732, 0.362635, 0.756271, 0.778792, 0.82045, 0.541241, 0, 0.904501], [0.108423, 0.348548, 0.166613, 0.536825, 0.426293, 0.657646, 0.607327, 0.576977, 0.996999, 0.53299, 0.624994, 0]]}