{"v_num": 12, "mat": [[0, 0.981908, 0.681898, 0.872317, 0.035853, 0.501749, 0.912376, 0.26793, 0.453971, 0.096302, 0.49173, 0.204787], [0.742876, 0, 0.748997, 0.296149, 0.278834, 0.489608, 0.447807, 0.747588, 0.743515, 0.920844, 0.116662, 0.074959], [0.899905, 0.038509, 0, 0.779376, 0.44735, 0.831998, 0.949874, 0.258976, 0.611256, 0.801587, 0.032863, 0.831761], [0.942099, 0.311877, 0.465308, 0, 0.285215, 0.06484, 0.764723, 0.590933, 0.855562, 0.058825, 0.358024, 0.134614], [0.327879, 0.785417, 0.433756, 0.721956, 0, 0.222773, 0.080579, 0.205938, 0.550154, 0.288731, 0.596846, 0.942683], [0.881241, 0.92894, 0.144802, 0.482272, 0.578099, 0, 0.799956, 0.204559, 0.167958, 0.747401, 0.552244, 0.892652], [0.422427, 0.021491, 0.901301, 0.891624, 0.491215, 0.406135, 0, 0.970332, 0.440435, 0.926626, 0.060114, 0.461994], [0.995907, 0.133497, 0.929951, 0.538343, 0.897288, 0.630427, 0.441039, 0, 0.907549, 0.903184, 0.199139, 0.804246], [0.725082, 0.603528, 0.749007, 0.478457, 0.101919, 0.194046, 0.116943, 0.008241, 0, 0.606596, 0.879383, 0.143639], [0.432541, 0.239878, 0.116556, 0.243494, 0.518822, 0.455273, 0.908592, 0.590958, 0.481737, 0, 0.494283, 0.283487], [0.431383, 0.173472, 0.563651, 0.593085, 0.48441, 0.012649, 0.161327, 0.275406, 0.323094, 0.370959, 0, 0.116405], [0.890759, 0.040825, 0.075056, 0.299688, 0.790611, 0.129772, 0.803923, 0.184738, 0.896402, 0.6694, 0.895909, 0]]}