{"v_num": 12, "mat": [[0, 0.696236, 0.08026, 0.019661, 0.187939, 0.452294, 0.458667, 0.65903, 0.890283, 0.808082, 0.6267, 0.514722], [0.942555, 0, 0.936318, 0.133391, 0.480673, 0.472962, 0.276984, 0.517572, 0.487046, 0.186078, 0.788875, 0.82172], [0.173129, 0.314095, 0, 0.276128, 0.58891, 0.4085, 0.567941, 0.586152, 0.918009, 0.231597, 0.429616, 0.273043], [0.230992, 0.472135, 0.658401, 0, 0.217452, 0.800555, 0.98765, 0.707498, 0.103294, 0.089108, 0.209174, 0.975075], [0.355352, 0.153232, 0.861185, 0.049687, 0, 0.011886, 0.118967, 0.157819, 0.455363, 0.103399, 0.266566, 0.978905], [0.209736, 0.022149, 0.514123, 0.792102, 0.552717, 0, 0.384405, 0.535264, 0.248074, 0.794155, 0.758418, 0.325562], [0.142754, 0.635108, 0.799823, 0.31486, 0.066876, 0.496383, 0, 0.653826, 0.404048, 0.174813, 0.716696, 0.129141], [0.87087, 0.6259, 0.361361, 0.68764, 0.90646, 0.152132, 0.405157, 0, 0.847592, 0.963246, 0.059246, 0.668], [0.836418, 0.718676, 0.328774, 0.369483, 0.125106, 0.833393, 0.607259, 0.574002, 0, 0.141187, 0.507236, 0.509304], [0.388841, 0.890747, 0.354623, 0.788777, 0.718607, 0.489129, 0.421479, 0.232912, 0.148, 0, 0.972454, 0.229088], [0.992887, 0.353745, 0.574707, 0.598224, 0.325307, 0.710425, 0.150883, 0.286912, 0.435512, 0.893754, 0, 0.920553], [0.374467, 0.503242, 0.19469, 0.836249, 0.583285, 0.217017, 0.464222, 0.50509, 0.068109, 0.528477, 0.991076, 0]]}