{"v_num": 12, "mat": [[0, 0.041023, 0.30378, 0.096923, 0.060862, 0.819408, 0.98318, 0.695502, 0.036068, 0.747485, 0.437101, 0.573091], [0.376508, 0, 0.181374, 0.570844, 0.94313, 0.522549, 0.944008, 0.592527, 0.409628, 0.77702, 0.897116, 0.403708], [0.141501, 0.770862, 0, 0.157576, 0.70841, 0.421744, 0.968364, 0.283482, 0.088341, 0.728273, 0.289235, 0.698949], [0.301483, 0.768611, 0.529672, 0, 0.864106, 0.51355, 0.17703, 0.080616, 0.859762, 0.578402, 0.50846, 0.677447], [0.264126, 0.706402, 0.370839, 0.387018, 0, 0.012075, 0.982975, 0.987843, 0.66638, 0.584322, 0.889467, 0.495329], [0.246195, 0.691024, 0.312334, 0.744736, 0.744495, 0, 0.713459, 0.950142, 0.661986, 0.56834, 0.144742, 0.283704], [0.996063, 0.901066, 0.885199, 0.540537, 0.15429, 0.155662, 0, 0.932921, 0.186308, 0.717655, 0.307698, 0.962375], [0.081065, 0.981674, 0.094754, 0.979226, 0.326366, 0.860003, 0.555836, 0, 0.935753, 0.680255, 0.413457, 0.828069], [0.905705, 0.092037, 0.362137, 0.386879, 0.860838, 0.126463, 0.239819, 0.452226, 0, 0.989848, 0.408592, 0.935617], [0.3434, 0.84429, 0.968443, 0.954603, 0.081799, 0.546461, 0.376095, 0.492829, 0.373108, 0, 0.246045, 0.83191], [0.331441, 0.518418, 0.338734, 0.387673, 0.251685, 0.838965, 0.607629, 0.422869, 0.66511, 0.098511, 0, 0.752], [0.04906, 0.243852, 0.051249, 0.60708, 0.705384, 0.086232, 0.733575, 0.531587, 0.917201, 0.475764, 0.23809, 0]]}