{"v_num": 12, "mat": [[0, 0.445885, 0.196526, 0.575955, 0.835315, 0.804742, 0.62221, 0.09457, 0.902659, 0.127286, 0.216205, 0.299732], [0.658209, 0, 0.225758, 0.649962, 0.011575, 0.065398, 0.649929, 0.431752, 0.501933, 0.956766, 0.652815, 0.092712], [0.640254, 0.78376, 0, 0.998098, 0.302981, 0.177863, 0.301789, 0.03271, 0.658957, 0.854684, 0.00107, 0.715593], [0.344464, 0.709406, 0.777404, 0, 0.102753, 0.989048, 0.834167, 0.961242, 0.06343, 0.730638, 0.614084, 0.1121], [0.604633, 0.134383, 0.106891, 0.21877, 0, 0.735627, 0.359438, 0.623185, 0.311349, 0.534161, 0.215492, 0.530988], [0.374758, 0.746727, 0.145687, 0.043052, 0.772906, 0, 0.762502, 0.374762, 0.354714, 0.043466, 0.759579, 0.353783], [0.977451, 0.83375, 0.125065, 0.593856, 0.881076, 0.922008, 0, 0.443784, 0.654088, 0.008824, 0.338788, 0.373946], [0.740224, 0.980772, 0.946894, 0.094299, 0.445366, 0.966531, 0.237193, 0, 0.284229, 0.417243, 0.281042, 0.635435], [0.557694, 0.087163, 0.559286, 0.975569, 0.382831, 0.304246, 0.722715, 0.907015, 0, 0.61533, 0.068338, 0.095524], [0.554601, 0.264652, 0.958233, 0.388385, 0.289307, 0.92102, 0.077081, 0.023061, 0.542164, 0, 0.6796, 0.394957], [0.95782, 0.854787, 0.321021, 0.508702, 0.588324, 0.390851, 0.954773, 0.476261, 0.113335, 0.928747, 0, 0.860342], [0.07236, 0.202947, 0.892207, 0.849078, 0.002372, 0.030312, 0.887601, 0.563238, 0.024595, 0.831927, 0.375011, 0]]}