{"v_num": 12, "mat": [[0, 0.438889, 0.000128, 0.303164, 0.659536, 0.769903, 0.044348, 0.987436, 0.479055, 0.170687, 0.154775, 0.999551], [0.81423, 0, 0.185116, 0.561456, 0.45971, 0.779434, 0.527153, 0.363675, 0.617419, 0.884343, 0.721316, 0.126883], [0.976579, 0.29931, 0, 0.426503, 0.078689, 0.076642, 0.977843, 0.126008, 0.201324, 0.008387, 0.991932, 0.068818], [0.894315, 0.948358, 0.19634, 0, 0.899789, 0.522237, 0.252363, 0.77873, 0.633101, 0.046749, 0.323778, 0.881035], [0.130373, 0.694107, 0.766106, 0.228551, 0, 0.970225, 0.356042, 0.080883, 0.863416, 0.276074, 0.384231, 0.402101], [0.455581, 0.352135, 0.497729, 0.304877, 0.426522, 0, 0.613677, 0.127162, 0.122222, 0.731003, 0.538651, 0.579659], [0.354689, 0.316954, 0.92951, 0.7481, 0.024583, 0.532905, 0, 0.460438, 0.360057, 0.164638, 0.981272, 0.320017], [0.18696, 0.17401, 0.70142, 0.232599, 0.828006, 0.11271, 0.180621, 0, 0.85655, 0.619697, 0.809577, 0.246021], [0.445484, 0.078253, 0.589353, 0.572049, 0.901461, 0.521325, 0.919751, 0.734797, 0, 0.70444, 0.872601, 0.746891], [0.150118, 0.953627, 0.893293, 0.41673, 0.153333, 0.458269, 0.705007, 0.043838, 0.050392, 0, 0.938108, 0.481435], [0.943316, 0.198205, 0.83417, 0.686384, 0.734896, 0.328597, 0.537542, 0.818562, 0.3897, 0.802493, 0, 0.647578], [0.662937, 0.923539, 0.507651, 0.874093, 0.607825, 0.497577, 0.607742, 0.733303, 0.630792, 0.663663, 0.379145, 0]]}