{"v_num": 12, "mat": [[0, 0.449218, 0.395514, 0.530021, 0.039, 0.043557, 0.302761, 0.504919, 0.198676, 0.827599, 0.523806, 0.054768], [0.262117, 0, 0.601318, 0.62811, 0.738374, 0.822099, 0.122145, 0.969957, 0.749361, 0.994777, 0.375307, 0.167798], [0.238101, 0.268692, 0, 0.247849, 0.060543, 0.174872, 0.422024, 0.279645, 0.211828, 0.978952, 0.525826, 0.455988], [0.774749, 0.24478, 0.409925, 0, 0.198184, 0.628648, 0.154183, 0.007827, 0.251474, 0.644503, 0.004737, 0.971053], [0.59137, 0.676768, 0.732186, 0.827924, 0, 0.019888, 0.010565, 0.175009, 0.418416, 0.194605, 0.842733, 0.470103], [0.791643, 0.575689, 0.783301, 0.482239, 0.117876, 0, 0.651989, 0.506972, 0.398889, 0.239663, 0.347648, 0.699862], [0.003389, 0.96533, 0.466286, 0.492068, 0.087279, 0.387807, 0, 0.300411, 0.506907, 0.96299, 0.025631, 0.905019], [0.076772, 0.568444, 0.508442, 0.383922, 0.592203, 0.59521, 0.337211, 0, 0.972387, 0.910604, 0.261919, 0.645034], [0.156071, 0.954308, 0.831087, 0.654963, 0.005648, 0.109281, 0.105086, 0.979326, 0, 0.322629, 0.967795, 0.555928], [0.134366, 0.777955, 0.100401, 0.986872, 0.127092, 0.503698, 0.82802, 0.745088, 0.914525, 0, 0.284283, 0.287135], [0.689178, 0.076576, 0.300739, 0.423129, 0.038508, 0.968139, 0.383193, 0.453749, 0.111845, 0.56421, 0, 0.268789], [0.678464, 0.346054, 0.665056, 0.223729, 0.320633, 0.718022, 0.946129, 0.798488, 0.355617, 0.256547, 0.505669, 0]]}