{"v_num": 12, "mat": [[0, 0.79397, 0.12109, 1.0, 0.296954, 0.026982, 0.103319, 0.024636, 0.025382, 0.455236, 0.416441, 0.54871], [0.146837, 0, 0.785264, 0.71872, 0.829391, 0.754986, 0.492349, 0.584404, 0.348921, 0.242099, 0.040368, 0.299883], [0.450928, 0.266238, 0, 0.69393, 0.289655, 0.87119, 0.510346, 0.999733, 0.959438, 0.887135, 0.056915, 0.268649], [0.968258, 0.423463, 0.036068, 0, 0.604589, 0.021447, 0.137246, 0.639579, 0.459711, 0.099663, 0.208682, 0.771575], [0.287445, 0.959908, 0.419016, 0.355831, 0, 0.004592, 0.234974, 0.929002, 0.438043, 0.122506, 0.655454, 0.848405], [0.614609, 0.27966, 0.43828, 0.43097, 0.74132, 0, 0.803248, 0.351901, 0.871017, 0.291375, 0.556951, 0.354903], [0.366987, 0.625161, 0.134986, 0.22348, 0.08766, 0.464317, 0, 0.151323, 0.184651, 0.550169, 0.938445, 0.214148], [0.634615, 0.004005, 0.467612, 0.055703, 0.042234, 0.96496, 0.138919, 0, 0.935529, 0.445885, 0.417696, 0.740142], [0.157103, 0.233159, 0.386292, 0.398119, 0.254384, 0.585844, 0.800662, 0.457844, 0, 0.340319, 0.531314, 0.278057], [0.477651, 0.247843, 0.037795, 0.618391, 0.555386, 0.709161, 0.219178, 0.976183, 0.136516, 0, 0.932203, 0.176386], [0.705167, 0.030333, 0.726984, 0.544101, 0.607531, 0.118899, 0.03842, 0.654387, 0.137529, 0.031181, 0, 0.124644], [0.437867, 0.760377, 0.580939, 0.549336, 0.409766, 0.05427, 0.141189, 0.293595, 0.850482, 0.034676, 0.425956, 0]]}