{"v_num": 12, "mat": [[0, 0.108059, 0.17556, 0.613223, 0.249773, 0.736741, 0.736627, 0.361636, 0.397315, 0.991643, 0.311777, 0.419775], [0.048699, 0, 0.538499, 0.453228, 0.479518, 0.201203, 0.495085, 0.355035, 0.92931, 0.162344, 0.661159, 0.889984], [0.295406, 0.98567, 0, 0.080515, 0.469376, 0.084094, 0.024485, 0.735682, 0.959905, 0.734176, 0.550375, 0.024789], [0.110226, 0.41312, 0.80506, 0, 0.523329, 0.639244, 0.403401, 0.930663, 0.586204, 0.399728, 0.679267, 0.501848], [0.333211, 0.683484, 0.63528, 0.809964, 0, 0.813313, 0.320363, 0.621079, 0.849991, 0.266273, 0.224353, 0.070752], [0.132245, 0.335117, 0.221373, 0.552024, 0.67062, 0, 0.673728, 0.144315, 0.613081, 0.854684, 0.228895, 0.149628], [0.435844, 0.245491, 0.352506, 0.00958, 0.159316, 0.182812, 0, 0.462515, 0.17243, 0.510061, 0.733649, 0.633268], [0.903809, 0.883231, 0.044531, 0.381703, 0.301888, 0.744373, 0.046578, 0, 0.692513, 0.885275, 0.368296, 0.967095], [0.935243, 0.017099, 0.996392, 0.577853, 0.141473, 0.978499, 0.978665, 0.18556, 0, 0.588691, 0.531523, 0.209372], [0.010371, 0.829822, 0.279868, 0.704471, 0.48545, 0.940885, 0.322696, 0.920899, 0.41841, 0, 0.554232, 0.385237], [0.903123, 0.19575, 0.688623, 0.639448, 0.129069, 0.235276, 0.091328, 0.970875, 0.663518, 0.629861, 0, 0.954834], [0.820315, 0.474387, 0.817736, 0.769236, 0.823658, 0.462544, 0.362241, 0.721585, 0.967173, 0.554805, 0.953875, 0]]}