{"v_num": 12, "mat": [[0, 0.128855, 0.441437, 0.126118, 0.046099, 0.517811, 0.712197, 0.391033, 0.607003, 0.308535, 0.607335, 0.070898], [0.991589, 0, 0.854485, 0.672518, 0.034356, 0.998061, 0.256527, 0.691102, 0.622611, 0.937359, 0.163072, 0.362842], [0.320791, 0.680706, 0, 0.156401, 0.239943, 0.376382, 0.671161, 0.434304, 0.868185, 0.005952, 0.89906, 0.278772], [0.555051, 0.894715, 0.527517, 0, 0.700353, 0.442176, 0.639806, 0.521404, 0.870611, 0.334945, 0.343452, 0.540365], [0.279206, 0.046283, 0.716423, 0.413686, 0, 0.341782, 0.762098, 0.700677, 0.950722, 0.909469, 0.54685, 0.131155], [0.316853, 0.926807, 0.764254, 0.190858, 0.379861, 0, 0.542007, 0.76606, 0.07797, 0.36491, 0.812291, 0.282934], [0.486071, 0.041521, 0.827527, 0.157274, 0.467159, 0.226146, 0, 0.701859, 0.938431, 0.037561, 0.233826, 0.466557], [0.126605, 0.197135, 0.89899, 0.096312, 0.926452, 0.282847, 0.920836, 0, 0.839939, 0.958921, 0.602696, 0.072734], [0.874149, 0.769607, 0.269433, 0.525646, 0.884745, 0.751071, 0.875513, 0.042529, 0, 0.806249, 0.222537, 0.320106], [0.168016, 0.084263, 0.774662, 0.191954, 0.024203, 0.153066, 0.195969, 0.52804, 0.915658, 0, 0.830165, 0.032353], [0.487391, 0.968144, 0.245536, 0.469747, 0.470629, 0.243685, 0.72689, 0.252674, 0.36751, 0.621842, 0, 0.710968], [0.044346, 0.10982, 0.677886, 0.276854, 0.723054, 0.150615, 0.285119, 0.07954, 0.571051, 0.085879, 0.718299, 0]]}