{"v_num": 12, "mat": [[0, 0.399698, 0.796952, 0.900857, 0.482519, 0.61303, 0.349437, 0.961462, 0.793818, 0.329628, 0.304789, 0.776286], [0.782387, 0, 0.641542, 0.342893, 0.858172, 0.366237, 0.187014, 0.411036, 0.655323, 0.427863, 0.788056, 0.063718], [0.877379, 0.80797, 0, 0.820147, 0.470505, 0.600315, 0.65272, 0.720246, 0.495823, 0.806465, 0.611099, 0.834237], [0.181737, 0.213578, 0.329157, 0, 0.49437, 0.44715, 0.8766, 0.369234, 0.494474, 0.874476, 0.333643, 0.337845], [0.971952, 0.776374, 0.154577, 0.47383, 0, 0.662518, 0.572059, 0.111541, 0.469938, 0.233676, 0.205727, 0.90297], [0.072697, 0.308443, 0.275972, 0.481535, 0.220184, 0, 0.270362, 0.509081, 0.660286, 0.994681, 0.184894, 0.532956], [0.306899, 0.706205, 0.564611, 0.858101, 0.950363, 0.141593, 0, 0.598897, 0.355575, 0.412062, 0.287716, 0.393611], [0.16726, 0.93656, 0.63162, 0.253281, 0.753768, 0.410899, 0.461871, 0, 0.746753, 0.59102, 0.53154, 0.978225], [0.962051, 0.152319, 0.663399, 0.73574, 0.70449, 0.13612, 0.421663, 0.303233, 0, 0.168034, 0.03293, 0.997739], [0.056099, 0.53492, 0.424188, 0.823766, 0.65381, 0.814105, 0.595771, 0.546655, 0.811488, 0, 0.867696, 0.386848], [0.549801, 0.118585, 0.84212, 0.328103, 0.927845, 0.814539, 0.891412, 0.096312, 0.170283, 0.035632, 0, 0.020997], [0.593502, 0.510916, 0.60888, 0.745741, 0.922786, 0.398018, 0.105945, 0.804474, 0.099508, 0.36771, 0.114803, 0]]}