{"v_num": 12, "mat": [[0, 0.276231, 0.229408, 0.732116, 0.384072, 0.737602, 0.353767, 0.145065, 0.934005, 0.869262, 0.976692, 0.493042], [0.128705, 0, 0.853233, 0.81634, 0.078994, 0.345037, 0.770975, 0.702051, 0.259706, 0.127884, 0.293509, 0.877129], [0.79842, 0.452334, 0, 0.170438, 0.734104, 0.261042, 0.240474, 0.169276, 0.655199, 0.531657, 0.580143, 0.481674], [0.658556, 0.16238, 0.130147, 0, 0.982543, 0.498652, 0.517484, 0.565906, 0.06354, 0.949678, 0.417352, 0.699631], [0.274514, 0.380432, 0.010156, 0.45529, 0, 0.758675, 0.171054, 0.150476, 0.643199, 0.34835, 0.314317, 0.829882], [0.280799, 0.539957, 0.810579, 0.182465, 0.546453, 0, 0.706217, 0.417214, 0.477924, 0.202319, 0.150816, 0.728789], [0.564095, 0.352351, 0.19654, 0.244264, 0.659085, 0.419476, 0, 0.088973, 0.427092, 0.707589, 0.483005, 0.593643], [0.343267, 0.75041, 0.229032, 0.646341, 0.307581, 0.652584, 0.177043, 0, 0.373244, 0.492494, 0.304785, 0.170663], [0.678264, 0.021353, 0.305989, 0.900804, 0.871145, 0.289119, 0.855103, 0.662741, 0, 0.876662, 0.277059, 0.184361], [0.212592, 0.06915, 0.728501, 0.270498, 0.245107, 0.781349, 0.099162, 0.281987, 0.906603, 0, 0.36299, 0.729787], [0.910817, 0.077767, 0.516582, 0.31155, 0.672252, 0.60664, 0.161081, 0.147408, 0.59649, 0.944072, 0, 0.568554], [0.188068, 0.692454, 0.330193, 0.455657, 0.165726, 0.015958, 0.373219, 0.67792, 0.494279, 0.904419, 0.722216, 0]]}