{"v_num": 12, "mat": [[0, 0.338031, 0.812497, 0.187192, 0.855745, 0.026711, 0.216708, 0.042832, 0.764064, 0.225833, 0.320246, 0.614942], [0.068396, 0, 0.75887, 0.598774, 0.178905, 0.483355, 0.59922, 0.277205, 0.927229, 0.300138, 0.992779, 0.2192], [0.198167, 0.245895, 0, 0.339827, 0.98807, 0.599998, 0.367304, 0.034155, 0.475609, 0.8996, 0.426012, 0.362525], [0.943526, 0.626681, 0.859652, 0, 0.406234, 0.168432, 0.848567, 0.145545, 0.109084, 0.299847, 0.408117, 0.014], [0.475876, 0.969636, 0.969676, 0.402433, 0, 0.203618, 0.900272, 0.853264, 0.2323, 0.974607, 0.038878, 0.80996], [0.139309, 0.002925, 0.751025, 0.227546, 0.525147, 0, 0.093179, 0.437321, 0.628043, 0.108488, 0.224659, 0.800476], [0.230753, 0.509626, 0.518803, 0.286851, 0.875834, 0.426912, 0, 0.250348, 0.524044, 0.503529, 0.193827, 0.813713], [0.046069, 0.230371, 0.136153, 0.949887, 0.614903, 0.785817, 0.869937, 0, 0.934346, 0.267294, 0.493734, 0.373646], [0.521282, 0.54717, 0.06913, 0.126209, 0.779224, 0.178654, 0.995571, 0.479992, 0, 0.019173, 0.905652, 0.67729], [0.200178, 0.888881, 0.625511, 0.815732, 0.759866, 0.697882, 0.253059, 0.149335, 0.254428, 0, 0.019508, 0.152443], [0.32876, 0.006155, 0.400611, 0.795101, 0.401849, 0.614107, 0.449499, 0.070928, 0.828895, 0.202701, 0, 0.511982], [0.327129, 0.092254, 0.556831, 0.488758, 0.328279, 0.359433, 0.527589, 0.379221, 0.678486, 0.593722, 0.27114, 0]]}