{"v_num": 12, "mat": [[0, 0.350608, 0.246412, 0.681528, 0.420727, 0.154039, 0.32159, 0.467078, 0.272003, 0.554664, 0.46187, 0.096436], [0.151273, 0, 0.739958, 0.003529, 0.048195, 0.724767, 0.323011, 0.654992, 0.885216, 0.354048, 0.183007, 0.851273], [0.606873, 0.376412, 0, 0.619945, 0.28529, 0.231896, 0.801932, 0.403965, 0.21656, 0.807317, 0.480787, 0.088636], [0.753568, 0.481286, 0.636359, 0, 0.430826, 0.298529, 0.994881, 0.7527, 0.84587, 0.707909, 0.286038, 0.250333], [0.762328, 0.733859, 0.283217, 0.65841, 0, 0.081286, 0.464574, 0.188755, 0.90761, 0.972265, 0.224854, 0.809988], [0.792641, 0.015597, 0.179627, 0.058543, 0.931476, 0, 0.709376, 0.404924, 0.681882, 0.372312, 0.114459, 0.089833], [0.022235, 0.282875, 0.250249, 0.308609, 0.938984, 0.669169, 0, 0.902638, 0.573242, 0.005082, 0.473673, 0.118521], [0.212958, 0.056435, 0.38393, 0.032821, 0.532067, 0.466425, 0.198112, 0, 0.66332, 0.220404, 0.454449, 0.988218], [0.983071, 0.61946, 0.824004, 0.748886, 0.16641, 0.460323, 0.736108, 0.406845, 0, 0.36021, 0.632385, 0.54867], [0.955465, 0.713954, 0.818977, 0.048874, 0.395496, 0.045154, 0.498608, 0.361212, 0.914038, 0, 0.433072, 0.272742], [0.75481, 0.418713, 0.617087, 0.15012, 0.318761, 0.564972, 0.973373, 0.582764, 0.766893, 0.745915, 0, 0.517909], [0.034271, 0.861493, 0.116659, 0.019044, 0.881945, 0.64245, 0.604512, 0.700946, 0.029387, 0.430789, 0.937921, 0]]}