{"v_num": 12, "mat": [[0, 0.543555, 0.504701, 0.93902, 0.418622, 0.454111, 0.581977, 0.426261, 0.406931, 0.777801, 0.557053, 0.486148], [0.058535, 0, 0.158999, 0.758841, 0.950008, 0.907876, 0.060421, 0.683961, 0.380934, 0.370236, 0.610473, 0.4924], [0.02759, 0.404064, 0, 0.237603, 0.103087, 0.104337, 0.105867, 0.051602, 0.17026, 0.092175, 0.834175, 0.099113], [0.46205, 0.620907, 0.823891, 0, 0.90695, 0.179709, 0.436193, 0.537464, 0.734813, 0.56542, 0.793368, 0.960956], [0.643103, 0.988402, 0.49126, 0.897091, 0, 0.21789, 0.92505, 0.083038, 0.713634, 0.994279, 0.994562, 0.892915], [0.264892, 0.456761, 0.719376, 0.374429, 0.561228, 0, 0.662067, 0.096914, 0.936672, 0.034436, 0.508067, 0.137547], [0.301955, 0.417562, 0.975887, 0.49664, 0.445191, 0.785219, 0, 0.777934, 0.255155, 0.334065, 0.33755, 0.266719], [0.141599, 0.52623, 0.772511, 0.643797, 0.420494, 0.808624, 0.153172, 0, 0.436911, 0.869059, 0.785057, 0.849119], [0.250403, 0.393638, 0.197885, 0.183942, 0.587171, 0.207453, 0.158015, 0.560347, 0, 0.847528, 0.877492, 0.630241], [0.182274, 0.46972, 0.941277, 0.835124, 0.229843, 0.279492, 0.728743, 0.152755, 0.477752, 0, 0.995946, 0.976967], [0.696493, 0.152926, 0.69819, 0.954336, 0.263439, 0.36097, 0.233858, 0.64287, 0.091983, 0.634064, 0, 0.52463], [0.871739, 0.444947, 0.137408, 0.496722, 0.806653, 0.998399, 0.846379, 0.330097, 0.706122, 0.726927, 0.384652, 0]]}