{"v_num": 12, "mat": [[0, 0.960741, 0.330627, 0.496636, 0.937758, 0.224736, 0.932852, 0.758295, 0.732276, 0.94881, 0.327785, 0.143153], [0.200253, 0, 0.138652, 0.187425, 0.646734, 0.417958, 0.367106, 0.421151, 0.967766, 0.843028, 0.863241, 0.21116], [0.215329, 0.04709, 0, 0.259586, 0.134131, 0.82099, 0.8246, 0.533474, 0.95634, 0.532761, 0.260078, 0.535735], [0.881925, 0.413006, 0.91479, 0, 0.105311, 0.649341, 0.410035, 0.288789, 0.118252, 0.214565, 0.588344, 0.028266], [0.955994, 0.823575, 0.79915, 0.036915, 0, 0.99667, 0.232925, 0.785067, 0.990528, 0.130969, 0.11259, 0.366218], [0.305266, 0.158815, 0.821842, 0.656756, 0.205879, 0, 0.249619, 0.532569, 0.087834, 0.012388, 0.883691, 0.644865], [0.312292, 0.828414, 0.459382, 0.690042, 0.951057, 0.574973, 0, 0.867148, 0.197817, 0.438625, 0.040212, 0.291425], [0.564206, 0.010896, 0.727143, 0.604246, 0.926929, 0.910448, 0.441047, 0, 0.315275, 0.42255, 0.397622, 0.800125], [0.03188, 0.298384, 0.441802, 0.245519, 0.907764, 0.524931, 0.897679, 0.028139, 0, 0.326928, 0.422459, 0.660642], [0.449085, 0.109482, 0.314929, 0.351026, 0.11123, 0.584388, 0.714108, 0.981061, 0.444965, 0, 0.053556, 0.79155], [0.407283, 0.039419, 0.202152, 0.182721, 0.927604, 0.022505, 0.433462, 0.715395, 0.604633, 0.563828, 0, 0.203699], [0.563909, 0.930593, 0.748893, 0.299042, 0.472077, 0.300999, 0.06344, 0.845853, 0.939777, 0.709071, 0.839009, 0]]}