{"v_num": 12, "mat": [[0, 0.523965, 0.694679, 0.397759, 0.091571, 0.49619, 0.612067, 0.688494, 0.671872, 0.30377, 0.988627, 0.341133], [0.752293, 0, 0.306049, 0.068427, 0.885573, 0.664121, 0.083995, 0.328717, 0.714554, 0.457861, 0.925242, 0.024623], [0.673154, 0.96366, 0, 0.457039, 0.43974, 0.362464, 0.867237, 0.138183, 0.941999, 0.951911, 0.915273, 0.539987], [0.018211, 0.920272, 0.148337, 0, 0.471808, 0.60138, 0.275155, 0.405533, 0.193696, 0.41131, 0.638148, 0.069947], [0.004322, 0.13125, 0.578958, 0.257782, 0, 0.365848, 0.595251, 0.109868, 0.116092, 0.379468, 0.157053, 0.495927], [0.96093, 0.870402, 0.359084, 0.72414, 0.66539, 0, 0.312359, 0.507752, 0.635255, 0.904844, 0.697777, 0.666189], [0.143401, 0.659695, 0.636931, 0.88206, 0.919504, 0.082593, 0, 0.206263, 0.501283, 0.937243, 0.716045, 0.221299], [0.434546, 0.838481, 0.939094, 0.594254, 0.576156, 0.836212, 0.000388, 0, 0.151563, 0.592905, 0.640106, 0.403079], [0.499037, 0.647402, 0.230756, 0.157076, 0.916721, 0.333224, 0.604628, 0.836229, 0, 0.041862, 0.98827, 0.671941], [0.935477, 0.984011, 0.974731, 0.404008, 0.941814, 0.597213, 0.814744, 0.5567, 0.061765, 0, 0.339948, 0.384106], [0.822099, 0.602514, 0.529899, 0.502533, 0.990333, 0.9517, 0.795285, 0.069935, 0.441722, 0.059497, 0, 0.837477], [0.130195, 0.358122, 0.005159, 0.704259, 0.070568, 0.654898, 0.724981, 0.408713, 0.753956, 0.174822, 0.026362, 0]]}