{"v_num": 12, "mat": [[0, 0.927317, 0.041711, 0.42064, 0.860079, 0.22271, 0.912318, 0.995404, 0.819874, 0.463455, 0.945235, 0.036786], [0.172611, 0, 0.703551, 0.212126, 0.736592, 0.309294, 0.913441, 0.921814, 0.731276, 0.778178, 0.630579, 0.649231], [0.705799, 0.749446, 0, 0.489958, 0.798646, 0.816907, 0.492393, 0.234185, 0.15147, 0.421121, 0.623912, 0.045147], [0.32509, 0.828667, 0.331065, 0, 0.942035, 0.110531, 0.123951, 0.892224, 0.535834, 0.490997, 0.768663, 0.922262], [0.183418, 0.799471, 0.471901, 0.04035, 0, 0.882969, 0.113804, 0.233199, 0.831044, 0.155327, 0.747552, 0.88385], [0.724433, 0.014929, 0.258072, 0.915198, 0.942655, 0, 0.691718, 0.497953, 0.99376, 0.094482, 0.656649, 0.223726], [0.623689, 0.903994, 0.042564, 0.217188, 0.306907, 0.100135, 0, 0.461866, 0.12011, 0.722852, 0.49076, 0.804394], [0.780461, 0.850605, 0.571807, 0.675119, 0.863106, 0.526572, 0.993847, 0, 0.938318, 0.555954, 0.323971, 0.366927], [0.758595, 0.367212, 0.969407, 0.867106, 0.300186, 0.600978, 0.798294, 0.4068, 0, 0.705459, 0.195808, 0.658142], [0.674276, 0.053636, 0.885593, 0.151498, 0.181348, 0.926402, 0.358574, 0.93709, 0.528873, 0, 0.696845, 0.266462], [0.690168, 0.879692, 0.47905, 0.667034, 0.579039, 0.66327, 0.041385, 0.338441, 0.249373, 0.807738, 0, 0.060632], [0.636485, 0.180241, 0.733624, 0.450281, 0.326398, 0.491406, 0.47125, 0.160546, 0.928386, 0.712832, 0.300754, 0]]}