{"v_num": 12, "mat": [[0, 0.798089, 0.566528, 0.761591, 0.87305, 0.993296, 0.435207, 0.56024, 0.33408, 0.600534, 0.43113, 0.136423], [0.370784, 0, 0.397295, 0.204318, 0.974739, 0.159387, 0.484553, 0.850123, 0.711219, 0.224302, 0.804184, 0.95513], [0.344955, 0.581057, 0, 0.65927, 0.408275, 0.053365, 0.299261, 0.76609, 0.244116, 0.079532, 0.463235, 0.794517], [0.911455, 0.312079, 0.62462, 0, 0.159101, 0.487927, 0.531223, 0.433381, 0.159646, 0.575423, 0.084917, 0.195641], [0.264057, 0.632383, 0.413163, 0.632158, 0, 0.205202, 0.825724, 0.317996, 0.222713, 0.544103, 0.483248, 0.612053], [0.111215, 0.897643, 0.123274, 0.746678, 0.160374, 0, 0.847116, 0.528285, 0.667559, 0.154958, 0.879427, 0.354855], [0.395197, 0.77577, 0.004643, 0.033575, 0.076114, 0.46711, 0, 0.701197, 0.139301, 0.929689, 0.042272, 0.094458], [0.051816, 0.600266, 0.316039, 0.841078, 0.918171, 0.675699, 0.541564, 0, 0.055282, 0.722614, 0.462317, 0.310389], [0.844693, 0.248466, 0.770395, 0.599012, 0.30269, 0.235233, 0.307668, 0.265115, 0, 0.735003, 0.926545, 0.944814], [0.73468, 0.133903, 0.785305, 0.772241, 0.896145, 0.377736, 0.467444, 0.769504, 0.940923, 0, 0.446306, 0.098226], [0.984945, 0.434029, 0.960944, 0.689676, 0.627889, 0.797185, 0.423241, 0.307678, 0.815035, 0.800067, 0, 0.18449], [0.17574, 0.243346, 0.825229, 0.832607, 0.042694, 0.707824, 0.583465, 0.539809, 0.937392, 0.613518, 0.708619, 0]]}