{"v_num": 12, "mat": [[0, 0.46728, 0.047415, 0.505094, 0.257074, 0.941518, 0.754149, 0.47431, 0.320288, 0.603508, 0.211535, 0.014119], [0.596851, 0, 0.261434, 0.083102, 0.527576, 0.450444, 0.726685, 0.129887, 0.121992, 0.195492, 0.213924, 0.557164], [0.150483, 0.782273, 0, 0.284621, 0.320358, 0.698486, 0.009948, 0.075057, 0.016144, 0.078945, 0.296793, 0.550517], [0.590189, 0.341157, 0.626462, 0, 0.682193, 0.7101, 0.37505, 0.361653, 0.972808, 0.735516, 0.029941, 0.983233], [0.896543, 0.197194, 0.566627, 0.886304, 0, 0.441128, 0.241227, 0.145118, 0.215795, 0.713138, 0.007849, 0.494647], [0.759126, 0.312902, 0.739912, 0.081844, 0.458437, 0, 0.652941, 0.626093, 0.926492, 0.517526, 0.911289, 0.895802], [0.963935, 0.255183, 0.09466, 0.288418, 0.918272, 0.192682, 0, 0.43351, 0.096716, 0.343857, 0.735656, 0.200416], [0.331654, 0.049514, 0.714874, 0.026893, 0.048566, 0.241321, 0.644403, 0, 0.74801, 0.173113, 0.90682, 0.945659], [0.997222, 0.106482, 0.449956, 0.935066, 0.231943, 0.527571, 0.619069, 0.67789, 0, 0.706479, 0.289154, 0.154811], [0.637013, 0.710475, 0.843973, 0.455239, 0.942214, 0.940367, 0.667078, 0.988453, 0.907146, 0, 0.474306, 0.336644], [0.070462, 0.376603, 0.636261, 0.398002, 0.86838, 0.706078, 0.797633, 0.747136, 0.7626, 0.865041, 0, 0.987673], [0.676597, 0.410266, 0.051006, 0.887375, 0.640477, 0.425068, 0.674708, 0.669379, 0.647015, 0.941468, 0.672249, 0]]}