{"v_num": 12, "mat": [[0, 0.362207, 0.739431, 0.184869, 0.153403, 0.263336, 0.504285, 0.934769, 0.826651, 0.259247, 0.574936, 0.336791], [0.739629, 0, 0.417177, 0.370375, 0.105732, 0.882891, 0.606862, 0.998991, 0.299763, 0.385295, 0.499581, 0.444111], [0.431827, 0.64256, 0, 0.552517, 0.888708, 0.111292, 0.441828, 0.491541, 0.063847, 0.811435, 0.57936, 0.791892], [0.396722, 0.830427, 0.027373, 0, 0.405621, 0.097639, 0.004954, 0.903292, 0.005462, 0.141788, 0.174057, 0.751268], [0.808804, 0.545073, 0.490687, 0.463504, 0, 0.704433, 0.911446, 0.364667, 0.776606, 0.701528, 0.466235, 0.534094], [0.512641, 0.642849, 0.710298, 0.172577, 0.256917, 0, 0.702867, 0.521698, 0.701572, 0.056535, 0.468895, 0.805493], [0.338989, 0.714544, 0.009279, 0.887107, 0.341892, 0.255593, 0, 0.000351, 0.101079, 0.215381, 0.173874, 0.89635], [0.448548, 0.351578, 0.370041, 0.730388, 0.831171, 0.996728, 0.833839, 0, 0.863724, 0.626606, 0.544341, 0.08881], [0.786521, 0.778941, 0.24611, 0.056316, 0.352262, 0.123844, 0.159722, 0.436121, 0, 0.921461, 0.08458, 0.844883], [0.3079, 0.169866, 0.270305, 0.294132, 0.328617, 0.910189, 0.996024, 0.124552, 0.910659, 0, 0.80291, 0.399032], [0.311353, 0.082733, 0.830864, 0.823911, 0.721297, 0.45307, 0.897324, 0.090574, 0.418834, 0.540929, 0, 0.997058], [0.508345, 0.996075, 0.739329, 0.290393, 0.880904, 0.043945, 0.841045, 0.267107, 0.10935, 0.77878, 0.719803, 0]]}