{"v_num": 12, "mat": [[0, 0.199271, 0.589482, 0.004646, 0.218433, 0.627853, 0.049191, 0.69711, 0.390419, 0.71142, 0.897023, 0.498195], [0.204515, 0, 0.472417, 0.742452, 0.605683, 0.209422, 0.867085, 0.413278, 0.189734, 0.059569, 0.586238, 0.422722], [0.139538, 0.281212, 0, 0.416579, 0.156954, 0.205788, 0.015541, 0.65429, 0.433565, 0.280678, 0.188783, 0.104305], [0.963931, 0.173622, 0.027133, 0, 0.047593, 0.036663, 0.075113, 0.887015, 0.850769, 0.636347, 0.453133, 0.070431], [0.866584, 0.189831, 0.691109, 0.537365, 0, 0.705173, 0.601645, 0.540551, 0.989497, 0.797821, 0.928104, 0.48709], [0.000789, 0.245893, 0.155522, 0.895502, 0.758888, 0, 0.241511, 0.364146, 0.844904, 0.493364, 0.590251, 0.246645], [0.828452, 0.804885, 0.851309, 0.044737, 0.775628, 0.167389, 0, 0.077326, 0.44211, 0.177055, 0.494413, 0.273465], [0.844408, 0.223561, 0.274847, 0.448512, 0.659698, 0.559852, 0.496202, 0, 0.413686, 0.107512, 0.284324, 0.846216], [0.05181, 0.334348, 0.273413, 0.329772, 0.614708, 0.712149, 0.431153, 0.432033, 0, 0.867806, 0.150341, 0.82], [0.098679, 0.175629, 0.538189, 0.046619, 0.239699, 0.624449, 0.442852, 0.94245, 0.110491, 0, 0.382811, 0.201585], [0.718198, 0.912714, 0.304223, 0.889988, 0.548812, 0.925488, 0.001411, 0.110436, 0.025479, 0.145719, 0, 0.406476], [0.719033, 0.930294, 0.736421, 0.758963, 0.312723, 0.750302, 0.06517, 0.09726, 0.260484, 0.416107, 0.682821, 0]]}