{"v_num": 12, "mat": [[0, 0.15378, 0.287251, 0.229244, 0.171629, 0.484025, 0.998433, 0.220779, 0.741211, 0.174313, 0.629922, 0.949064], [0.604909, 0, 0.846039, 0.21499, 0.244146, 0.21403, 0.675456, 0.604306, 0.778157, 0.639158, 0.358152, 0.731436], [0.51872, 0.325452, 0, 0.579061, 0.11027, 0.962912, 0.888167, 0.303185, 0.292868, 0.824291, 0.712443, 0.567008], [0.260321, 0.537545, 0.096891, 0, 0.483487, 0.864316, 0.079946, 0.401499, 0.588288, 0.005285, 0.408358, 0.634489], [0.062078, 0.125756, 0.430586, 0.048852, 0, 0.003254, 0.390386, 0.580757, 0.832267, 0.117825, 0.780627, 0.696127], [0.968451, 0.679175, 0.619824, 0.079713, 0.25508, 0, 0.4982, 0.980105, 0.647097, 0.864284, 0.063789, 0.708828], [0.995393, 0.594977, 0.560888, 0.247655, 0.508067, 0.280437, 0, 0.035171, 0.106174, 0.863896, 0.998023, 0.526893], [0.589892, 0.093772, 0.224386, 0.307331, 0.104798, 0.700421, 0.189335, 0, 0.708972, 0.755063, 0.575714, 0.161571], [0.742905, 0.912175, 0.850545, 0.393256, 0.910402, 0.539358, 0.45876, 0.197977, 0, 0.679934, 0.108877, 0.311639], [0.961851, 0.966284, 0.12143, 0.070339, 0.869964, 0.477576, 0.006139, 0.267322, 0.62129, 0, 0.009479, 0.725423], [0.469732, 0.464934, 0.698508, 0.027109, 0.623775, 0.242329, 0.628424, 0.124238, 0.736524, 0.375864, 0, 0.209741], [0.529355, 0.422841, 0.904686, 0.320315, 0.560767, 0.891525, 0.449169, 0.420525, 0.849503, 0.272238, 0.386546, 0]]}