{"v_num": 12, "mat": [[0, 0.797794, 0.638707, 0.689693, 0.003153, 0.098217, 0.442853, 0.979272, 0.231888, 0.04461, 0.901242, 0.625266], [0.56277, 0, 0.314029, 0.882185, 0.38023, 0.444405, 0.792994, 0.997762, 0.093575, 0.061884, 0.948182, 0.584009], [0.502385, 0.104716, 0, 0.716538, 0.721602, 0.168344, 0.282628, 0.48537, 0.75999, 0.428398, 0.09359, 0.582753], [0.129303, 0.877938, 0.169886, 0, 0.775634, 0.760682, 0.474273, 0.442571, 0.123451, 0.614571, 0.175997, 0.447135], [0.300905, 0.240772, 0.552456, 0.974401, 0, 0.149121, 0.920768, 0.349048, 0.717245, 0.089707, 0.423368, 0.740273], [0.489132, 0.309026, 0.522085, 0.333773, 0.112879, 0, 0.219103, 0.958634, 0.076555, 0.726661, 0.189528, 0.325619], [0.177833, 0.135683, 0.616117, 0.650654, 0.222977, 0.617348, 0, 0.163896, 0.841087, 0.762839, 0.253203, 0.900873], [0.152288, 0.569028, 0.056129, 0.783968, 0.279484, 0.035396, 0.657442, 0, 0.785874, 0.483375, 0.15203, 0.096837], [0.909847, 0.524064, 0.290133, 0.116679, 0.175824, 0.953283, 0.09315, 0.120574, 0, 0.849299, 0.68654, 0.901472], [0.462301, 0.63442, 0.267865, 0.3693, 0.082113, 0.132978, 0.641445, 0.614832, 0.430423, 0, 0.360066, 0.253698], [0.508369, 0.804344, 0.103506, 0.812459, 0.655781, 0.666781, 0.660812, 0.523218, 0.41507, 0.572506, 0, 0.6101], [0.948101, 0.562055, 0.166032, 0.698481, 0.620498, 0.366615, 0.807847, 0.746277, 0.697402, 0.872389, 0.404039, 0]]}