{"v_num": 12, "mat": [[0, 0.996144, 0.394619, 0.789863, 0.390702, 0.116814, 0.92323, 0.777524, 0.293275, 0.344751, 0.126894, 0.399071], [0.859438, 0, 0.605175, 0.156965, 0.743454, 0.212329, 0.637787, 0.647246, 0.569901, 0.837011, 0.170746, 0.011038], [0.780824, 0.936563, 0, 0.323825, 0.2017, 0.151916, 0.721868, 0.860805, 0.24313, 0.914404, 0.522885, 0.002388], [0.421835, 0.761968, 0.301582, 0, 0.951283, 0.194729, 0.319062, 0.698618, 0.084007, 0.675538, 0.476188, 0.958261], [0.697318, 0.561108, 0.763457, 0.356743, 0, 0.984693, 0.405697, 0.735086, 0.182143, 0.065614, 0.729766, 0.760641], [0.132303, 0.520576, 0.822929, 0.582612, 0.345166, 0, 0.566905, 0.533348, 0.985102, 0.298102, 0.414519, 0.682938], [0.659277, 0.227246, 0.572942, 0.475957, 0.167738, 0.01861, 0, 0.097081, 0.392453, 0.754379, 0.368069, 0.424515], [0.279195, 0.603564, 0.032093, 0.390472, 0.80795, 0.343019, 0.571206, 0, 0.568531, 0.989096, 0.198557, 0.947056], [0.429329, 0.589185, 0.477985, 0.552246, 0.923673, 0.795807, 0.142803, 0.252864, 0, 0.065182, 0.07273, 0.919359], [0.620846, 0.248982, 0.142419, 0.146827, 0.860806, 0.243547, 0.581141, 0.763385, 0.103292, 0, 0.606119, 0.468006], [0.274434, 0.062347, 0.797541, 0.602117, 0.428401, 0.123927, 0.446769, 0.442639, 0.805016, 0.411971, 0, 0.091526], [0.9344, 0.240133, 0.981902, 0.320267, 0.648098, 0.940982, 0.535052, 0.021382, 0.794617, 0.638528, 0.644555, 0]]}