{"v_num": 12, "mat": [[0, 0.886499, 0.157043, 0.6735, 0.942657, 0.724373, 0.86472, 0.707719, 0.120699, 0.543856, 0.821954, 0.750169], [0.189305, 0, 0.897012, 0.511466, 0.432478, 0.212216, 0.301728, 0.648212, 0.871558, 0.421341, 0.35828, 0.508564], [0.573135, 0.119431, 0, 0.143454, 0.627658, 0.468947, 0.95319, 0.220574, 0.549362, 0.850382, 0.758855, 0.673737], [0.891769, 0.521763, 0.42974, 0, 0.176395, 0.611295, 0.740209, 0.909178, 0.703814, 0.003162, 0.251345, 0.407904], [0.769149, 0.926906, 0.07658, 0.848324, 0, 0.113746, 0.038009, 0.414022, 0.99954, 0.368066, 0.208681, 0.059553], [0.344566, 0.066963, 0.433282, 0.317491, 0.187488, 0, 0.993744, 0.920839, 0.310547, 0.570295, 0.518727, 0.053866], [0.269135, 0.711372, 0.428431, 0.242768, 0.971396, 0.061846, 0, 0.37429, 0.792725, 0.071891, 0.162834, 0.850865], [0.32016, 0.851559, 0.113288, 0.287738, 0.525769, 0.248417, 0.827365, 0, 0.046863, 0.040284, 0.374138, 0.906155], [0.432615, 0.396563, 0.244936, 0.365359, 0.35045, 0.95751, 0.290248, 0.398594, 0, 0.501531, 0.715045, 0.041345], [0.704383, 0.683968, 0.351197, 0.751099, 0.855423, 0.699078, 0.811709, 0.727523, 0.614924, 0, 0.818655, 0.700736], [0.163483, 0.964728, 0.117198, 0.621275, 0.270352, 0.940714, 0.694104, 0.869235, 0.986074, 0.108206, 0, 0.983986], [0.035391, 0.105846, 0.971412, 0.008204, 0.28104, 0.322716, 0.388782, 0.431499, 0.640819, 0.588866, 0.21966, 0]]}