{"v_num": 12, "mat": [[0, 0.391963, 0.007584, 0.307588, 0.64985, 0.971034, 0.316049, 0.445925, 0.221425, 0.363473, 0.912773, 0.143034], [0.437827, 0, 0.081457, 0.718241, 0.675403, 0.514682, 0.063397, 0.859033, 0.404178, 0.869638, 0.634255, 0.725948], [0.241866, 0.930406, 0, 0.736601, 0.201326, 0.590007, 0.616071, 0.806777, 0.581502, 0.381796, 0.145944, 0.117436], [0.285743, 0.03066, 0.615075, 0, 0.800517, 0.553313, 0.250619, 0.997821, 0.598442, 0.092576, 0.599003, 0.930674], [0.725357, 0.509799, 0.794474, 0.458829, 0, 0.182732, 0.817568, 0.608095, 0.378105, 0.599414, 0.008947, 0.441772], [0.965252, 0.399699, 0.799279, 0.57087, 0.407547, 0, 0.781108, 0.283982, 0.858376, 0.877108, 0.504143, 0.299236], [0.285051, 0.729549, 0.515241, 0.152527, 0.068772, 0.54083, 0, 0.953272, 0.122498, 0.895769, 0.572792, 0.463927], [0.400709, 0.305359, 0.180627, 0.202224, 0.844045, 0.078979, 0.689997, 0, 0.846308, 0.426187, 0.505243, 0.470226], [0.768852, 0.383132, 0.95107, 0.397065, 0.431866, 0.186334, 0.411464, 0.406612, 0, 0.387989, 0.254703, 0.15165], [0.09384, 0.937978, 0.15604, 0.540935, 0.125711, 0.240452, 0.923148, 0.147853, 0.893726, 0, 0.507513, 0.349159], [0.999222, 0.137264, 0.967543, 0.05004, 0.127424, 0.681661, 0.19435, 0.884874, 0.815408, 0.783914, 0, 0.300858], [0.861616, 0.836623, 0.083913, 0.984926, 0.730461, 0.840801, 0.569117, 0.698988, 0.264427, 0.519447, 0.451982, 0]]}