{"v_num": 12, "mat": [[0, 0.011744, 0.032396, 0.828877, 0.798875, 0.365798, 0.936776, 0.084311, 0.012918, 0.359417, 0.129625, 0.636947], [0.870991, 0, 0.257424, 0.599138, 0.111199, 0.897469, 0.304139, 0.389871, 0.799282, 0.693745, 0.684683, 0.302785], [0.423811, 0.478466, 0, 0.81846, 0.640892, 0.644163, 0.300241, 0.814679, 0.104149, 0.4754, 0.953503, 0.766523], [0.129791, 0.304155, 0.459362, 0, 0.323497, 0.409095, 0.8962, 0.422622, 0.515915, 0.014199, 0.787092, 0.384825], [0.552927, 0.50862, 0.096887, 0.836901, 0, 0.144156, 0.081658, 0.391555, 0.647166, 0.094674, 0.952749, 0.376091], [0.351568, 0.967946, 0.492437, 0.121429, 0.399728, 0, 0.652717, 0.822032, 0.508226, 0.075458, 0.875634, 0.527919], [0.938463, 0.798906, 0.11115, 0.712809, 0.325359, 0.110746, 0, 0.345459, 0.003821, 0.950862, 0.41618, 0.097514], [0.178885, 0.213055, 0.327304, 0.029671, 0.471151, 0.50014, 0.295982, 0, 0.684173, 0.77885, 0.309187, 0.291434], [0.172254, 0.942069, 0.855935, 0.607828, 0.820841, 0.944948, 0.769667, 0.296505, 0, 0.903215, 0.772485, 0.393765], [0.906756, 0.609049, 0.021703, 0.996479, 0.363465, 0.847684, 0.679827, 0.989261, 0.388627, 0, 0.529487, 0.045717], [0.113026, 0.756475, 0.013653, 0.262268, 0.382433, 0.051595, 0.324956, 0.966044, 0.0105, 0.391211, 0, 0.437987], [0.695431, 0.485489, 0.794919, 0.51377, 0.771727, 0.598465, 0.070614, 0.843336, 0.324078, 0.225935, 0.462309, 0]]}