{"v_num": 12, "mat": [[0, 0.896318, 0.096092, 0.110774, 0.6609, 0.373831, 0.516476, 0.05072, 0.96055, 0.321396, 0.87895, 0.297831], [0.784088, 0, 0.745818, 0.20102, 0.410463, 0.632012, 0.478381, 0.780841, 0.892929, 0.390261, 0.651052, 0.843947], [0.779184, 0.943962, 0, 0.984787, 0.223074, 0.830288, 0.786926, 0.449618, 0.47002, 0.776585, 0.51774, 0.381539], [0.829303, 0.206898, 0.900766, 0, 0.261126, 0.792473, 0.80775, 0.02268, 0.505996, 0.286318, 0.172117, 0.074391], [0.509863, 0.271701, 0.310695, 0.78897, 0, 0.1765, 0.537847, 0.398934, 0.831758, 0.642863, 0.330179, 0.076325], [0.144367, 0.609407, 0.475889, 0.510345, 0.125576, 0, 0.091743, 0.516552, 0.007365, 0.089831, 0.027464, 0.273091], [0.918619, 0.69266, 0.391302, 0.619494, 0.952225, 0.236568, 0, 0.427378, 0.519027, 0.855895, 0.531254, 0.476513], [0.131909, 0.623777, 0.38091, 0.056724, 0.065953, 0.551845, 0.843473, 0, 0.173556, 0.661396, 0.1171, 0.841753], [0.5526, 0.465152, 0.836016, 0.921139, 0.146777, 0.020337, 0.08749, 0.992829, 0, 0.736042, 0.713521, 0.59739], [0.36299, 0.248917, 0.611331, 0.241028, 0.586833, 0.267498, 0.449398, 0.474891, 0.077302, 0, 0.733295, 0.702545], [0.742849, 0.597771, 0.577999, 0.188572, 0.071733, 0.821214, 0.927644, 0.614302, 0.453353, 0.81014, 0, 0.414093], [0.537904, 0.723509, 0.390963, 0.23002, 0.569062, 0.177098, 0.835516, 0.076972, 0.215604, 0.868825, 0.140122, 0]]}