{"v_num": 12, "mat": [[0, 0.651784, 0.466107, 0.026242, 0.6726, 0.655068, 0.479869, 0.94722, 0.497335, 0.595361, 0.192975, 0.460156], [0.804039, 0, 0.901397, 0.294202, 0.852102, 0.93837, 0.814881, 0.790295, 0.722195, 0.725497, 0.359354, 0.919123], [0.203867, 0.134943, 0, 0.919115, 0.783827, 0.573024, 0.366047, 0.96422, 0.917559, 0.478431, 0.368534, 0.602297], [0.619512, 0.112857, 0.338602, 0, 0.266711, 0.669338, 0.666189, 0.962646, 0.903185, 0.481357, 0.807068, 0.365886], [0.776112, 0.879957, 0.12213, 0.833417, 0, 0.130075, 0.295843, 0.667066, 0.078372, 0.931823, 0.706674, 0.037998], [0.452845, 0.141359, 0.664809, 0.997713, 0.53392, 0, 0.868228, 0.310568, 0.506485, 0.2081, 0.035921, 0.22563], [0.591464, 0.624289, 0.772266, 0.705896, 0.376674, 0.742562, 0, 0.340699, 0.572871, 0.19139, 0.634534, 0.390349], [0.774881, 0.569517, 0.669732, 0.323037, 0.128492, 0.406412, 0.027764, 0, 0.900356, 0.904087, 0.515031, 0.877857], [0.867642, 0.443559, 0.730607, 0.76116, 0.047583, 0.652577, 0.103752, 0.272324, 0, 0.815003, 0.634149, 0.142028], [0.333649, 0.834082, 0.158164, 0.288608, 0.451054, 0.758228, 0.750638, 0.274216, 0.391058, 0, 0.898126, 0.214204], [0.568029, 0.527526, 0.444238, 0.200349, 0.536374, 0.380594, 0.074578, 0.021855, 0.680926, 0.756637, 0, 0.16176], [0.27097, 0.702784, 0.397271, 0.736036, 0.345846, 0.961037, 0.389363, 0.77493, 0.342293, 0.119433, 0.789968, 0]]}