{"v_num": 12, "mat": [[0, 0.496821, 0.616349, 0.266397, 0.155961, 0.878273, 0.684818, 0.991365, 0.208273, 0.347099, 0.310529, 0.847459], [0.745857, 0, 0.553078, 0.214673, 0.988316, 0.992408, 0.743796, 0.410012, 0.170876, 0.809303, 0.948511, 0.412401], [0.539859, 0.101488, 0, 0.156031, 0.267853, 0.02916, 0.086292, 0.164967, 0.515871, 0.12622, 0.442943, 0.482798], [0.282169, 0.4614, 0.885695, 0, 0.532006, 0.656748, 0.744023, 0.615275, 0.497683, 0.008308, 0.494607, 0.18899], [0.655683, 0.331638, 0.564685, 0.068274, 0, 0.235159, 0.615935, 0.414487, 0.891223, 0.843835, 0.156186, 0.786559], [0.46457, 0.58487, 0.352647, 0.011342, 0.787016, 0, 0.931189, 0.752094, 0.584628, 0.129147, 0.253426, 0.224857], [0.290817, 0.56824, 0.667488, 0.814998, 0.230191, 0.409642, 0, 0.378793, 0.774001, 0.872684, 0.430292, 0.257539], [0.294448, 0.004537, 0.644624, 0.363514, 0.388803, 0.212235, 0.044673, 0, 0.021864, 0.279452, 0.782797, 0.82954], [0.427179, 0.371084, 0.113004, 0.043914, 0.076037, 0.889219, 0.461871, 0.093159, 0, 0.931808, 0.048325, 0.485623], [0.377056, 0.293392, 0.434286, 0.047095, 0.456914, 0.201627, 0.25444, 0.500844, 0.863053, 0, 0.932781, 0.422788], [0.099409, 0.134215, 0.922738, 0.313388, 0.702325, 0.243841, 0.936647, 0.257834, 0.527427, 0.6975, 0, 0.853394], [0.897202, 0.202423, 0.559785, 0.2312, 0.440218, 0.540068, 0.341728, 0.455876, 0.167064, 0.975518, 0.207763, 0]]}