{"v_num": 12, "mat": [[0, 0.312445, 0.581349, 0.432452, 0.865251, 0.904351, 0.647648, 0.850258, 0.777348, 0.613986, 0.582357, 0.622734], [0.570851, 0, 0.597649, 0.455182, 0.230289, 0.122788, 0.251155, 0.880295, 0.996109, 0.188193, 0.308134, 0.431029], [0.201924, 0.186269, 0, 0.680107, 0.831864, 0.715477, 0.33675, 0.867745, 0.697022, 0.818164, 0.927425, 0.717792], [0.226233, 0.466797, 0.703024, 0, 0.358485, 0.185232, 0.806833, 0.611798, 0.069426, 0.739972, 0.196899, 0.485482], [0.697372, 0.371365, 0.960968, 0.711052, 0, 0.086096, 0.4546, 0.333124, 0.179229, 0.759796, 0.734767, 0.322634], [0.217334, 0.512457, 0.222212, 0.175159, 0.613731, 0, 0.524394, 0.490435, 0.994974, 0.354191, 0.399952, 0.165449], [0.878933, 0.055347, 0.628279, 0.550411, 0.380878, 0.884648, 0, 0.450206, 0.162951, 0.845833, 0.284317, 0.891523], [0.557971, 0.058176, 0.738051, 0.097389, 0.473173, 0.229509, 0.997028, 0, 0.766811, 0.399289, 0.557869, 0.189242], [0.777492, 0.648375, 0.7691, 0.420107, 0.834733, 0.143839, 0.671774, 0.493663, 0, 0.772449, 0.438861, 0.776111], [0.331408, 0.813379, 0.209519, 0.182695, 0.685434, 0.570014, 0.943255, 0.261563, 0.569978, 0, 0.016569, 0.12961], [0.0039, 0.008459, 0.458454, 0.250361, 0.438593, 0.337645, 0.136458, 0.304062, 0.766614, 0.0371, 0, 0.230973], [0.975224, 0.006056, 0.925284, 0.980397, 0.080525, 0.977338, 0.478285, 0.354384, 0.297967, 0.945734, 0.952864, 0]]}