{"v_num": 12, "mat": [[0, 0.335755, 0.473554, 0.553621, 0.361598, 0.132952, 0.104662, 0.727381, 0.273906, 0.944971, 0.693273, 0.284525], [0.487662, 0, 0.598901, 0.538242, 0.050563, 0.14039, 0.380467, 0.598386, 0.895788, 0.312059, 0.183799, 0.332857], [0.087682, 0.889401, 0, 0.746059, 0.68573, 0.896914, 0.531386, 0.890398, 0.964209, 0.200973, 0.525367, 0.269577], [0.908242, 0.394077, 0.034232, 0, 0.232111, 0.059196, 0.360465, 0.562304, 0.261045, 0.996408, 0.707654, 0.638145], [0.907375, 0.503714, 0.940397, 0.967291, 0, 0.020381, 0.048019, 0.11564, 0.470365, 0.897289, 0.270872, 0.845091], [0.807396, 0.366986, 0.709748, 0.464673, 0.364693, 0, 0.745739, 0.857789, 0.97091, 0.719434, 0.072155, 0.7003], [0.013723, 0.835531, 0.591271, 0.985477, 0.294301, 0.715099, 0, 0.858525, 0.362782, 0.69445, 0.146068, 0.275402], [0.479587, 0.327221, 0.118466, 0.497202, 0.502746, 0.28474, 0.99039, 0, 0.985928, 0.334994, 0.470625, 0.202027], [0.897633, 0.682487, 0.386282, 0.520761, 0.097423, 0.969161, 0.088576, 0.028921, 0, 0.268883, 0.578539, 0.180625], [0.108628, 0.034386, 0.197981, 0.049219, 0.279893, 0.528062, 0.504078, 0.492752, 0.379292, 0, 0.470895, 0.951896], [0.55096, 0.51362, 0.55668, 0.239727, 0.470288, 0.694583, 0.899956, 0.724855, 0.479031, 0.196458, 0, 0.7716], [0.168155, 0.535441, 0.614482, 0.092123, 0.031015, 0.355928, 0.149333, 0.945541, 0.014107, 0.214474, 0.53881, 0]]}