{"v_num": 12, "mat": [[0, 0.158138, 0.001527, 0.664252, 0.237859, 0.546698, 0.675358, 0.01884, 0.126469, 0.840997, 0.241267, 0.607834], [0.603083, 0, 0.962877, 0.57895, 0.419648, 0.649936, 0.119531, 0.950123, 0.647992, 0.678004, 0.608401, 0.902618], [0.662729, 0.65068, 0, 0.47573, 0.414781, 0.081129, 0.233208, 0.255204, 0.276308, 0.276171, 0.662054, 0.987959], [0.283879, 0.099436, 0.483154, 0, 0.217838, 0.606918, 0.324367, 0.540425, 0.969562, 0.330545, 0.338913, 0.62996], [0.500134, 0.324958, 0.779333, 0.310891, 0, 0.907567, 0.671133, 0.61727, 0.957279, 0.204495, 0.784184, 0.262108], [0.461625, 0.32321, 0.733515, 0.092199, 0.547011, 0, 0.998704, 0.667118, 0.675153, 0.754186, 0.274306, 0.380027], [0.458668, 0.681274, 0.380433, 0.520931, 0.722203, 0.576356, 0, 0.265274, 0.181755, 0.517894, 0.563677, 0.227772], [0.749227, 0.222222, 0.541571, 0.168899, 0.816473, 0.681019, 0.25359, 0, 0.919683, 0.28816, 0.49681, 0.457512], [0.088186, 0.631437, 0.287523, 0.602403, 0.914318, 0.213525, 0.849334, 0.865534, 0, 0.323046, 0.485864, 0.590489], [0.060844, 0.075342, 0.277277, 0.325607, 0.74125, 0.5061, 0.780761, 0.72252, 0.920678, 0, 0.839233, 0.203071], [0.937538, 0.82732, 0.533125, 0.292551, 0.471038, 0.147843, 0.552725, 0.754957, 0.430547, 0.820392, 0, 0.62615], [0.812266, 0.087382, 0.933092, 0.791164, 0.21113, 0.190943, 0.944928, 0.199954, 0.332604, 0.253313, 0.445683, 0]]}