{"v_num": 12, "mat": [[0, 0.635067, 0.795098, 0.920253, 0.740474, 0.173217, 0.250877, 0.299942, 0.158537, 0.378133, 0.711626, 0.776864], [0.2757, 0, 0.01817, 0.218465, 0.907784, 0.816172, 0.621703, 0.401521, 0.592575, 0.310719, 0.081859, 0.736887], [0.978793, 0.689162, 0, 0.45196, 0.949148, 0.46388, 0.249369, 0.683226, 0.096986, 0.623228, 0.722342, 0.302742], [0.903727, 0.083504, 0.127428, 0, 0.365844, 0.863823, 0.976564, 0.75823, 0.744776, 0.669319, 0.787323, 0.205122], [0.40964, 0.374271, 0.517804, 0.426781, 0, 0.99767, 0.007178, 0.409794, 0.722717, 0.922654, 0.325118, 0.493956], [0.549728, 0.947709, 0.861391, 0.507397, 0.894687, 0, 0.368897, 0.99724, 0.991947, 0.926637, 0.562514, 0.914802], [0.739414, 0.428003, 0.040319, 0.283352, 0.433312, 0.989635, 0, 0.347188, 0.632051, 0.813815, 0.982098, 0.651658], [0.442182, 0.698215, 0.1895, 0.13858, 0.047566, 0.399256, 0.97956, 0, 0.415143, 0.634902, 0.594774, 0.660443], [0.434218, 0.894657, 0.008836, 0.00075, 0.014325, 0.64871, 0.001396, 0.5963, 0, 0.206706, 0.664649, 0.518208], [0.933696, 0.159623, 0.388801, 0.914654, 0.098872, 0.251697, 0.192522, 0.646195, 0.466679, 0, 0.421669, 0.006931], [0.050072, 0.649116, 0.215296, 0.625454, 0.172864, 0.437065, 0.483609, 0.748615, 0.588164, 0.220611, 0, 0.63533], [0.612972, 0.021907, 0.083225, 0.894262, 0.987435, 0.16748, 0.991858, 0.787603, 0.596001, 0.548949, 0.888827, 0]]}