{"v_num": 12, "mat": [[0, 0.527341, 0.649314, 0.368213, 0.973588, 0.506194, 0.778541, 0.61479, 0.358966, 0.943062, 0.769761, 0.721549], [0.751645, 0, 0.618405, 0.005676, 0.851625, 0.526079, 0.255031, 0.83349, 0.320998, 0.244527, 0.706027, 0.716851], [0.108689, 0.412383, 0, 0.763345, 0.757902, 0.346399, 0.61363, 0.74693, 0.148108, 0.981386, 0.25789, 0.179559], [0.239036, 0.811199, 0.784674, 0, 0.171123, 0.345246, 0.651199, 0.296483, 0.720258, 0.291013, 0.385417, 0.102482], [0.53889, 0.214468, 0.373076, 0.600138, 0, 0.099415, 0.329545, 0.91985, 0.720281, 0.324387, 0.863656, 0.774844], [0.51447, 0.099313, 0.269952, 0.121479, 0.792043, 0, 0.668207, 0.37456, 0.37396, 0.498509, 0.952456, 0.254526], [0.416141, 0.698445, 0.662424, 0.075792, 0.71235, 0.527019, 0, 0.229985, 0.587457, 0.762901, 0.673107, 0.354445], [0.241633, 0.873537, 0.310477, 0.76304, 0.786756, 0.981185, 0.053532, 0, 0.193963, 0.822433, 0.214129, 0.707232], [0.335979, 0.388641, 0.004768, 0.019809, 0.093016, 0.409026, 0.915421, 0.757608, 0, 0.135171, 0.494007, 0.622449], [0.377327, 0.636293, 0.754297, 0.001545, 0.811436, 0.011248, 0.497363, 0.832303, 0.239979, 0, 0.230062, 0.314164], [0.943382, 0.54145, 0.607765, 0.476154, 0.318719, 0.568837, 0.922072, 0.768841, 0.520084, 0.421241, 0, 0.078133], [0.509296, 0.331161, 0.692431, 0.97025, 0.622564, 0.689747, 0.526038, 0.351749, 0.218742, 0.674088, 0.441304, 0]]}