{"v_num": 12, "mat": [[0, 0.789112, 0.612774, 0.77452, 0.88965, 0.020022, 0.859676, 0.17863, 0.575998, 0.86645, 0.822395, 0.66341], [0.041629, 0, 0.48942, 0.719385, 0.302751, 0.537159, 0.454576, 0.266806, 0.417417, 0.952488, 0.213022, 0.045965], [0.581758, 0.300144, 0, 0.490386, 0.427711, 0.862512, 0.295166, 0.972146, 0.2285, 0.174262, 0.358129, 0.36941], [0.942879, 0.898778, 0.300762, 0, 0.863145, 0.35588, 0.014796, 0.188095, 0.502318, 0.068964, 0.480963, 0.480768], [0.421948, 0.411139, 0.540478, 0.502077, 0, 0.393762, 0.937803, 0.92341, 0.798077, 0.299388, 0.824914, 0.793325], [0.460601, 0.329971, 0.628066, 0.287939, 0.631912, 0, 0.914732, 0.286462, 0.557678, 0.600364, 0.358372, 0.997863], [0.089602, 0.071745, 0.564047, 0.751348, 0.23137, 0.278649, 0, 0.634647, 0.463121, 0.510249, 0.960216, 0.936976], [0.592138, 0.192125, 0.906454, 0.64542, 0.094372, 0.915751, 0.136299, 0, 0.553101, 0.13589, 0.348649, 0.144255], [0.69439, 0.353685, 0.660682, 0.259237, 0.253594, 0.98912, 0.411598, 0.253732, 0, 0.372876, 0.600536, 0.331735], [0.848502, 0.477358, 0.790376, 0.554811, 0.286376, 0.977666, 0.425467, 0.192569, 0.940955, 0, 0.639185, 0.707215], [0.310011, 0.039356, 0.060899, 0.461604, 0.694656, 0.312978, 0.619341, 0.077057, 0.277971, 0.385055, 0, 0.013219], [0.84937, 0.013495, 0.922449, 0.538174, 0.129155, 0.11524, 0.402213, 0.92355, 0.85779, 0.765757, 0.645161, 0]]}