{"v_num": 12, "mat": [[0, 0.338821, 0.238025, 0.619027, 0.431172, 0.39242, 0.452345, 0.709154, 0.128622, 0.271139, 0.780953, 0.504609], [0.081744, 0, 0.797618, 0.091156, 0.115468, 0.375499, 0.821238, 0.474273, 0.069269, 0.494986, 0.801337, 0.393182], [0.039779, 0.906553, 0, 0.674662, 0.097742, 0.895715, 0.58866, 0.530153, 0.388912, 0.969259, 0.579425, 0.848615], [0.580641, 0.357035, 0.668609, 0, 0.169958, 0.90132, 0.623876, 0.559076, 0.341691, 0.860764, 0.029864, 0.980023], [0.756792, 0.348245, 0.930941, 0.325244, 0, 0.612672, 0.451367, 0.995141, 0.317546, 0.793076, 0.008754, 0.588367], [0.053341, 0.930529, 0.141567, 0.397239, 0.283234, 0, 0.171685, 0.459414, 0.337579, 0.864367, 0.973592, 0.85192], [0.312368, 0.788781, 0.015717, 0.701065, 0.882859, 0.17936, 0, 0.093517, 0.735886, 0.495254, 0.404083, 0.743682], [0.655528, 0.895385, 0.700605, 0.090121, 0.731381, 0.206903, 0.922937, 0, 0.311611, 0.208069, 0.690837, 0.83421], [0.400307, 0.897123, 0.43788, 0.477139, 0.862992, 0.439762, 0.420847, 0.994389, 0, 0.960638, 0.410341, 0.845545], [0.899934, 0.714891, 0.464982, 0.500564, 0.563406, 0.339341, 0.741216, 0.371908, 0.990805, 0, 0.320656, 0.547492], [0.20428, 0.296647, 0.042852, 0.780084, 0.232407, 0.123862, 0.855263, 0.692312, 0.324281, 0.564203, 0, 0.404152], [0.186516, 0.402136, 0.344784, 0.560835, 0.346055, 0.305827, 0.602056, 0.38176, 0.53065, 0.392641, 0.177803, 0]]}