{"v_num": 12, "mat": [[0, 0.411267, 0.648935, 0.846116, 0.479661, 0.385618, 0.182603, 0.599529, 0.241143, 0.564552, 0.921539, 0.085447], [0.907804, 0, 0.097867, 0.38339, 0.130655, 0.855012, 0.014861, 0.40675, 0.594035, 0.955117, 0.793563, 0.973833], [0.263342, 0.646287, 0, 0.080738, 0.796824, 0.359974, 0.770272, 0.624206, 0.955849, 0.75757, 0.177588, 0.446193], [0.653641, 0.261222, 0.313436, 0, 0.767795, 0.872668, 0.795286, 0.793856, 0.840611, 0.356308, 0.215255, 0.046757], [0.980992, 0.53531, 0.585582, 0.955478, 0, 0.911276, 0.283668, 0.627927, 0.807379, 0.653919, 0.124001, 0.584039], [0.072731, 0.861294, 0.711878, 0.501598, 0.736276, 0, 0.314687, 0.235708, 0.904923, 0.991996, 0.612243, 0.892283], [0.850918, 0.388729, 0.397185, 0.296782, 0.887167, 0.490192, 0, 0.037238, 0.063262, 0.827499, 0.38982, 0.776751], [0.705829, 0.176472, 0.479473, 0.598218, 0.950716, 0.207036, 0.718576, 0, 0.141807, 0.543471, 0.931184, 0.350807], [0.358257, 0.950393, 0.39949, 0.835932, 0.956283, 0.396041, 0.800337, 0.349873, 0, 0.778725, 0.424327, 0.986498], [0.085655, 0.573986, 0.844762, 0.262432, 0.134986, 0.168793, 0.334067, 0.890607, 0.702943, 0, 0.860448, 0.181621], [0.350958, 0.045309, 0.792215, 0.797875, 0.102185, 0.524711, 0.074143, 0.987969, 0.051962, 0.90032, 0, 0.280093], [0.426669, 0.15707, 0.41057, 0.486845, 0.389824, 0.045653, 0.576595, 0.893514, 0.466755, 0.312696, 0.927282, 0]]}