{"v_num": 12, "mat": [[0, 0.407566, 0.649604, 0.966351, 0.85028, 0.740257, 0.597049, 0.309467, 0.387633, 0.818697, 0.018236, 0.035077], [0.358415, 0, 0.781872, 0.447945, 0.93064, 0.707392, 0.94006, 0.999245, 0.033513, 0.911597, 0.604677, 0.515933], [0.575207, 0.947429, 0, 0.203401, 0.173535, 0.756936, 0.919743, 0.172598, 0.965569, 0.643764, 0.914479, 0.607383], [0.898897, 0.235584, 0.411409, 0, 0.752989, 0.999929, 0.315076, 0.023862, 0.692463, 0.526607, 0.727557, 0.414999], [0.536668, 0.361523, 0.353203, 0.693268, 0, 0.468503, 0.800665, 0.670212, 0.599574, 0.162995, 0.046279, 0.500001], [0.889151, 0.873414, 0.061268, 0.81245, 0.560048, 0, 0.34649, 0.914931, 0.215713, 0.00101, 0.993998, 0.687349], [0.486856, 0.01876, 0.713544, 0.69048, 0.960334, 0.766872, 0, 0.192498, 0.556872, 0.000872, 0.741978, 0.569886], [0.422092, 0.599801, 0.08917, 0.055744, 0.863558, 0.50416, 0.184446, 0, 0.829673, 0.43525, 0.7635, 0.068448], [0.665339, 0.637392, 0.097827, 0.367701, 0.957668, 0.33447, 0.401754, 0.382906, 0, 0.04982, 0.153162, 0.309876], [0.80268, 0.37044, 0.042886, 0.362454, 0.428887, 0.5031, 0.341828, 0.085082, 0.673917, 0, 0.89297, 0.415851], [0.504654, 0.166377, 0.930996, 0.534438, 0.062031, 0.690304, 0.695436, 0.147658, 0.653941, 0.905328, 0, 0.036924], [0.790287, 0.396251, 0.110976, 0.425889, 0.651486, 0.340311, 0.119496, 0.994574, 0.750334, 0.315639, 0.563883, 0]]}