{"v_num": 12, "mat": [[0, 0.789287, 0.706046, 0.8836, 0.302402, 0.743638, 0.765512, 0.721262, 0.979663, 0.945724, 0.408722, 0.842121], [0.914738, 0, 0.777857, 0.060457, 0.812864, 0.099429, 0.118319, 0.210729, 0.502592, 0.061205, 0.396147, 0.572573], [0.490566, 0.132032, 0, 0.77591, 0.755253, 0.335485, 0.212683, 0.073452, 0.103757, 0.594143, 0.751724, 0.725916], [0.073515, 0.140603, 0.261501, 0, 0.061816, 0.38083, 0.061439, 0.983746, 0.492849, 0.228993, 0.869325, 0.023898], [0.484252, 0.140107, 0.05262, 0.275168, 0, 0.877406, 0.214044, 0.985768, 0.585688, 0.632722, 0.343533, 0.275701], [0.766079, 0.388443, 0.305549, 0.631881, 0.169297, 0, 0.486174, 0.204529, 0.807265, 0.671205, 0.733025, 0.670304], [0.608447, 0.682692, 0.292733, 0.710285, 0.562619, 0.533666, 0, 0.097364, 0.673875, 0.341233, 0.201424, 0.049458], [0.794187, 0.290048, 0.313849, 0.387328, 0.845802, 0.494261, 0.984706, 0, 0.965746, 0.180234, 0.485766, 0.351187], [0.589038, 0.155066, 0.824516, 0.156265, 0.079139, 0.614594, 0.250223, 0.32131, 0, 0.406934, 0.925323, 0.41286], [0.864158, 0.272743, 0.896443, 0.943569, 0.40315, 0.519124, 0.132678, 0.016509, 0.869331, 0, 0.954548, 0.416885], [0.892639, 0.980296, 0.807168, 0.998483, 0.098054, 0.944542, 0.109315, 0.227153, 0.432168, 0.706163, 0, 0.443571], [0.383334, 0.184863, 0.038725, 0.331471, 0.32456, 0.556952, 0.990368, 0.610696, 0.383327, 0.566433, 0.712609, 0]]}