{"v_num": 12, "mat": [[0, 0.800727, 0.199389, 0.577015, 0.828094, 0.671138, 0.064643, 0.650348, 0.264181, 0.749292, 0.808501, 0.69746], [0.449173, 0, 0.93391, 0.911135, 0.137553, 0.250289, 0.452181, 0.421201, 0.897665, 0.728475, 0.536179, 0.936639], [0.466446, 0.652839, 0, 0.275316, 0.705621, 0.294042, 0.250138, 0.220766, 0.172296, 0.10179, 0.309143, 0.01963], [0.078084, 0.874322, 0.226655, 0, 0.481288, 0.107944, 0.741184, 0.014708, 0.927308, 0.522254, 0.686889, 0.153753], [0.029312, 0.85007, 0.69649, 0.56851, 0, 0.48075, 0.669784, 0.835839, 0.194701, 0.239587, 0.850957, 0.634158], [0.895788, 0.614132, 0.398242, 0.37873, 0.013266, 0, 0.395268, 0.634066, 0.41003, 0.579817, 0.644728, 0.210588], [0.086339, 0.384315, 0.844036, 0.737756, 0.468406, 0.626001, 0, 0.552988, 0.708815, 0.646265, 0.59812, 0.982897], [0.201172, 0.408563, 0.503445, 0.801459, 0.416469, 0.496346, 0.591034, 0, 0.541413, 0.156961, 0.235846, 0.504549], [0.634176, 0.157535, 0.474055, 0.116114, 0.378401, 0.651643, 0.103386, 0.256229, 0, 0.283048, 0.63768, 0.819554], [0.255986, 0.406934, 0.925594, 0.200307, 0.290242, 0.339383, 0.818581, 0.997226, 0.283293, 0, 0.3039, 0.669329], [0.774259, 0.619117, 0.738537, 0.886231, 0.586303, 0.920513, 0.071868, 0.634105, 0.799378, 0.456572, 0, 0.797808], [0.452458, 0.321788, 0.565687, 0.587733, 0.891182, 0.588379, 0.02393, 0.958682, 0.886988, 0.350629, 0.01657, 0]]}