{"v_num": 12, "mat": [[0, 0.395963, 0.039014, 0.935328, 0.96369, 0.071195, 0.404898, 0.095985, 0.159728, 0.705928, 0.841873, 0.698091], [0.087861, 0, 0.294219, 0.466143, 0.026459, 0.695294, 0.991846, 0.570317, 0.063775, 0.546901, 0.167978, 0.781553], [0.429382, 0.016771, 0, 0.513761, 0.531577, 0.087632, 0.525818, 0.660077, 0.902346, 0.216155, 0.964626, 0.540456], [0.206275, 0.101238, 0.203288, 0, 0.731657, 0.474692, 0.61808, 0.864595, 0.351342, 0.384913, 0.916868, 0.794562], [0.011155, 0.078413, 0.852474, 0.631764, 0, 0.101391, 0.629019, 0.036711, 0.951397, 0.669032, 0.083449, 0.854471], [0.222222, 0.952801, 0.152954, 0.106934, 0.719352, 0, 0.69264, 0.284461, 0.896717, 0.986319, 0.721265, 0.245532], [0.662095, 0.276227, 0.621864, 0.974223, 0.735386, 0.961209, 0, 0.995394, 0.09161, 0.020502, 0.630585, 0.537035], [0.032577, 0.140113, 0.062059, 0.027461, 0.476027, 0.934484, 0.735222, 0, 0.054345, 0.117852, 0.638673, 0.34679], [0.34788, 0.169371, 0.229196, 0.590745, 0.350827, 0.593824, 0.386113, 0.758203, 0, 0.462284, 0.891212, 0.447476], [0.979145, 0.421784, 0.984371, 0.289941, 0.889512, 0.5771, 0.376838, 0.547269, 0.474903, 0, 0.199785, 0.719859], [0.876035, 0.442291, 0.807454, 0.254087, 0.143087, 0.379758, 0.344908, 0.29846, 0.750953, 0.17776, 0, 0.07888], [0.909136, 0.418024, 0.808177, 0.387792, 0.449079, 0.926178, 0.585259, 0.186475, 0.228957, 0.039211, 0.284137, 0]]}