{"v_num": 12, "mat": [[0, 0.025202, 0.861549, 0.885534, 0.423186, 0.435469, 0.030762, 0.443717, 0.130386, 0.590714, 0.506892, 0.421591], [0.091021, 0, 0.742529, 0.376248, 0.025431, 0.161063, 0.284661, 0.276575, 0.176973, 0.459359, 0.273699, 0.094505], [0.144382, 0.331968, 0, 0.881092, 0.813818, 0.714253, 0.846094, 0.001889, 0.579831, 0.918829, 0.23236, 0.041559], [0.29987, 0.861674, 0.56291, 0, 0.977111, 0.09606, 0.911389, 0.404974, 0.106364, 0.329563, 0.599097, 0.724497], [0.557698, 0.038743, 0.264283, 0.995604, 0, 0.424186, 0.544133, 0.222715, 0.833166, 0.526275, 0.905043, 0.515509], [0.403192, 0.339464, 0.852985, 0.476655, 0.293697, 0, 0.023334, 0.041695, 0.465114, 0.880616, 0.966596, 0.676944], [0.842085, 0.092502, 0.112442, 0.833178, 0.316125, 0.945828, 0, 0.055624, 0.489568, 0.752222, 0.313517, 0.904608], [0.545147, 0.179995, 0.434529, 0.819939, 0.28006, 0.26002, 0.440595, 0, 0.43643, 0.705299, 0.804348, 0.458298], [0.807027, 0.406035, 0.390632, 0.142335, 0.98391, 0.587511, 0.416986, 0.603755, 0, 0.718636, 0.735973, 0.530903], [0.8222, 0.424693, 0.478466, 0.311814, 0.567821, 0.444554, 0.522232, 0.674835, 0.338606, 0, 0.195162, 0.399504], [0.758961, 0.721108, 0.105235, 0.759529, 0.025874, 0.688149, 0.470406, 0.631739, 0.066529, 0.849426, 0, 0.932051], [0.994213, 0.465413, 0.340601, 0.240109, 0.708239, 0.63054, 0.223028, 0.276198, 0.914425, 0.719778, 0.107164, 0]]}