{"v_num": 12, "mat": [[0, 0.637227, 0.868426, 0.836072, 0.851857, 0.842214, 0.202964, 0.190642, 0.283096, 0.71469, 0.250537, 0.838545], [0.969052, 0, 0.39189, 0.792178, 0.17256, 0.03348, 0.765808, 0.310146, 0.751559, 0.162731, 0.698805, 0.634879], [0.199709, 0.37321, 0, 0.814369, 0.56208, 0.856959, 0.570672, 0.018195, 0.523327, 0.035369, 0.799548, 0.938953], [0.481281, 0.210306, 0.661789, 0, 0.832742, 0.221608, 0.03748, 0.27685, 0.001686, 0.145648, 0.097089, 0.443106], [0.73567, 0.10542, 0.373729, 0.423143, 0, 0.112607, 0.067089, 0.414746, 0.478419, 0.508823, 0.995023, 0.587682], [0.891338, 0.16443, 0.479943, 0.663551, 0.875496, 0, 0.408798, 0.956595, 0.668734, 0.348019, 0.978562, 0.744351], [0.128146, 0.192966, 0.357681, 0.849478, 0.104701, 0.250929, 0, 0.339143, 0.199936, 0.778503, 0.73238, 0.213985], [0.043953, 0.071502, 0.454449, 0.524389, 0.893021, 0.702657, 0.98227, 0, 0.057961, 0.79533, 0.872564, 0.238545], [0.731647, 0.157074, 0.584062, 0.962308, 0.978763, 0.328725, 0.656731, 0.927121, 0, 0.36978, 0.625224, 0.118919], [0.277461, 0.347714, 0.321537, 0.497665, 0.110796, 0.03507, 0.681612, 0.160369, 0.765248, 0, 0.332553, 0.96779], [0.921323, 0.789798, 0.134283, 0.718226, 0.891674, 0.637291, 0.537889, 0.693855, 0.451179, 0.217168, 0, 0.016734], [0.457582, 0.690081, 0.381208, 0.00622, 0.1442, 0.119196, 0.000524, 0.976081, 0.03819, 0.492558, 0.853692, 0]]}