{"v_num": 12, "mat": [[0, 0.038178, 0.356894, 0.888173, 0.553242, 0.508032, 0.990286, 0.206249, 0.045334, 0.196454, 0.329524, 0.0469], [0.175864, 0, 0.508174, 0.474807, 0.691894, 0.022685, 0.650505, 0.29624, 0.098176, 0.684642, 0.471995, 0.047565], [0.050455, 0.119367, 0, 0.063476, 0.420986, 0.254476, 0.42043, 0.978671, 0.561283, 0.495063, 0.421905, 0.330362], [0.82881, 0.662997, 0.747333, 0, 0.129006, 0.72603, 0.163611, 0.524705, 0.790266, 0.966314, 0.809641, 0.663224], [0.059605, 0.62015, 0.033696, 0.540818, 0, 0.557787, 0.965074, 0.493474, 0.234352, 0.48354, 0.065252, 0.916357], [0.658145, 0.999959, 0.876728, 0.342842, 0.421388, 0, 0.638584, 0.813174, 0.035821, 0.013867, 0.255527, 0.888646], [0.372525, 0.646466, 0.766673, 0.881185, 0.837333, 0.148825, 0, 0.555003, 0.441795, 0.1322, 0.48611, 0.582481], [0.072209, 0.978126, 0.311587, 0.953687, 0.472842, 0.73054, 0.443616, 0, 0.795695, 0.551686, 0.784336, 0.314994], [0.834253, 0.003029, 0.092433, 0.369563, 0.062221, 0.211267, 0.156698, 0.739485, 0, 0.758386, 0.674143, 0.246396], [0.251467, 0.207857, 0.243318, 0.888055, 0.461504, 0.406975, 0.617368, 0.998732, 0.436983, 0, 0.105629, 0.440119], [0.816702, 0.072589, 0.776956, 0.61933, 0.605951, 0.19455, 0.216508, 0.769202, 0.039929, 0.30562, 0, 0.538756], [0.884291, 0.685257, 0.905349, 0.962021, 0.468373, 0.710717, 0.243642, 0.162347, 0.911071, 0.276257, 0.306546, 0]]}