{"v_num": 12, "mat": [[0, 0.39889, 0.05167, 0.157492, 0.388127, 0.524096, 0.15666, 0.919502, 0.535477, 0.35976, 0.876657, 0.06626], [0.583377, 0, 0.646768, 0.231959, 0.599659, 0.393336, 0.555235, 0.632312, 0.255176, 0.411286, 0.456314, 0.791952], [0.574787, 0.441345, 0, 0.074976, 0.195708, 0.39058, 0.180478, 0.506183, 0.141332, 0.772651, 0.113542, 0.528546], [0.058714, 0.779986, 0.176548, 0, 0.346058, 0.292495, 0.038345, 0.332459, 0.760037, 0.794252, 0.745181, 0.773145], [0.622926, 0.713369, 0.859945, 0.674795, 0, 0.530725, 0.573748, 0.93007, 0.078358, 0.321825, 0.923323, 0.57253], [0.738608, 0.730883, 0.15603, 0.737225, 0.877852, 0, 0.81594, 0.522936, 0.790922, 0.321876, 0.242762, 0.814409], [0.321427, 0.071774, 0.499868, 0.124293, 0.361878, 0.697514, 0, 0.952781, 0.510079, 0.318717, 0.193312, 0.500703], [0.815419, 0.877682, 0.376518, 0.894062, 0.554204, 0.611089, 0.267888, 0, 0.481951, 0.086504, 0.232369, 0.239133], [0.181153, 0.90681, 0.302428, 0.830394, 0.318294, 0.138336, 0.382135, 0.21386, 0, 0.002719, 0.98168, 0.79637], [0.775903, 0.447822, 0.340697, 0.143632, 0.172424, 0.411255, 0.590876, 0.084992, 0.359869, 0, 0.770551, 0.293788], [0.055032, 0.259148, 0.788252, 0.697622, 0.579878, 0.432903, 0.736799, 0.170194, 0.321988, 0.05032, 0, 0.982379], [0.265876, 0.440242, 0.363443, 0.929393, 0.934181, 0.340658, 0.121123, 0.397514, 0.509433, 0.793605, 0.035407, 0]]}