{"v_num": 12, "mat": [[0, 0.019268, 0.128502, 0.28456, 0.276194, 0.197886, 0.998956, 0.161395, 0.434436, 0.17767, 0.689967, 0.243864], [0.747945, 0, 0.127577, 0.143492, 0.657016, 0.262223, 0.775697, 0.537912, 0.018998, 0.014879, 0.269696, 0.463295], [0.308534, 0.786896, 0, 0.671972, 0.256578, 0.155225, 0.276225, 0.179821, 0.339814, 0.485459, 0.840323, 0.979825], [0.833985, 0.881371, 0.081082, 0, 0.522389, 0.680606, 0.338771, 0.00707, 0.792962, 0.512617, 0.984196, 0.286071], [0.199985, 0.417351, 0.693638, 0.290644, 0, 0.452362, 0.395217, 0.548892, 0.71042, 0.177059, 0.680858, 0.568734], [0.316689, 0.634801, 0.940408, 0.05083, 0.348905, 0, 0.967063, 0.530485, 0.198876, 0.189556, 0.419438, 0.321509], [0.94773, 0.071917, 0.219303, 0.1271, 0.707909, 0.218855, 0, 0.980984, 0.642938, 0.913027, 0.383984, 0.487397], [0.322419, 0.56774, 0.970925, 0.43447, 0.028949, 0.64263, 0.641516, 0, 0.061197, 0.087327, 0.691516, 0.19214], [0.744421, 0.622347, 0.369236, 0.305174, 0.624933, 0.600918, 0.889179, 0.461541, 0, 0.734503, 0.356364, 0.837415], [0.188746, 0.458296, 0.515101, 0.013304, 0.747186, 0.551952, 0.983897, 0.96329, 0.896709, 0, 0.391278, 0.095978], [0.084048, 0.932332, 0.571369, 0.986588, 0.59705, 0.324188, 0.496025, 0.700634, 0.044877, 0.894191, 0, 0.931706], [0.100538, 0.797284, 0.510291, 0.692672, 0.616841, 0.363469, 0.329352, 0.534027, 0.080833, 0.601664, 0.094605, 0]]}