{"v_num": 12, "mat": [[0, 0.52417, 0.593029, 0.941304, 0.269476, 0.570272, 0.590959, 0.688519, 0.555682, 0.936763, 0.930241, 0.457098], [0.883501, 0, 0.98139, 0.70906, 0.006925, 0.862932, 0.278617, 0.13782, 0.975897, 0.194538, 0.164313, 0.80507], [0.557816, 0.556971, 0, 0.93255, 0.512672, 0.829995, 0.218636, 0.697273, 0.779622, 0.216656, 0.370285, 0.834419], [0.538779, 0.160275, 0.962036, 0, 0.965085, 0.278232, 0.024973, 0.373895, 0.345283, 0.70273, 0.329434, 0.088128], [0.70306, 0.863443, 0.575284, 0.041577, 0, 0.379549, 0.253658, 0.461236, 0.773631, 0.4659, 0.381537, 0.336319], [0.396866, 0.23638, 0.868395, 0.150358, 0.164261, 0, 0.711023, 0.062629, 0.6241, 0.81654, 0.970494, 0.068798], [0.855961, 0.54152, 0.067256, 0.303928, 0.311112, 0.722792, 0, 0.24217, 0.195104, 0.332122, 0.880451, 0.410657], [0.857819, 0.873555, 0.661271, 0.219067, 0.592962, 0.576615, 0.131038, 0, 0.587669, 0.530234, 0.323721, 0.959065], [0.498306, 0.080988, 0.010273, 0.6859, 0.817722, 0.643083, 0.001645, 0.858779, 0, 0.271859, 0.663773, 0.247348], [0.479474, 0.707583, 0.269975, 0.014242, 0.628336, 0.688292, 0.067502, 0.111456, 0.228577, 0, 0.61461, 0.236038], [0.68025, 0.870834, 0.609413, 0.670525, 0.916501, 0.221833, 0.854518, 0.91714, 0.394747, 0.283208, 0, 0.731376], [0.5657, 0.228694, 0.246299, 0.493411, 0.077576, 0.120984, 0.631153, 0.182252, 0.701598, 0.590491, 0.788602, 0]]}