{"v_num": 12, "mat": [[0, 0.135262, 0.50645, 0.603187, 0.608452, 0.372422, 0.571386, 0.007059, 0.387264, 0.959805, 0.781658, 0.52592], [0.831674, 0, 0.399, 0.063879, 0.288077, 0.103437, 0.708799, 0.813716, 0.59743, 0.293986, 0.490023, 0.864413], [0.118518, 0.576557, 0, 0.538284, 0.019258, 0.405197, 0.430035, 0.412193, 0.606491, 0.075062, 0.999823, 0.801289], [0.521808, 0.225823, 0.514613, 0, 0.494735, 0.324826, 0.709755, 0.97158, 0.085698, 0.775899, 0.61096, 0.057473], [0.600019, 0.677791, 0.432039, 0.548425, 0, 0.325862, 0.589245, 0.618849, 0.122003, 0.135268, 0.109304, 0.285974], [0.180858, 0.682538, 0.628002, 0.03835, 0.664495, 0, 0.756335, 0.131285, 0.835227, 0.919626, 0.422488, 0.443436], [0.695043, 0.527988, 0.164966, 0.691002, 0.988896, 0.999948, 0, 0.837166, 0.983589, 0.681183, 0.671638, 0.455431], [0.205519, 0.080929, 0.895355, 0.11053, 0.137721, 0.491303, 0.97268, 0, 0.299805, 0.403682, 0.11887, 0.578154], [0.708991, 0.657899, 0.425533, 0.389974, 0.532177, 0.696168, 0.640838, 0.594239, 0, 0.652201, 0.718124, 0.152186], [0.168088, 0.513158, 0.913284, 0.183715, 0.68163, 0.675818, 0.56265, 0.976057, 0.824734, 0, 0.921465, 0.025204], [0.13582, 0.155323, 0.14655, 0.823202, 0.033491, 0.248552, 0.031684, 0.9398, 0.879411, 0.503687, 0, 0.048196], [0.929637, 0.315211, 0.266945, 0.495871, 0.466213, 0.873346, 0.236647, 0.252221, 0.062256, 0.110985, 0.98531, 0]]}