{"v_num": 12, "mat": [[0, 0.52135, 0.896595, 0.398581, 0.794844, 0.823613, 0.571975, 0.334302, 0.716978, 0.41584, 0.998767, 0.184091], [0.477934, 0, 0.464661, 0.091033, 0.486388, 0.029687, 0.644339, 0.434334, 0.881235, 0.473399, 0.765845, 0.211973], [0.027399, 0.572846, 0, 0.84912, 0.358289, 0.907261, 0.333842, 0.949504, 0.885865, 0.549255, 0.504468, 0.296568], [0.175137, 0.916586, 0.990298, 0, 0.612416, 0.663779, 0.557872, 0.385072, 0.875362, 0.613709, 0.182016, 0.640084], [0.46319, 0.582526, 0.838756, 0.939186, 0, 0.31717, 0.838671, 0.017833, 0.782195, 0.914335, 0.09597, 0.22323], [0.61668, 0.064873, 0.767595, 0.016867, 0.774379, 0, 0.109498, 0.817101, 0.712185, 0.558425, 0.319274, 0.888718], [0.210737, 0.947724, 0.176989, 0.820145, 0.427468, 0.290436, 0, 0.090459, 0.333237, 0.866121, 0.652505, 0.460404], [0.152841, 0.628302, 0.662178, 0.177808, 0.938011, 0.155404, 0.360345, 0, 0.180877, 0.394087, 0.567056, 0.222697], [0.778251, 0.316694, 0.732274, 0.291134, 0.609727, 0.517775, 0.592424, 0.029663, 0, 0.589698, 0.32927, 0.264925], [0.249238, 0.038042, 0.926547, 0.953404, 0.532199, 0.901084, 0.177617, 0.588463, 0.97793, 0, 0.397432, 0.10621], [0.884139, 0.264123, 0.08161, 0.732016, 0.640708, 0.653702, 0.441385, 0.826323, 0.414161, 0.405998, 0, 0.944738], [0.180737, 0.643039, 0.689632, 0.609244, 0.372681, 0.361357, 0.444107, 0.515157, 0.957241, 0.157748, 0.719587, 0]]}