{"v_num": 12, "mat": [[0, 0.65252, 0.927325, 0.417719, 0.352213, 0.591738, 0.067053, 0.577828, 0.998738, 0.272666, 0.510938, 0.336383], [0.116534, 0, 0.758118, 0.611628, 0.23741, 0.921131, 0.13933, 0.419188, 0.650456, 0.110612, 0.713, 0.254527], [0.733826, 0.789874, 0, 0.549548, 0.754481, 0.119899, 0.673535, 0.159077, 0.269932, 0.642715, 0.66733, 0.061549], [0.097495, 0.188677, 0.108937, 0, 0.907793, 0.46892, 0.865161, 0.719435, 0.636782, 0.205725, 0.071805, 0.663131], [0.307704, 0.039457, 0.244591, 0.866962, 0, 0.746561, 0.919276, 0.161066, 0.773109, 0.134822, 0.181177, 0.087463], [0.598581, 0.057016, 0.936607, 0.019898, 0.01792, 0, 0.312007, 0.881462, 0.439915, 0.034206, 0.791407, 0.772509], [0.766179, 0.090513, 0.901325, 0.572822, 0.515338, 0.396642, 0, 0.260481, 0.344905, 0.186439, 0.648586, 0.690209], [0.496559, 0.423517, 0.284282, 0.56832, 0.196539, 0.487701, 0.895757, 0, 0.996171, 0.839048, 0.068107, 0.16141], [0.144308, 0.211556, 0.186776, 0.91554, 0.647452, 0.606132, 0.227619, 0.843772, 0, 0.754581, 0.013209, 0.0594], [0.662985, 0.522827, 0.611348, 0.755902, 0.301304, 0.909768, 0.571266, 0.075114, 0.678095, 0, 0.69685, 0.675973], [0.744477, 0.173873, 0.757122, 0.098184, 0.434167, 0.557222, 0.063462, 0.887941, 0.778104, 0.604476, 0, 0.430561], [0.891583, 0.71713, 0.285928, 0.39548, 0.448286, 0.669471, 0.79258, 0.209415, 0.527651, 0.594413, 0.519564, 0]]}