{"v_num": 12, "mat": [[0, 0.130465, 0.881662, 0.927875, 0.211806, 0.872897, 0.616595, 0.29503, 0.350176, 0.905374, 0.092427, 0.74166], [0.310505, 0, 0.878482, 0.012942, 0.798995, 0.153021, 0.147494, 0.78109, 0.255992, 0.532273, 0.416647, 0.445026], [0.386473, 0.8316, 0, 0.60858, 0.534743, 0.198327, 0.894237, 0.699414, 0.69529, 0.877368, 0.681351, 0.001668], [0.142318, 0.885391, 0.859188, 0, 0.42986, 0.859167, 0.63033, 0.7669, 0.172106, 0.222928, 0.366201, 0.857681], [0.581081, 0.033105, 0.110751, 0.117038, 0, 0.449223, 0.204447, 0.745339, 0.708497, 0.178883, 0.225307, 0.908975], [0.45258, 0.532046, 0.166307, 0.135613, 0.054757, 0, 0.034693, 0.32945, 0.230436, 0.089713, 0.947518, 0.688735], [0.082213, 0.567199, 0.372901, 0.356292, 0.653937, 0.389452, 0, 0.2628, 0.80333, 0.296125, 0.36057, 0.315226], [0.507113, 0.998399, 0.938763, 0.016688, 0.433444, 0.112028, 0.0416, 0, 0.122045, 0.283159, 0.071828, 0.532093], [0.788003, 0.658929, 0.661868, 0.767496, 0.051924, 0.940061, 0.786805, 0.661569, 0, 0.116341, 0.919286, 0.115636], [0.599502, 0.475352, 0.642341, 0.213269, 0.729361, 0.12015, 0.112601, 0.451646, 0.347863, 0, 0.551492, 0.817785], [0.587225, 0.199852, 0.354126, 0.312111, 0.8821, 0.570014, 0.059468, 0.719803, 0.428176, 0.028819, 0, 0.165704], [0.576596, 0.831157, 0.159606, 0.285036, 0.381668, 0.196171, 0.051751, 0.020626, 0.048531, 0.110775, 0.65045, 0]]}