{"v_num": 12, "mat": [[0, 0.905247, 0.821179, 0.507659, 0.789258, 0.246819, 0.252795, 0.074215, 0.575098, 0.720257, 0.551428, 0.073336], [0.71479, 0, 0.067377, 0.079481, 0.853265, 0.875638, 0.96816, 0.057921, 0.786451, 0.008478, 0.723582, 0.621887], [0.557284, 0.374605, 0, 0.354596, 0.789139, 0.119532, 0.830931, 0.784323, 0.086518, 0.762437, 0.116612, 0.850942], [0.26343, 0.260726, 0.876983, 0, 0.916401, 0.346994, 0.249896, 0.25491, 0.398028, 0.342782, 0.712022, 0.410026], [0.343086, 0.160092, 0.432845, 0.904269, 0, 0.235199, 0.21775, 0.793536, 0.285726, 0.588238, 0.480498, 0.012615], [0.859803, 0.700197, 0.792542, 0.288168, 0.821832, 0, 0.401276, 0.186553, 0.038748, 0.781707, 0.713131, 0.648069], [0.297241, 0.108029, 0.085456, 0.818311, 0.5875, 0.829674, 0, 0.965958, 0.116735, 0.85633, 0.273574, 0.23855], [0.01358, 0.307618, 0.394683, 0.006074, 0.965308, 0.638885, 0.144927, 0, 0.47811, 0.126549, 0.576373, 0.724054], [0.682079, 0.624607, 0.97345, 0.112879, 0.114897, 0.76264, 0.334285, 0.980542, 0, 0.428518, 0.382587, 0.223574], [0.207212, 0.061639, 0.840062, 0.922174, 0.741477, 0.64113, 0.82951, 0.533567, 0.940407, 0, 0.864711, 0.394049], [0.442298, 0.878999, 0.954237, 0.226233, 0.11738, 0.22403, 0.773311, 0.554384, 0.240977, 0.982747, 0, 0.521861], [0.241065, 0.894584, 0.812889, 0.523521, 0.234621, 0.531067, 0.933417, 0.399336, 0.106782, 0.330587, 0.748331, 0]]}