{"v_num": 12, "mat": [[0, 0.819508, 0.214095, 0.95577, 0.29641, 0.902142, 0.720293, 0.806234, 0.19533, 0.765118, 0.449288, 0.045279], [0.912554, 0, 0.193618, 0.340997, 0.074789, 0.446336, 0.942518, 0.073145, 0.277149, 0.65298, 0.126608, 0.35164], [0.93601, 0.742892, 0, 0.223882, 0.897187, 0.484841, 0.398937, 0.121808, 0.645563, 0.601509, 0.517048, 0.804141], [0.716568, 0.741244, 0.580148, 0, 0.221992, 0.158294, 0.189115, 0.123212, 0.332917, 0.235911, 0.454104, 0.704508], [0.162744, 0.901937, 0.982492, 0.659476, 0, 0.239573, 0.948406, 0.248344, 0.847155, 0.994865, 0.99169, 0.18201], [0.025373, 0.295672, 0.802026, 0.8965, 0.444687, 0, 0.566773, 0.70419, 0.119415, 0.489111, 0.530089, 0.877794], [0.066794, 0.435977, 0.501105, 0.240637, 0.083362, 0.414622, 0, 0.363065, 0.621626, 0.122382, 0.118271, 0.301405], [0.284228, 0.182634, 0.31793, 0.210659, 0.71183, 0.727572, 0.772618, 0, 0.579835, 0.708175, 0.899354, 0.724216], [0.339446, 0.213344, 0.161399, 0.624755, 0.87607, 0.135669, 0.83113, 0.22245, 0, 0.525538, 0.163709, 0.584481], [0.051127, 0.040163, 0.85951, 0.870931, 0.837318, 0.030821, 0.80686, 0.421528, 0.591138, 0, 0.22157, 0.459416], [0.764688, 0.508441, 0.003032, 0.943682, 0.416664, 0.470101, 0.159647, 0.30087, 0.564115, 0.40532, 0, 0.951443], [0.966901, 0.678428, 0.812591, 0.675191, 0.504144, 0.005313, 0.542266, 0.000108, 0.983007, 0.327269, 0.2556, 0]]}