{"v_num": 12, "mat": [[0, 0.942018, 0.948919, 0.859925, 0.260316, 0.606807, 0.54134, 0.479507, 0.418987, 0.99043, 0.582523, 0.462388], [0.298179, 0, 0.663752, 0.084107, 0.969882, 0.109041, 0.502095, 0.781991, 0.243667, 0.410338, 0.247416, 0.070339], [0.468494, 0.984513, 0, 0.97897, 0.999487, 0.816869, 0.16008, 0.017605, 0.456541, 0.053052, 0.35779, 0.284946], [0.961861, 0.696364, 0.839811, 0, 0.65502, 0.238726, 0.73718, 0.838712, 0.532564, 0.500637, 0.303846, 0.266764], [0.33394, 0.849959, 0.98371, 0.364128, 0, 0.046514, 0.470645, 0.863305, 0.576457, 0.540286, 0.193057, 0.596142], [0.668623, 0.80516, 0.779273, 0.570319, 0.634929, 0, 0.023897, 0.837022, 0.961035, 0.512461, 0.004282, 0.058837], [0.644593, 0.68059, 0.455304, 0.318406, 0.307365, 0.574213, 0, 0.305171, 0.161666, 0.786073, 0.861277, 0.087174], [0.086305, 0.285406, 0.736636, 0.984611, 0.411414, 0.47723, 0.796778, 0, 0.683978, 0.308393, 0.024058, 0.890604], [0.112297, 0.41467, 0.500006, 0.410581, 0.114413, 0.189252, 0.384495, 0.398394, 0, 0.02218, 0.527628, 0.308016], [0.994514, 0.009084, 0.15607, 0.298052, 0.905796, 0.396744, 0.060041, 0.650146, 0.756611, 0, 0.151334, 0.670103], [0.471996, 0.145211, 0.905071, 0.473488, 0.352104, 0.718134, 0.761163, 0.761864, 0.554303, 0.824562, 0, 0.771799], [0.311913, 0.827073, 0.298568, 0.489882, 0.687804, 0.711903, 0.30387, 0.39105, 0.775612, 0.410763, 0.638676, 0]]}