{"v_num": 12, "mat": [[0, 0.707212, 0.256686, 0.814013, 0.265873, 0.057566, 0.630643, 0.075681, 0.644064, 0.067085, 0.501281, 0.010131], [0.304914, 0, 0.85188, 0.857568, 0.583979, 0.48572, 0.004084, 0.278464, 0.376738, 0.645707, 0.492298, 0.529957], [0.309529, 0.338975, 0, 0.40071, 0.69562, 0.854748, 0.687551, 0.220514, 0.005115, 0.837529, 0.953728, 0.301385], [0.279389, 0.567871, 0.929087, 0, 0.561639, 0.06456, 0.181472, 0.050349, 0.396443, 0.045775, 0.248023, 0.088799], [0.425935, 0.136638, 0.320456, 0.84296, 0, 0.699512, 0.790128, 0.13077, 0.550326, 0.298571, 0.505135, 0.72516], [0.406069, 0.282914, 0.751927, 0.025529, 0.09838, 0, 0.665821, 0.226696, 0.304954, 0.622432, 0.746121, 0.881501], [0.821723, 0.105933, 0.762089, 0.537366, 0.745703, 0.453796, 0, 0.703824, 0.601002, 0.785328, 0.098183, 0.08539], [0.559628, 0.489697, 0.874971, 0.480453, 0.798129, 0.349207, 0.048246, 0, 0.440265, 0.032178, 0.408103, 0.89565], [0.972893, 0.742852, 0.853286, 0.676429, 0.084899, 0.406039, 0.875206, 0.745301, 0, 0.423729, 0.59382, 0.785814], [0.124546, 0.690473, 0.353177, 0.504725, 0.735587, 0.451792, 0.630034, 0.195129, 0.127052, 0, 0.179506, 0.084585], [0.916234, 0.899827, 0.86833, 0.695138, 0.653959, 0.175606, 0.597821, 0.581006, 0.975765, 0.695084, 0, 0.413268], [0.261985, 0.511294, 0.542173, 0.719092, 0.777305, 0.091259, 0.325311, 0.999016, 0.948755, 0.056305, 0.141684, 0]]}