{"v_num": 12, "mat": [[0, 0.88729, 0.668357, 0.905476, 0.937692, 0.396207, 0.241204, 0.339212, 0.911097, 0.179268, 0.151608, 0.642849], [0.85342, 0, 0.543671, 0.505555, 0.598414, 0.769658, 0.360748, 0.37814, 0.867617, 0.642802, 0.626133, 0.447596], [0.878089, 0.229174, 0, 0.667301, 0.982245, 0.565918, 0.628785, 0.607212, 0.477608, 0.799981, 0.360375, 0.019853], [0.887296, 0.363455, 0.061192, 0, 0.931251, 0.192163, 0.935977, 0.950882, 0.568914, 0.810529, 0.670649, 0.265558], [0.464523, 0.071147, 0.46469, 0.068317, 0, 0.975969, 0.200697, 0.095067, 0.085832, 0.330454, 0.169539, 0.861774], [0.057619, 0.388486, 0.173413, 0.189899, 0.063114, 0, 0.738431, 0.11847, 0.035582, 0.721842, 0.118804, 0.207186], [0.804382, 0.402467, 0.52463, 0.836548, 0.846593, 0.747738, 0, 0.906193, 0.550428, 0.598932, 0.469658, 0.063301], [0.738374, 0.979641, 0.549063, 0.745866, 0.294898, 0.516256, 0.642474, 0, 0.182692, 0.056162, 0.995828, 0.577537], [0.407078, 0.752144, 0.197866, 0.580373, 0.79486, 0.788902, 0.84469, 0.491036, 0, 0.654226, 0.236162, 0.909688], [0.901112, 0.595453, 0.056458, 0.432999, 0.890293, 0.961032, 0.681628, 0.730318, 0.817665, 0, 0.580795, 0.144812], [0.97157, 0.864187, 0.505768, 0.445784, 0.456591, 0.048363, 0.834647, 0.677661, 0.458142, 0.826658, 0, 0.665457], [0.653007, 0.164697, 0.810891, 0.216041, 0.468887, 0.124283, 0.526611, 0.296763, 0.396255, 0.027814, 0.68659, 0]]}