{"v_num": 12, "mat": [[0, 0.019472, 0.274393, 0.423429, 0.576965, 0.463438, 0.195688, 0.848364, 0.714513, 0.181483, 0.466324, 0.919866], [0.127105, 0, 0.123066, 0.211301, 0.708361, 0.707946, 0.89573, 0.161937, 0.659475, 0.902362, 0.806433, 0.710219], [0.543651, 0.802084, 0, 0.661905, 0.559631, 0.620074, 0.397062, 0.407807, 0.011969, 0.672115, 0.090262, 0.254472], [0.131664, 0.233399, 0.914311, 0, 0.794044, 0.570747, 0.876111, 0.22039, 0.115478, 0.824372, 0.892633, 0.865498], [0.003434, 0.300425, 0.324974, 0.572728, 0, 0.732714, 0.513336, 0.729902, 0.066188, 0.944871, 0.704559, 0.942308], [0.276152, 0.751748, 0.320561, 0.758952, 0.027123, 0, 0.042174, 0.81673, 0.43103, 0.821771, 0.318217, 0.587799], [0.68306, 0.779251, 0.801616, 0.430115, 0.066026, 0.185762, 0, 0.631708, 0.233963, 0.689889, 0.942525, 0.53851], [0.158497, 0.663873, 0.84569, 0.598425, 0.856744, 0.060419, 0.573901, 0, 0.456405, 0.408788, 0.679139, 0.180134], [0.98208, 0.89351, 0.619376, 0.454228, 0.884637, 0.866224, 0.508056, 0.976976, 0, 0.235613, 0.108905, 0.97291], [0.5752, 0.868597, 0.966115, 0.421412, 0.109549, 0.314819, 0.829943, 0.028721, 0.394905, 0, 0.590109, 0.481209], [0.874889, 0.054864, 0.81839, 0.601043, 0.355744, 0.071624, 0.068877, 0.766998, 0.420433, 0.279269, 0, 0.885941], [0.569919, 0.342178, 0.864265, 0.28087, 0.395549, 0.473332, 0.909459, 0.149869, 0.386028, 0.019418, 0.063324, 0]]}