{"v_num": 12, "mat": [[0, 0.97115, 0.32259, 0.65391, 0.490279, 0.825128, 0.856114, 0.488489, 0.545432, 0.096892, 0.11454, 0.152621], [0.713536, 0, 0.513515, 0.780429, 0.851359, 0.961652, 0.103155, 0.123135, 0.322475, 0.979357, 0.396044, 0.280631], [0.909856, 0.100655, 0, 0.651798, 0.867599, 0.393996, 0.19374, 0.691521, 0.780737, 0.893055, 0.486239, 0.131438], [0.932229, 0.681176, 0.325079, 0, 0.462311, 0.562229, 0.635469, 0.017823, 0.026688, 0.407181, 0.777855, 0.909674], [0.579873, 0.44522, 0.032717, 0.970466, 0, 0.884007, 0.36109, 0.166284, 0.955771, 0.93238, 0.909453, 0.098815], [0.446637, 0.621818, 0.46608, 0.351955, 0.385059, 0, 0.210824, 0.472213, 0.309815, 0.854102, 0.05089, 0.35881], [0.784752, 0.196696, 0.002939, 0.639195, 0.748638, 0.640681, 0, 0.714742, 0.972951, 0.541223, 0.286898, 0.617455], [0.644197, 0.194489, 0.422694, 0.837053, 0.688799, 0.810124, 0.20935, 0, 0.07798, 0.67383, 0.445354, 0.549828], [0.918204, 0.605047, 0.406521, 0.346093, 0.666674, 0.332928, 0.714079, 0.976407, 0, 0.76397, 0.556625, 0.743735], [0.06034, 0.574102, 0.968577, 0.370411, 0.772466, 0.110911, 0.776984, 0.866676, 0.679043, 0, 0.322231, 0.942431], [0.261746, 0.761769, 0.628383, 0.487895, 0.508815, 0.000275, 0.619259, 0.547048, 0.775157, 0.811254, 0, 0.221975], [0.230611, 0.535788, 0.333576, 0.136404, 0.226686, 0.311288, 0.789027, 0.655721, 0.126021, 0.825224, 0.456588, 0]]}