{"v_num": 12, "mat": [[0, 0.083691, 0.343177, 0.582322, 0.089115, 0.038013, 0.148369, 0.158217, 0.897507, 0.130886, 0.023989, 0.189357], [0.122027, 0, 0.646193, 0.910141, 0.68893, 0.418355, 0.694869, 0.826828, 0.689436, 0.397664, 0.027675, 0.436876], [0.066249, 0.355559, 0, 0.62052, 0.503255, 0.131175, 0.635393, 0.198586, 0.060934, 0.122185, 0.181494, 0.783377], [0.190505, 0.119565, 0.402586, 0, 0.315496, 0.072953, 0.458154, 0.431275, 0.507199, 0.29136, 0.865391, 0.044777], [0.403117, 0.067965, 0.032794, 0.97941, 0, 0.990612, 0.06237, 0.41169, 0.738322, 0.547987, 0.393252, 0.10755], [0.639285, 0.460804, 0.003693, 0.401517, 0.356046, 0, 0.107741, 0.824013, 0.887253, 0.580723, 0.00233, 0.751303], [0.816759, 0.6899, 0.904416, 0.11775, 0.702755, 0.769177, 0, 0.608666, 0.948708, 0.884665, 0.682002, 0.87214], [0.58267, 0.132209, 0.549232, 0.293739, 0.42389, 0.198949, 0.687626, 0, 0.125626, 0.753233, 0.146502, 0.736577], [0.388393, 0.094624, 0.866202, 0.733453, 0.492744, 0.700928, 0.97113, 0.688367, 0, 0.553379, 0.808012, 0.531142], [0.989738, 0.980418, 0.861195, 0.490003, 0.202901, 0.415479, 0.787988, 0.379406, 0.656057, 0, 0.257788, 0.861233], [0.32968, 0.227485, 0.88107, 0.351303, 0.871332, 0.874231, 0.293197, 0.728413, 0.414457, 0.031391, 0, 0.402871], [0.964802, 0.323423, 0.533669, 0.253475, 0.815564, 0.00781, 0.918984, 0.439897, 0.651001, 0.139957, 0.554289, 0]]}