{"v_num": 12, "mat": [[0, 0.411191, 0.941504, 0.142722, 0.40401, 0.807882, 0.086307, 0.177702, 0.730844, 0.656097, 0.378269, 0.038238], [0.207613, 0, 0.80889, 0.701543, 0.187109, 0.271793, 0.475935, 0.216241, 0.798944, 0.47351, 0.271072, 0.47939], [0.466036, 0.767441, 0, 0.571241, 0.914529, 0.723447, 0.899953, 0.972097, 0.91569, 0.785265, 0.519771, 0.73519], [0.503854, 0.592069, 0.751894, 0, 0.294216, 0.535532, 0.291125, 0.461929, 0.605588, 0.268982, 0.331691, 0.811397], [0.836655, 0.045922, 0.361939, 0.942887, 0, 0.655468, 0.063279, 0.139772, 0.444736, 0.346834, 0.88095, 0.735772], [0.624152, 0.502462, 0.271019, 0.384519, 0.288125, 0, 0.307503, 0.800211, 0.144855, 0.225152, 0.628855, 0.698763], [0.370548, 0.732428, 0.106194, 0.158125, 0.966131, 0.990468, 0, 0.755887, 0.491495, 0.980035, 0.723943, 0.034473], [0.119866, 0.799203, 0.764211, 0.795891, 0.101145, 0.981381, 0.179745, 0, 0.219925, 0.943706, 0.303745, 0.282422], [0.404613, 0.879855, 0.468988, 0.996141, 0.102141, 0.380757, 0.859635, 0.905538, 0, 0.775892, 0.944578, 0.952696], [0.379407, 0.802041, 0.935851, 0.584541, 0.086345, 0.428816, 0.606404, 0.26554, 0.118969, 0, 0.869957, 0.702893], [0.677188, 0.760907, 0.184364, 0.434877, 0.68048, 0.267818, 0.368066, 0.901116, 0.270999, 0.705627, 0, 0.137174], [0.769601, 0.467292, 0.718324, 0.770353, 0.844829, 0.050895, 0.779371, 0.724456, 0.986696, 0.314717, 0.078533, 0]]}