{"v_num": 12, "mat": [[0, 0.496696, 0.889616, 0.497315, 0.982186, 0.571542, 0.021166, 0.713767, 0.532233, 0.444735, 0.338981, 0.688353], [0.633587, 0, 0.975275, 0.40764, 0.270976, 0.201652, 0.492758, 0.964456, 0.896076, 0.852616, 0.495013, 0.837028], [0.286407, 0.203339, 0, 0.172408, 0.931883, 0.115888, 0.305206, 0.118674, 0.488106, 0.475827, 0.278534, 0.880447], [0.254153, 0.262143, 0.571353, 0, 0.3599, 0.202753, 0.164574, 0.347438, 0.817272, 0.502305, 0.427233, 0.73902], [0.88306, 0.474763, 0.067942, 0.838487, 0, 0.181283, 0.641961, 0.123867, 0.038528, 0.485704, 0.213855, 0.248468], [0.223011, 0.201895, 0.151002, 0.911457, 0.015754, 0, 0.074298, 0.769957, 0.157702, 0.40158, 0.230004, 0.783887], [0.356302, 0.627012, 0.692713, 0.1419, 0.30328, 0.721152, 0, 0.22056, 0.930547, 0.18356, 0.321696, 0.146569], [0.046466, 0.574462, 0.502911, 0.916477, 0.955313, 0.161693, 0.345269, 0, 0.322525, 0.653384, 0.421555, 0.800867], [0.269507, 0.499797, 0.017118, 0.478109, 0.431772, 0.503953, 0.496691, 0.779225, 0, 0.999856, 0.301204, 0.649618], [0.829774, 0.484357, 0.640134, 0.863095, 0.884634, 0.72125, 0.891914, 0.819935, 0.348152, 0, 0.494689, 0.256954], [0.794826, 0.760281, 0.034757, 0.816498, 0.108053, 0.631699, 0.428978, 0.241066, 0.000209, 0.053033, 0, 0.742253], [0.913916, 0.128482, 0.115896, 0.483358, 0.03702, 0.934302, 0.846771, 0.618686, 0.779165, 0.937543, 0.032557, 0]]}