{"v_num": 12, "mat": [[0, 0.265089, 0.241317, 0.430521, 0.341655, 0.33054, 0.002524, 0.116857, 0.293233, 0.253842, 0.194289, 0.106619], [0.039587, 0, 0.565302, 0.080927, 0.888864, 0.054039, 0.667604, 0.191264, 0.152554, 0.077209, 0.617235, 0.988711], [0.72004, 0.254142, 0, 0.439872, 0.297928, 0.49045, 0.287968, 0.374311, 0.772898, 0.410733, 0.993424, 0.981093], [0.723252, 0.985722, 0.733378, 0, 0.664314, 0.366381, 0.712351, 0.947385, 0.791552, 0.657561, 0.986111, 0.555068], [0.783141, 0.864561, 0.463315, 0.238791, 0, 0.852512, 0.537797, 0.482516, 0.14547, 0.899506, 0.922785, 0.772414], [0.488172, 0.059795, 0.208663, 0.135591, 0.319639, 0, 0.863173, 0.925919, 0.509462, 0.502951, 0.247599, 0.892318], [0.744254, 0.234867, 0.83694, 0.144542, 0.853596, 0.44428, 0, 0.416672, 0.928051, 0.199266, 0.426589, 0.0206], [0.924833, 0.312991, 0.368904, 0.111824, 0.070402, 0.571361, 0.409946, 0, 0.757697, 0.314279, 0.930208, 0.218814], [0.211728, 0.104768, 0.654995, 0.295236, 0.282167, 0.708872, 0.633428, 0.906653, 0, 0.609161, 0.977991, 0.115445], [0.000788, 0.313684, 0.858031, 0.981613, 0.873642, 0.898393, 0.377396, 0.999794, 0.077024, 0, 0.435463, 0.828453], [0.930243, 0.971511, 0.799317, 0.756362, 0.440201, 0.250512, 0.911932, 0.282779, 0.511126, 0.658613, 0, 0.704492], [0.008832, 0.446056, 0.232685, 0.112477, 0.36179, 0.583396, 0.974825, 0.114658, 0.216838, 0.0275, 0.413299, 0]]}