{"v_num": 12, "mat": [[0, 0.107129, 0.858943, 0.449488, 0.665103, 0.277748, 0.653316, 0.728119, 0.169933, 0.343389, 0.799006, 0.529384], [0.567089, 0, 0.177258, 0.337584, 0.910169, 0.864288, 0.357606, 0.807428, 0.869853, 0.949014, 0.820791, 0.810876], [0.343451, 0.815694, 0, 0.249483, 0.805293, 0.753666, 0.040352, 0.159397, 0.684377, 0.341976, 0.62885, 0.974436], [0.892896, 0.81984, 0.734617, 0, 0.3936, 0.696915, 0.417765, 0.115777, 0.071734, 0.983499, 0.694828, 0.999817], [0.22134, 0.647909, 0.829546, 0.825354, 0, 0.75387, 0.44293, 0.796058, 0.712835, 0.534319, 0.340595, 0.395885], [0.136124, 0.511241, 0.491556, 0.519098, 0.452766, 0, 0.637722, 0.938485, 0.600024, 0.399956, 0.56901, 0.079412], [0.757908, 0.922409, 0.609623, 0.628652, 0.13031, 0.481742, 0, 0.678996, 0.428574, 0.045474, 0.305506, 0.28001], [0.229726, 0.175345, 0.40776, 0.193014, 0.902298, 0.488743, 0.91711, 0, 0.946465, 0.084477, 0.570131, 0.261795], [0.324562, 0.186128, 0.888966, 0.849689, 0.157923, 0.833763, 0.964749, 0.235968, 0, 0.730661, 0.602365, 0.458303], [0.715768, 0.712714, 0.091102, 0.404144, 0.814007, 0.693822, 0.785281, 0.676166, 0.71357, 0, 0.045159, 0.28086], [0.722855, 0.765197, 0.46566, 0.113407, 0.272688, 0.263858, 0.069986, 0.980168, 0.189628, 0.500901, 0, 0.930274], [0.27629, 0.203221, 0.360055, 0.440066, 0.936653, 0.849314, 0.447181, 0.311608, 0.758509, 0.804796, 0.395239, 0]]}