{"v_num": 12, "mat": [[0, 0.730372, 0.573564, 0.974253, 0.655237, 0.629073, 0.005692, 0.471974, 0.340032, 0.24471, 0.011992, 0.623925], [0.525597, 0, 0.008756, 0.170117, 0.100396, 0.140327, 0.535857, 0.616532, 0.333154, 0.769458, 0.050023, 0.894221], [0.510969, 0.875248, 0, 0.499541, 0.240347, 0.749562, 0.070484, 0.52647, 0.465711, 0.140934, 0.482827, 0.90163], [0.196052, 0.530039, 0.397869, 0, 0.236678, 0.572681, 0.280456, 0.124778, 0.899712, 0.284401, 0.995426, 0.805199], [0.086919, 0.439232, 0.36593, 0.302259, 0, 0.274154, 0.574274, 0.052841, 0.690123, 0.521301, 0.237363, 0.830323], [0.577547, 0.388052, 0.028988, 0.062517, 0.199204, 0, 0.590279, 0.234515, 0.952019, 0.763335, 0.609106, 0.72957], [0.414867, 0.855607, 0.837587, 0.268899, 0.144285, 0.830665, 0, 0.132486, 0.221581, 0.054142, 0.513844, 0.944079], [0.518384, 0.387991, 0.738744, 0.835267, 0.920754, 0.707207, 0.101964, 0, 0.593838, 0.296519, 0.493559, 0.914433], [0.702886, 0.925528, 0.780544, 0.636489, 0.728703, 0.466449, 0.376432, 0.45688, 0, 0.16447, 0.506637, 0.711135], [0.561707, 0.759971, 0.431931, 0.418099, 0.406519, 0.391001, 0.158131, 0.690783, 0.013703, 0, 0.075001, 0.862703], [0.610146, 0.273931, 0.472957, 0.454974, 0.169069, 0.109614, 0.798056, 0.391791, 0.034693, 0.044517, 0, 0.368906], [0.623172, 0.769547, 0.175439, 0.430521, 0.103817, 0.610656, 0.555691, 0.736886, 0.487338, 0.848375, 0.605441, 0]]}