{"v_num": 12, "mat": [[0, 0.753183, 0.462458, 0.278142, 0.45387, 0.004465, 0.41535, 0.895503, 0.500503, 0.98899, 0.421939, 0.51105], [0.214744, 0, 0.786399, 0.397349, 0.490511, 0.734555, 0.070288, 0.864479, 0.075192, 0.661359, 0.863317, 0.367707], [0.304341, 0.78111, 0, 0.87557, 0.325056, 0.852896, 0.277234, 0.630343, 0.38319, 0.486713, 0.33909, 0.165766], [0.902725, 0.985285, 0.702192, 0, 0.183595, 0.539427, 0.200883, 0.327181, 0.265687, 0.836969, 0.230048, 0.224594], [0.665614, 0.028899, 0.985886, 0.776089, 0, 0.485403, 0.439173, 0.917837, 0.436571, 0.659682, 0.850018, 0.974124], [0.827065, 0.21717, 0.037896, 0.538257, 0.177201, 0, 0.851189, 0.15883, 0.325344, 0.264369, 0.171053, 0.299144], [0.094449, 0.215232, 0.782416, 0.612979, 0.451856, 0.273433, 0, 0.659833, 0.954789, 0.134555, 0.563486, 0.067848], [0.906208, 0.861814, 0.341552, 0.058677, 0.53381, 0.155514, 0.745942, 0, 0.543076, 0.416149, 0.028679, 0.619417], [0.401671, 0.731576, 0.604976, 0.495015, 0.384273, 0.650358, 0.156619, 0.287407, 0, 0.594391, 0.165361, 0.020871], [0.486903, 0.463911, 0.28485, 0.223113, 0.444632, 0.703418, 0.411888, 0.816021, 0.302763, 0, 0.97158, 0.765795], [0.792066, 0.988331, 0.190126, 0.565331, 0.370931, 0.483261, 0.609804, 0.838088, 0.827107, 0.854202, 0, 0.33372], [0.303536, 0.085923, 0.385296, 0.531068, 0.339089, 0.863583, 0.228418, 0.612797, 0.860003, 0.259106, 0.239048, 0]]}