{"v_num": 12, "mat": [[0, 0.696702, 0.971988, 0.797836, 0.049128, 0.00822, 0.779968, 0.579537, 0.57186, 0.77541, 0.131292, 0.774479], [0.149274, 0, 0.983619, 0.440139, 0.75635, 0.772767, 0.592161, 0.865672, 0.2225, 0.220954, 0.274089, 0.710469], [0.233763, 0.318793, 0, 0.443106, 0.553601, 0.281529, 0.55025, 0.935692, 0.762915, 0.688048, 0.562239, 0.023919], [0.380614, 0.620765, 0.596464, 0, 0.531903, 0.786883, 0.566231, 0.55264, 0.399794, 0.384907, 0.217934, 0.837768], [0.365269, 0.959977, 0.913171, 0.625045, 0, 0.050469, 0.211534, 0.07592, 0.165675, 0.60309, 0.128237, 0.216565], [0.388454, 0.957157, 0.710766, 0.067965, 0.437566, 0, 0.353064, 0.415644, 0.978934, 0.89184, 0.176355, 0.795989], [0.638901, 0.481531, 0.897192, 0.420423, 0.498843, 0.44526, 0, 0.575906, 0.991269, 0.701209, 0.008472, 0.688291], [0.321091, 0.402255, 0.964438, 0.165503, 0.998946, 0.940225, 0.026116, 0, 0.100296, 0.180559, 0.514142, 0.97399], [0.053794, 0.608364, 0.743316, 0.596909, 0.548903, 0.753058, 0.351298, 0.901874, 0, 0.72984, 0.280949, 0.666448], [0.35457, 0.513616, 0.663854, 0.764548, 0.392242, 0.188343, 0.790787, 0.246817, 0.881012, 0, 0.325437, 0.874533], [0.558152, 0.31353, 0.453845, 0.728934, 0.731341, 0.558582, 0.843752, 0.55571, 0.441558, 0.345396, 0, 0.546024], [0.568226, 0.029157, 0.392288, 0.770924, 0.68645, 0.882008, 0.183802, 0.599885, 0.122982, 0.139112, 0.01708, 0]]}