{"v_num": 15, "mat": [[0, 0.364632, 0.036637, 0.863866, 0.878643, 0.288097, 0.365185, 0.863527, 0.783832, 0.274703, 0.246092, 0.620275, 0.249247, 0.248766, 0.437439], [0.166087, 0, 0.054188, 0.048541, 0.852491, 0.563993, 0.178244, 0.098424, 0.652837, 0.776347, 0.957876, 0.09839, 0.696575, 0.179426, 0.850486], [0.25842, 0.938167, 0, 0.871981, 0.001679, 0.241549, 0.515759, 0.031346, 0.920212, 0.408021, 0.269437, 0.599826, 0.398385, 0.161819, 0.18348], [0.992419, 0.932208, 0.648073, 0, 0.357028, 0.449425, 0.703873, 0.356796, 0.514988, 0.893117, 0.64869, 0.251831, 0.515503, 0.464357, 0.723934], [0.726659, 0.129874, 0.062111, 0.595677, 0, 0.052151, 0.163225, 0.080123, 0.88624, 0.128989, 0.145715, 0.926167, 0.852977, 0.487648, 0.058693], [0.089865, 0.100532, 0.273523, 0.608325, 0.653986, 0, 0.732512, 0.964017, 0.537286, 0.264137, 0.713668, 0.043923, 0.698943, 0.574313, 0.81246], [0.289579, 0.363927, 0.6482, 0.865851, 0.907168, 0.455918, 0, 0.914035, 0.557869, 0.586766, 0.044317, 0.055216, 0.484431, 0.71896, 0.081245], [0.153372, 0.22323, 0.209576, 0.649908, 0.410982, 0.616948, 0.484136, 0, 0.403082, 0.590872, 0.261528, 0.087651, 0.953552, 0.885193, 0.502227], [0.215546, 0.508277, 0.30536, 0.465743, 0.994574, 0.489799, 0.764803, 0.484309, 0, 0.881976, 0.306533, 0.738046, 0.542774, 0.061585, 0.776512], [0.198075, 0.706024, 0.355868, 0.776091, 0.07212, 0.428636, 0.106561, 0.503651, 0.233512, 0, 0.072633, 0.228585, 0.731555, 0.716186, 0.430172], [0.180326, 0.276046, 0.535221, 0.402776, 0.273798, 0.348249, 0.367102, 0.380096, 0.231781, 0.30004, 0, 0.794224, 0.474462, 0.944524, 0.161275], [0.038675, 0.689442, 0.04524, 0.522699, 0.882411, 0.694753, 0.216336, 0.084615, 0.034593, 0.95416, 0.686307, 0, 0.687015, 0.086794, 0.487898], [0.957423, 0.049214, 0.480711, 0.074632, 0.654253, 0.410761, 0.022033, 0.883608, 0.195498, 0.978689, 0.866122, 0.797486, 0, 0.546553, 0.547611], [0.53075, 0.446205, 0.840536, 0.02862, 0.330628, 0.8052, 0.502202, 0.311868, 0.735095, 0.865285, 0.909934, 0.359486, 0.582539, 0, 0.229214], [0.39567, 0.465043, 0.447033, 0.199806, 0.327141, 0.590708, 0.776197, 0.662595, 0.108726, 0.283059, 0.188674, 0.610662, 0.681281, 0.953689, 0]]}