{"v_num": 15, "mat": [[0, 0.785146, 0.364986, 0.194298, 0.795711, 0.591968, 0.4682, 0.552043, 0.794727, 0.673953, 0.210053, 0.525864, 0.153059, 0.696672, 0.858726], [0.851956, 0, 0.175321, 0.87582, 0.705638, 0.397748, 0.429416, 0.299525, 0.43785, 0.676917, 0.903723, 0.298838, 0.71251, 0.474029, 0.650111], [0.140545, 0.127049, 0, 0.760076, 0.871735, 0.469607, 0.890749, 0.348993, 0.65212, 0.475305, 0.689607, 0.104851, 0.292174, 0.856927, 0.336296], [0.095919, 0.252885, 0.360773, 0, 0.190733, 0.104636, 0.213597, 0.557658, 0.659771, 0.746962, 0.416852, 0.876225, 0.207877, 0.840967, 0.695746], [0.852294, 0.091067, 0.612974, 0.753243, 0, 0.953942, 0.828892, 0.400897, 0.374405, 0.623534, 0.200154, 0.723317, 0.805267, 0.061622, 0.493544], [0.329422, 0.752293, 0.186793, 0.352162, 0.243627, 0, 0.608321, 0.952414, 0.721418, 0.746197, 0.666592, 0.301909, 0.34713, 0.6117, 0.327859], [0.686119, 0.15483, 0.689437, 0.362497, 0.833056, 0.67372, 0, 0.035476, 0.116001, 0.642253, 0.114525, 0.771761, 0.535033, 0.633194, 0.095365], [0.976962, 0.012588, 0.937234, 0.909421, 0.734178, 0.062036, 0.93684, 0, 0.638283, 0.984778, 0.637781, 0.802227, 0.35031, 0.278265, 0.935794], [0.41898, 0.417453, 0.10455, 0.645361, 0.699774, 0.612833, 0.105801, 0.070763, 0, 0.407537, 0.203934, 0.639373, 0.840155, 0.950056, 0.401652], [0.222278, 0.792156, 0.866595, 0.608264, 0.398798, 0.229971, 0.794731, 0.681811, 0.315807, 0, 0.989925, 0.635807, 0.715353, 0.56938, 0.968548], [0.772591, 0.40512, 0.775487, 0.821982, 0.386266, 0.536492, 0.526561, 0.706276, 0.337931, 0.381401, 0, 0.343434, 0.856386, 0.735587, 0.457938], [0.410403, 0.460541, 0.547768, 0.555332, 0.416536, 0.818567, 0.646231, 0.769946, 0.548904, 0.836877, 0.267377, 0, 0.769888, 0.974152, 0.800985], [0.123753, 0.988236, 0.388031, 0.66703, 0.50687, 0.565194, 0.997951, 0.509603, 0.479809, 0.327608, 0.133169, 0.204108, 0, 0.952844, 0.426266], [0.955483, 0.893854, 0.690448, 0.047932, 0.24754, 0.790867, 0.454732, 0.346878, 0.295428, 0.419377, 0.110487, 0.596062, 0.426577, 0, 0.981932], [0.303254, 0.56045, 0.924144, 0.900813, 0.758514, 0.123014, 0.318244, 0.865937, 0.015503, 0.533354, 0.425913, 0.517562, 0.97383, 0.977991, 0]]}