{"v_num": 15, "mat": [[0, 0.412531, 0.205743, 0.308842, 0.650676, 0.202528, 0.541999, 0.360809, 0.786749, 0.94815, 0.897339, 0.329841, 0.426555, 0.317632, 0.864934], [0.204694, 0, 0.025867, 0.253927, 0.942991, 0.776006, 0.681824, 0.61465, 0.910497, 0.517908, 0.999094, 0.107334, 0.129902, 0.715676, 0.526688], [0.47039, 0.382409, 0, 0.376201, 0.291713, 0.124488, 0.298088, 0.817039, 0.791113, 0.451644, 0.076712, 0.101778, 0.699647, 0.454523, 0.74713], [0.029508, 0.951757, 0.516364, 0, 0.609057, 0.582096, 0.021767, 0.254274, 0.092005, 0.095168, 0.112466, 0.700041, 0.696499, 0.297875, 0.697477], [0.402887, 0.773717, 0.054617, 0.813614, 0, 0.293095, 0.886807, 0.837078, 0.758985, 0.13901, 0.534376, 0.30391, 0.60869, 0.30879, 0.796975], [0.358331, 0.461997, 0.458411, 0.818054, 0.767727, 0, 0.255646, 0.384503, 0.542747, 0.224589, 0.52283, 0.545556, 0.609922, 0.474181, 0.325272], [0.068396, 0.912169, 0.898096, 0.786324, 0.634412, 0.866966, 0, 0.548276, 0.794429, 0.595543, 0.768359, 0.009438, 0.359173, 0.229414, 0.078124], [0.144466, 0.29048, 0.838252, 0.445916, 0.1526, 0.247556, 0.13628, 0, 0.552589, 0.589593, 0.362676, 0.204584, 0.61937, 0.245546, 0.568227], [0.352079, 0.097523, 0.958266, 0.846036, 0.251035, 0.724309, 0.253845, 0.378447, 0, 0.879138, 0.884622, 0.661949, 0.36133, 0.307577, 0.475803], [0.404316, 0.739381, 0.714954, 0.349154, 0.03549, 0.821087, 0.841104, 0.334384, 0.607694, 0, 0.239993, 0.235785, 0.823198, 0.214206, 0.458975], [0.124876, 0.349375, 0.152695, 0.198636, 0.380234, 0.86282, 0.263263, 0.633311, 0.453368, 0.532185, 0, 0.924621, 0.459568, 0.522699, 0.012717], [0.483735, 0.38977, 0.695474, 0.557789, 0.576421, 0.91378, 0.549814, 0.340504, 0.233952, 0.270827, 0.030375, 0, 0.346237, 0.957912, 0.701092], [0.618972, 0.908015, 0.524619, 0.636116, 0.852012, 0.227032, 0.543118, 0.507411, 0.073018, 0.23594, 0.329717, 0.851868, 0, 0.366538, 0.295181], [0.266326, 0.492584, 0.586739, 0.116734, 0.98958, 0.872791, 0.39853, 0.086364, 0.272346, 0.089546, 0.807348, 0.52357, 0.77991, 0, 0.484494], [0.848654, 0.993421, 0.602476, 0.233111, 0.621232, 0.277395, 0.392368, 0.030775, 0.538218, 0.275179, 0.301418, 0.210102, 0.90223, 0.200708, 0]]}