{"v_num": 15, "mat": [[0, 0.179006, 0.410689, 0.822516, 0.145871, 0.622589, 0.860134, 0.273605, 0.943118, 0.085612, 0.39821, 0.902056, 0.231377, 0.620775, 0.68932], [0.799394, 0, 0.780931, 0.443476, 0.056289, 0.088508, 0.266016, 0.798668, 0.4944, 0.628398, 0.913411, 0.884373, 0.237904, 0.683899, 0.782938], [0.335317, 0.009953, 0, 0.017143, 0.930457, 0.469583, 0.086237, 0.152515, 0.420903, 0.423513, 0.252579, 0.01449, 0.474555, 0.046425, 0.715766], [0.93953, 0.915629, 0.070345, 0, 0.949516, 0.063421, 0.009975, 0.143984, 0.776422, 0.19874, 0.134315, 0.002589, 0.651736, 0.452745, 0.745441], [0.100114, 0.498661, 0.738235, 0.778909, 0, 0.943198, 0.583085, 0.766906, 0.417149, 0.457, 0.677847, 0.81002, 0.137583, 0.1817, 0.864165], [0.31144, 0.657882, 0.141971, 0.814137, 0.306234, 0, 0.424713, 0.34803, 0.28895, 0.982554, 0.52505, 0.791535, 0.266755, 0.883314, 0.40058], [0.626292, 0.034916, 0.839955, 0.698838, 0.638161, 0.808164, 0, 0.240007, 0.278022, 0.156093, 0.921943, 0.622208, 0.318431, 0.577875, 0.112278], [0.479046, 0.588122, 0.623494, 0.061794, 0.633467, 0.215572, 0.756019, 0, 0.412461, 0.212509, 0.355618, 0.307908, 0.471227, 0.492452, 0.089666], [0.331039, 0.797091, 0.77649, 0.929204, 0.126149, 0.040263, 0.223094, 0.058933, 0, 0.136314, 0.027894, 0.31208, 0.299894, 0.341112, 0.935464], [0.777269, 0.64125, 0.148501, 0.169447, 0.760683, 0.998564, 0.330817, 0.821568, 0.169031, 0, 0.768126, 0.120962, 0.351851, 0.762134, 0.693481], [0.045515, 0.003853, 0.250584, 0.260538, 0.6879, 0.839313, 0.119009, 0.477766, 0.681124, 0.386124, 0, 0.701923, 0.686418, 0.298267, 0.427679], [0.366167, 0.931042, 0.151329, 0.480702, 0.325723, 0.890765, 0.111745, 0.67289, 0.133367, 0.747705, 0.678846, 0, 0.164464, 0.7127, 0.164459], [0.492646, 0.455657, 0.201057, 0.050891, 0.143484, 0.02339, 0.26272, 0.481613, 0.365198, 0.796773, 0.204944, 0.668385, 0, 0.624989, 0.975952], [0.203989, 0.688947, 0.387812, 0.827411, 0.167087, 0.803508, 0.914628, 0.546122, 0.820706, 0.594283, 0.894114, 0.642106, 0.227019, 0, 0.479239], [0.07264, 0.038216, 0.616022, 0.781808, 0.930627, 0.071695, 0.935702, 0.310403, 0.799361, 0.055802, 0.120632, 0.103932, 0.947477, 0.148119, 0]]}