{"v_num": 15, "mat": [[0, 0.642438, 0.710267, 0.907082, 0.472142, 0.608479, 0.030907, 0.546586, 0.581263, 0.078333, 0.089708, 0.208023, 0.391412, 0.429423, 0.852138], [0.617391, 0, 0.684303, 0.841332, 0.33763, 0.443212, 0.682429, 0.276392, 0.751396, 0.100116, 0.645363, 0.772542, 0.89954, 0.830188, 0.076705], [0.856216, 0.890517, 0, 0.0731, 0.087655, 0.551431, 0.923749, 0.448217, 0.873005, 0.178796, 0.062996, 0.720194, 0.345664, 0.121025, 0.830978], [0.609012, 0.186846, 0.436196, 0, 0.691046, 0.022526, 0.413901, 0.738196, 0.123106, 0.015813, 0.280896, 0.761239, 0.842424, 0.521553, 0.116012], [0.267303, 0.813151, 0.623987, 0.91578, 0, 0.916345, 0.008812, 0.153753, 0.979176, 0.689455, 0.037131, 0.517813, 0.838929, 0.735251, 0.912368], [0.147007, 0.32302, 0.143112, 0.554164, 0.672435, 0, 0.983501, 0.260836, 0.699675, 0.924204, 0.693031, 0.434521, 0.837151, 0.345028, 0.187974], [0.953245, 0.530209, 0.01701, 0.924467, 0.473888, 0.060973, 0, 0.185767, 0.529657, 0.606757, 0.565076, 0.679913, 0.708056, 0.29324, 0.640982], [0.476551, 0.811133, 0.830499, 0.041759, 0.018147, 0.161334, 0.327079, 0, 0.712723, 0.334686, 0.103524, 0.07342, 0.737459, 0.18424, 0.488518], [0.522808, 0.316363, 0.449688, 0.009212, 0.270263, 0.029877, 0.371001, 0.11217, 0, 0.167833, 0.301341, 0.027073, 0.164984, 0.607997, 0.940449], [0.108378, 0.584833, 0.701165, 0.561281, 0.514887, 0.009466, 0.118522, 0.904105, 0.760012, 0, 0.384466, 0.101627, 0.117776, 0.837163, 0.853066], [0.938369, 0.881223, 0.28192, 0.606325, 0.685985, 0.733763, 0.983596, 0.3461, 0.841153, 0.903327, 0, 0.908366, 0.73696, 0.675048, 0.467462], [0.31095, 0.384542, 0.122044, 0.301317, 0.618088, 0.250419, 0.369317, 0.944302, 0.301245, 0.987901, 0.368377, 0, 0.594915, 0.60355, 0.487708], [0.94867, 0.034544, 0.864352, 0.887496, 0.004391, 0.386176, 0.904317, 0.319255, 0.808603, 0.525725, 0.446383, 0.991788, 0, 0.216503, 0.078261], [0.370386, 0.996323, 0.473172, 0.340823, 0.647186, 0.692719, 0.443473, 0.191292, 0.293787, 0.582202, 0.344934, 0.388053, 0.39507, 0, 0.583033], [0.872528, 0.901591, 0.147352, 0.932135, 0.38467, 0.214895, 0.336544, 0.464638, 0.78703, 0.489404, 0.689739, 0.15723, 0.062272, 0.116103, 0]]}