{"v_num": 15, "mat": [[0, 0.854882, 0.579264, 0.234964, 0.199523, 0.804998, 0.395218, 0.371957, 0.069439, 0.892014, 0.794416, 0.520561, 0.052397, 0.72188, 0.282477], [0.39911, 0, 0.4086, 0.389366, 0.531866, 0.647527, 0.369182, 0.559126, 0.582627, 0.059482, 0.163422, 0.835566, 0.622931, 0.804678, 0.267176], [0.274773, 0.286772, 0, 0.952295, 0.555458, 0.594883, 0.954507, 0.18113, 0.638402, 0.832199, 0.007807, 0.981444, 0.941004, 0.337675, 0.331514], [0.601642, 0.229752, 0.048155, 0, 0.696276, 0.738518, 0.857205, 0.940862, 0.892289, 0.249285, 0.800717, 0.026246, 0.0967, 0.420514, 0.843948], [0.491043, 0.575087, 0.789955, 0.739116, 0, 0.628109, 0.72794, 0.911254, 0.738498, 0.427603, 0.260711, 0.402173, 0.413576, 0.407079, 0.207601], [0.718223, 0.006515, 0.547557, 0.790869, 0.030465, 0, 0.049079, 0.666133, 0.231322, 0.208761, 0.898994, 0.090912, 0.801652, 0.616131, 0.176823], [0.308806, 0.879551, 0.429329, 0.165044, 0.420934, 0.967828, 0, 0.966401, 0.51025, 0.404123, 0.235861, 0.304571, 0.39648, 0.895541, 0.418908], [0.795559, 0.32041, 0.322327, 0.965061, 0.131844, 0.726701, 0.200213, 0, 0.687584, 0.791371, 0.404193, 0.300254, 0.720622, 0.622935, 0.378527], [0.889414, 0.700101, 0.614622, 0.613539, 0.946431, 0.122411, 0.498973, 0.709387, 0, 0.163502, 0.102344, 0.220142, 0.805082, 0.87375, 0.432015], [0.524478, 0.910848, 0.829456, 0.115809, 0.834508, 0.405338, 0.566191, 0.036974, 0.756692, 0, 0.179397, 0.258553, 0.688993, 0.499208, 0.011274], [0.481001, 0.921106, 0.609971, 0.916504, 0.247029, 0.920335, 0.299098, 0.128597, 0.131598, 0.638301, 0, 0.859418, 0.609194, 0.620072, 0.437582], [0.144206, 0.160337, 0.931024, 0.162419, 0.320366, 0.67621, 0.02159, 0.036069, 0.471928, 0.773913, 0.578341, 0, 0.117839, 0.282129, 0.353991], [0.047062, 0.968642, 0.171955, 0.652392, 0.42492, 0.24523, 0.530255, 0.732589, 0.661245, 0.792764, 0.792409, 0.677077, 0, 0.239113, 0.907214], [0.16179, 0.610947, 0.225229, 0.099886, 0.119427, 0.461174, 0.615845, 0.472805, 0.049201, 0.752659, 0.355052, 0.355571, 0.928445, 0, 0.174598], [0.777061, 0.205481, 0.303732, 0.335126, 0.279315, 0.372311, 0.021651, 0.214586, 0.333737, 0.524943, 0.68569, 0.483667, 0.20831, 0.06484, 0]]}