{"v_num": 15, "mat": [[0, 0.913458, 0.344564, 0.522233, 0.814691, 0.685616, 0.446732, 0.132817, 0.147404, 0.217708, 0.204495, 0.195763, 0.302706, 0.646171, 0.395421], [0.092905, 0, 0.837396, 0.877859, 0.309823, 0.37299, 0.146646, 0.464507, 0.54822, 0.47654, 0.581663, 0.716847, 0.493033, 0.713661, 0.253213], [0.326711, 0.010324, 0, 0.209945, 0.891928, 0.694886, 0.530478, 0.947471, 0.153488, 0.04247, 0.872991, 0.011664, 0.050999, 0.408169, 0.691529], [0.418469, 0.914236, 0.024028, 0, 0.130262, 0.341517, 0.393803, 0.300934, 0.537951, 0.295735, 0.763947, 0.881359, 0.569399, 0.706679, 0.086312], [0.142858, 0.087321, 0.31474, 0.461468, 0, 0.537694, 0.901514, 0.970745, 0.805298, 0.067649, 0.415057, 0.770737, 0.885727, 0.916437, 0.904794], [0.968147, 0.410953, 0.505386, 0.966545, 0.998941, 0, 0.702279, 0.764407, 0.94168, 0.524911, 0.763235, 0.115642, 0.978831, 0.63407, 0.299543], [0.390917, 0.281432, 0.628555, 0.322322, 0.575634, 0.232931, 0, 0.604228, 0.352899, 0.38916, 0.48804, 0.885296, 0.302657, 0.208275, 0.111764], [0.963647, 0.61811, 0.407805, 0.556947, 0.369652, 0.686263, 0.329837, 0, 0.413038, 0.844063, 0.61338, 0.830933, 0.608577, 0.011673, 0.301425], [0.170775, 0.593182, 0.330244, 0.869193, 0.126072, 0.572017, 0.996363, 0.255247, 0, 0.678881, 0.272613, 0.913082, 0.087659, 0.004975, 0.156669], [0.840779, 0.475385, 0.284273, 0.992566, 0.780423, 0.99501, 0.602301, 0.968216, 0.509814, 0, 0.89058, 0.698096, 0.050596, 0.952789, 0.680075], [0.262882, 0.059136, 0.702449, 0.416217, 0.607396, 0.77189, 0.178218, 0.023742, 0.05662, 0.016423, 0, 0.150073, 0.499004, 0.21676, 0.099103], [0.869818, 0.889768, 0.974222, 0.374345, 0.833526, 0.780584, 0.99025, 0.376816, 0.664263, 0.256292, 0.797789, 0, 0.362922, 0.423558, 0.737021], [0.076962, 0.602376, 0.328271, 0.396868, 0.652837, 0.531618, 0.093214, 0.288947, 0.07604, 0.414358, 0.639174, 0.618594, 0, 0.405201, 0.338198], [0.620498, 0.523059, 0.907689, 0.208367, 0.1626, 0.019291, 0.484611, 0.564815, 0.749032, 0.866814, 0.134294, 0.941092, 0.291338, 0, 0.460896], [0.879246, 0.413145, 0.667719, 0.608574, 0.417801, 0.772834, 0.191558, 0.111585, 0.404499, 0.969601, 0.338738, 0.615909, 0.456969, 0.025357, 0]]}