{"v_num": 15, "mat": [[0, 0.492472, 0.228804, 0.236986, 0.010459, 0.649097, 0.986125, 0.134372, 0.541109, 0.405231, 0.771513, 0.091577, 0.181164, 0.463904, 0.653357], [0.509709, 0, 0.951669, 0.88062, 0.223493, 0.504843, 0.280597, 0.366621, 0.037932, 0.371354, 0.043918, 0.486138, 0.92557, 0.621929, 0.834268], [0.94982, 0.949278, 0, 0.142023, 0.815577, 0.485864, 0.691631, 0.052599, 0.267088, 0.364471, 0.70399, 0.274134, 0.77539, 0.188437, 0.696794], [0.499125, 0.675733, 0.27535, 0, 0.084676, 0.735175, 0.842134, 0.945853, 0.4359, 0.020137, 0.129379, 0.146585, 0.907031, 0.274815, 0.872797], [0.148937, 0.160882, 0.755377, 0.12935, 0, 0.247814, 0.457799, 0.671272, 0.618114, 0.701267, 0.210826, 0.993692, 0.010122, 0.43953, 0.7361], [0.052317, 0.346347, 0.660466, 0.46182, 0.189494, 0, 0.206697, 0.993677, 0.131821, 0.142823, 0.946342, 0.50737, 0.652358, 0.740901, 0.554241], [0.506761, 0.56726, 0.085472, 0.909094, 0.369527, 0.163503, 0, 0.645383, 0.357143, 0.872967, 0.168316, 0.652482, 0.262774, 0.842454, 0.953634], [0.462577, 0.924445, 0.32013, 0.495817, 0.205793, 0.579052, 0.352967, 0, 0.065248, 0.628839, 0.410145, 0.890026, 0.456372, 0.713298, 0.265018], [0.782219, 0.71866, 0.65586, 0.602616, 0.671264, 0.716112, 0.866292, 0.344301, 0, 0.85403, 0.661233, 0.424745, 0.730251, 0.845223, 0.023104], [0.565362, 0.271634, 0.192299, 0.716185, 0.885562, 0.962504, 0.044314, 0.483023, 0.912932, 0, 0.270863, 0.918383, 0.724321, 0.13096, 0.698714], [0.250315, 0.852728, 0.380116, 0.368468, 0.829775, 0.366202, 0.922263, 0.563611, 0.992122, 0.790634, 0, 0.488051, 0.106623, 0.685555, 0.146033], [0.558114, 0.186393, 0.107926, 0.829205, 0.855195, 0.508892, 0.878342, 0.86518, 0.519282, 0.584634, 0.614143, 0, 0.930844, 0.571711, 0.486585], [0.45894, 0.421095, 0.812964, 0.688068, 0.132679, 0.807148, 0.771683, 0.3102, 0.46791, 0.014771, 0.320694, 0.265498, 0, 0.001893, 0.697233], [0.296838, 0.400882, 0.450333, 0.304865, 0.942554, 0.652627, 0.454374, 0.437048, 0.35394, 0.637431, 0.235289, 0.844448, 0.418656, 0, 0.860804], [0.575666, 0.129201, 0.022745, 0.524944, 0.975637, 0.843685, 0.273294, 0.304986, 0.725908, 0.603028, 0.421377, 0.899447, 0.676108, 0.908614, 0]]}