{"v_num": 15, "mat": [[0, 0.022602, 0.411547, 0.954447, 0.28657, 0.646121, 0.52495, 0.532838, 0.898353, 0.827681, 0.13405, 0.307347, 0.474015, 0.436068, 0.240163], [0.788178, 0, 0.491042, 0.572554, 0.4493, 0.19968, 0.554726, 0.925103, 0.045471, 0.971834, 0.531403, 0.113909, 0.439497, 0.304249, 0.838635], [0.343527, 0.631871, 0, 0.530105, 0.469235, 0.073761, 0.728845, 0.168625, 0.273718, 0.67885, 0.670599, 0.316533, 0.944481, 0.739706, 0.500087], [0.86651, 0.176465, 0.552137, 0, 0.806587, 0.985096, 0.946137, 0.620531, 0.487587, 0.468526, 0.287908, 0.004519, 0.957243, 0.966962, 0.828285], [0.424233, 0.115063, 0.210297, 0.547588, 0, 0.108882, 0.817714, 0.462685, 0.481632, 0.230677, 0.686585, 0.98243, 0.761371, 0.467868, 0.044515], [0.581106, 0.974376, 0.635219, 0.561198, 0.274724, 0, 0.757549, 0.611888, 0.249635, 0.643718, 0.808185, 0.470211, 0.877188, 0.552785, 0.448167], [0.315621, 0.770192, 0.650361, 0.497436, 0.944715, 0.809171, 0, 0.722958, 0.177031, 0.820082, 0.930924, 0.50845, 0.881061, 0.418168, 0.067399], [0.72473, 0.757108, 0.915947, 0.976727, 0.138068, 0.160127, 0.642768, 0, 0.268866, 0.067349, 0.19713, 0.179013, 0.41402, 0.967997, 0.268887], [0.177488, 0.020738, 0.638731, 0.168994, 0.788502, 0.683735, 0.797318, 0.810325, 0, 0.613951, 0.139272, 0.685043, 0.520476, 0.485328, 0.025279], [0.844928, 0.104783, 0.709502, 0.093191, 0.470038, 0.429404, 0.79872, 0.932146, 0.972664, 0, 0.073268, 0.666661, 0.139756, 0.767253, 0.968172], [0.096206, 0.547194, 0.158037, 0.912266, 0.776566, 0.409234, 0.942739, 0.047864, 0.290773, 0.703823, 0, 0.343462, 0.399384, 0.914438, 0.76251], [0.143467, 0.520502, 0.486999, 0.459479, 0.065335, 0.532418, 0.884194, 0.372762, 0.939651, 0.948642, 0.257035, 0, 0.843359, 0.397208, 0.827752], [0.926857, 0.783917, 0.081219, 0.749487, 0.441494, 0.69207, 0.465352, 0.071524, 0.016508, 0.611023, 0.423352, 0.155105, 0, 0.144074, 0.126519], [0.406031, 0.348623, 0.743158, 0.678309, 0.925639, 0.356482, 0.455395, 0.860318, 0.879235, 0.468853, 0.024051, 0.367394, 0.52443, 0, 0.914209], [0.287944, 0.20947, 0.614051, 0.424438, 0.921622, 0.870365, 0.596405, 0.426579, 0.888563, 0.499153, 0.265296, 0.8601, 0.75542, 0.841314, 0]]}