{"v_num": 15, "mat": [[0, 0.987446, 0.727023, 0.728781, 0.578784, 0.240697, 0.14564, 0.949115, 0.873371, 0.508873, 0.744812, 0.203808, 0.714459, 0.930427, 0.028788], [0.142608, 0, 0.626819, 0.346987, 0.747008, 0.417176, 0.077025, 0.668007, 0.575783, 0.436327, 0.190507, 0.381679, 0.828065, 0.659103, 0.790385], [0.298681, 0.702193, 0, 0.757808, 0.845375, 0.552536, 0.087396, 0.346225, 0.061156, 0.699031, 0.802662, 0.716996, 0.352208, 0.285953, 0.005307], [0.502685, 0.792069, 0.094428, 0, 0.589691, 0.594746, 0.950896, 0.856672, 0.88565, 0.626906, 0.667283, 0.665662, 0.368957, 0.083684, 0.395463], [0.786308, 0.627708, 0.224024, 0.530514, 0, 0.153243, 0.776311, 0.942922, 0.367338, 0.243374, 0.652846, 0.919669, 0.812703, 0.149331, 0.488962], [0.504549, 0.088563, 0.804705, 0.234638, 0.180045, 0, 0.713456, 0.03039, 0.548496, 0.484872, 0.952678, 0.706618, 0.693354, 0.51629, 0.983558], [0.283888, 0.366111, 0.811312, 0.475478, 0.918352, 0.47992, 0, 0.394263, 0.72576, 0.175786, 0.392796, 0.465314, 0.428509, 0.964256, 0.458238], [0.372123, 0.174148, 0.41111, 0.526951, 0.888517, 0.781673, 0.902317, 0, 0.911374, 0.664088, 0.248111, 0.935242, 0.954765, 0.168278, 0.320703], [0.724427, 0.543294, 0.95838, 0.096097, 0.804774, 0.654877, 0.459525, 0.776788, 0, 0.933805, 0.042599, 0.604053, 0.777858, 0.9879, 0.739392], [0.417506, 0.60431, 0.674697, 0.287825, 0.486513, 0.284116, 0.310653, 0.609317, 0.568384, 0, 0.170129, 0.138561, 0.469018, 0.198983, 0.0214], [0.687339, 0.579394, 0.73477, 0.193857, 0.192321, 0.416266, 0.015979, 0.539334, 0.057944, 0.391033, 0, 0.216424, 0.531056, 0.788975, 0.026412], [0.48109, 0.705183, 0.681016, 0.869783, 0.199968, 0.560507, 0.493308, 0.843776, 0.703221, 0.118128, 0.01341, 0, 0.830127, 0.096304, 0.995263], [0.935245, 0.494919, 0.282588, 0.726626, 0.679523, 0.381571, 0.920477, 0.356596, 0.363483, 0.141836, 0.610296, 0.480582, 0, 0.992219, 0.917058], [0.71464, 0.778877, 0.218925, 0.808551, 0.614479, 0.964425, 0.86515, 0.315409, 0.189043, 0.451328, 0.129258, 0.586597, 0.713459, 0, 0.915067], [0.141606, 0.362882, 0.415906, 0.867233, 0.266231, 0.601906, 0.712098, 0.46738, 0.511973, 0.640069, 0.052913, 0.289275, 0.089828, 0.990894, 0]]}