{"v_num": 15, "mat": [[0, 0.518225, 0.423922, 0.292438, 0.878866, 0.95875, 0.741279, 0.336786, 0.612535, 0.030038, 0.522778, 0.422584, 0.583427, 0.391928, 0.160758], [0.55292, 0, 0.3901, 0.61358, 0.209176, 0.619281, 0.143255, 0.854331, 0.263564, 0.221164, 0.096855, 0.2861, 0.678909, 0.804252, 0.074969], [0.952915, 0.43652, 0, 0.860825, 0.382516, 0.719997, 0.074001, 0.61541, 0.759704, 0.557719, 0.466685, 0.702111, 0.084958, 0.123111, 0.172595], [0.617889, 0.037174, 0.684322, 0, 0.556552, 0.567857, 0.638435, 0.130451, 0.707729, 0.031073, 0.47814, 0.820932, 0.632847, 0.37748, 0.228773], [0.221674, 0.331942, 0.447852, 0.50712, 0, 0.238281, 0.178676, 0.524651, 0.468224, 0.285293, 0.396229, 0.512269, 0.129071, 0.568814, 0.781437], [0.582919, 0.297507, 0.15511, 0.233723, 0.569721, 0, 0.383537, 0.465467, 0.371403, 0.783967, 0.365264, 0.580111, 0.005338, 0.009997, 0.013128], [0.066576, 0.246668, 0.644712, 0.322462, 0.464161, 0.826368, 0, 0.482689, 0.60196, 0.178969, 0.619776, 0.085838, 0.918844, 0.346979, 0.958588], [0.010378, 0.551726, 0.316172, 0.855975, 0.068561, 0.387872, 0.64295, 0, 0.915089, 0.890088, 0.519768, 0.112454, 0.071792, 0.909028, 0.719858], [0.89898, 0.26316, 0.253539, 0.747996, 0.389642, 0.954934, 0.546832, 0.771998, 0, 0.020434, 0.219827, 0.810384, 0.20435, 0.105182, 0.272922], [0.654063, 0.186225, 0.468197, 0.424501, 0.547535, 0.18966, 0.431743, 0.362969, 0.654488, 0, 0.579564, 0.107353, 0.300896, 0.477042, 0.022308], [0.033575, 0.889525, 0.447994, 0.739677, 0.186785, 0.133047, 0.669687, 0.730652, 0.445097, 0.62965, 0, 0.129814, 0.094656, 0.32642, 0.05154], [0.204836, 0.774301, 0.207636, 0.302243, 0.144674, 0.815107, 0.14943, 0.475053, 0.315608, 0.24297, 0.604957, 0, 0.470039, 0.312705, 0.016268], [0.715572, 0.021228, 0.074039, 0.594581, 0.961029, 0.503865, 0.724453, 0.565458, 0.825181, 0.862952, 0.567257, 0.731473, 0, 0.590204, 0.697646], [0.583643, 0.462495, 0.192326, 0.509614, 0.879375, 0.986271, 0.143239, 0.259582, 0.124043, 0.667197, 0.624841, 0.690527, 0.059384, 0, 0.184475], [0.813317, 0.068421, 0.118413, 0.305402, 0.185288, 0.492727, 0.648528, 0.657389, 0.922523, 0.150148, 0.881405, 0.930021, 0.916272, 0.658662, 0]]}