{"v_num": 15, "mat": [[0, 0.450577, 0.613563, 0.916426, 0.144437, 0.315206, 0.160561, 0.43051, 0.079866, 0.324813, 0.387397, 0.928181, 0.563177, 0.450326, 0.480424], [0.625694, 0, 0.894497, 0.743839, 0.11044, 0.785689, 0.924392, 0.4891, 0.171272, 0.313838, 0.226994, 0.00758, 0.615537, 0.029032, 0.155209], [0.951394, 0.753403, 0, 0.737998, 0.837016, 0.829349, 0.666599, 0.398856, 0.467143, 0.369517, 0.484387, 0.310802, 0.571266, 0.161907, 0.238406], [0.010729, 0.479651, 0.371171, 0, 0.642566, 0.9555, 0.928794, 0.286425, 0.603758, 0.839675, 0.147306, 0.125205, 0.132412, 0.018698, 0.232478], [0.38857, 0.23776, 0.976692, 0.939707, 0, 0.02653, 0.100296, 0.086493, 0.718924, 0.827272, 0.914564, 0.334044, 0.422092, 0.212353, 0.139414], [0.836347, 0.052786, 0.618004, 0.051289, 0.065433, 0, 0.334647, 0.284428, 0.344707, 0.115257, 0.824329, 0.050912, 0.850234, 0.82066, 0.031734], [0.076594, 0.311029, 0.91943, 0.800909, 0.505175, 0.594418, 0, 0.436363, 0.05664, 0.434194, 0.930496, 0.434995, 0.355582, 0.396634, 0.966588], [0.194176, 0.178879, 0.045651, 0.24456, 0.057463, 0.629963, 0.715598, 0, 0.312668, 0.67936, 0.680554, 0.707739, 0.531735, 0.859845, 0.58525], [0.240492, 0.399072, 0.809512, 0.056073, 0.271679, 0.574121, 0.409134, 0.9798, 0, 0.087273, 0.118528, 0.003715, 0.654671, 0.804389, 0.74607], [0.29061, 0.256635, 0.63845, 0.124796, 0.765542, 0.595033, 0.647636, 0.119927, 0.233184, 0, 0.0749, 0.889545, 0.543321, 0.994642, 0.666731], [0.768353, 0.60271, 0.722097, 0.165658, 0.994206, 0.009622, 0.357435, 0.0733, 0.081752, 0.653572, 0, 0.238979, 0.995014, 0.727089, 0.605297], [0.633793, 0.953018, 0.877768, 0.762991, 0.927872, 0.429802, 0.739923, 0.358834, 0.596028, 0.323386, 0.954681, 0, 0.39139, 0.778053, 0.881547], [0.088493, 0.455822, 0.809844, 0.197411, 0.004269, 0.892198, 0.414265, 0.613693, 0.188055, 0.088544, 0.960825, 0.199323, 0, 0.639734, 0.113341], [0.94551, 0.854878, 0.961328, 0.134536, 0.239902, 0.786441, 0.57732, 0.720012, 0.644976, 0.182943, 0.114633, 0.145759, 0.202505, 0, 0.220399], [0.156424, 0.465051, 0.364897, 0.269024, 0.050281, 0.047889, 0.278577, 0.127285, 0.897631, 0.72, 0.016019, 0.749798, 0.614394, 0.623825, 0]]}