{"v_num": 15, "mat": [[0, 0.567447, 0.674367, 0.139233, 0.917129, 0.845724, 0.755894, 0.710571, 0.501993, 0.73226, 0.250354, 0.536764, 0.599522, 0.6505, 0.481568], [0.967854, 0, 0.734705, 0.481246, 0.697925, 0.747101, 0.887871, 0.639978, 0.297242, 0.834284, 0.813043, 0.425282, 0.083431, 0.825499, 0.924428], [0.284388, 0.658715, 0, 0.936065, 0.304228, 0.682621, 0.771593, 0.734616, 0.917984, 0.40976, 0.145787, 0.271446, 0.78746, 0.202839, 0.359775], [0.204827, 0.180911, 0.452917, 0, 0.15466, 0.847869, 0.657133, 0.740526, 0.706473, 0.56816, 0.714445, 0.446275, 0.221052, 0.73213, 0.784959], [0.045231, 0.092641, 0.184941, 0.670689, 0, 0.025056, 0.021342, 0.963716, 0.804906, 0.088303, 0.941052, 0.578662, 0.415506, 0.006423, 0.97914], [0.063926, 0.498836, 0.252162, 0.541644, 0.863942, 0, 0.680939, 0.475503, 0.137214, 0.819517, 0.120402, 0.511392, 0.376147, 0.132295, 0.341644], [0.85994, 0.857742, 0.662268, 0.205298, 0.44786, 0.467565, 0, 0.518693, 0.507226, 0.443067, 0.47818, 0.661441, 0.848514, 0.085333, 0.257841], [0.021772, 0.530005, 0.492935, 0.282722, 0.852425, 0.154783, 0.503798, 0, 0.718243, 0.500266, 0.099494, 0.983115, 0.765527, 0.341474, 0.242365], [0.643909, 0.601473, 0.184677, 0.340264, 0.865591, 0.775648, 0.084387, 0.53108, 0, 0.755479, 0.504582, 0.564731, 0.399918, 0.894828, 0.003498], [0.809728, 0.289452, 0.243092, 0.759889, 0.025813, 0.475408, 0.633845, 0.320774, 0.609754, 0, 0.162009, 0.69297, 0.655322, 0.714325, 0.437048], [0.379708, 0.425882, 0.659207, 0.17857, 0.192894, 0.393273, 0.00773, 0.543169, 0.638584, 0.492388, 0, 0.472228, 0.397839, 0.75897, 0.18873], [0.602738, 0.880581, 0.578953, 0.513056, 0.25551, 0.210734, 0.918647, 0.892966, 0.826308, 0.92236, 0.956862, 0, 0.69629, 0.43308, 0.430348], [0.135857, 0.800611, 0.788035, 0.129141, 0.495103, 0.790975, 0.779385, 0.244755, 0.181321, 0.157536, 0.900096, 0.914096, 0, 0.543306, 0.746111], [0.779521, 0.445206, 0.568304, 0.4215, 0.108092, 0.31931, 0.032023, 0.608599, 0.568444, 0.921571, 0.153829, 0.979074, 0.358429, 0, 0.735392], [0.313596, 0.876645, 0.233306, 0.980584, 0.71631, 0.375528, 0.757816, 0.382827, 0.451044, 0.907762, 0.668789, 0.920517, 0.894527, 0.924672, 0]]}