{"v_num": 15, "mat": [[0, 0.674127, 0.894977, 0.925901, 0.737558, 0.1295, 0.50994, 0.660878, 0.179271, 0.320408, 0.531323, 0.583488, 0.246277, 0.440407, 0.318722], [0.861971, 0, 0.02866, 0.118557, 0.163999, 0.262422, 0.248749, 0.550813, 0.073914, 0.744351, 0.280711, 0.398369, 0.893856, 0.5107, 0.599264], [0.476861, 0.7097, 0, 0.224469, 0.226146, 0.240029, 0.648698, 0.143916, 0.621663, 0.649484, 0.583491, 0.485487, 0.778145, 0.344924, 0.293126], [0.835052, 0.162411, 0.228736, 0, 0.156536, 0.77111, 0.45757, 0.412761, 0.501933, 0.917732, 0.77978, 0.040572, 0.764724, 0.915257, 0.881136], [0.355042, 0.610606, 0.753091, 0.071799, 0, 0.615719, 0.645673, 0.454945, 0.099108, 0.5032, 0.906064, 0.143408, 0.751232, 0.057771, 0.899412], [0.651488, 0.436904, 0.612496, 0.314009, 0.316036, 0, 0.065851, 0.230936, 0.61507, 0.881674, 0.532337, 0.931646, 0.534572, 0.623902, 0.181527], [0.171551, 0.643544, 0.412923, 0.597247, 0.502624, 0.982454, 0, 0.938338, 0.653972, 0.665276, 0.268091, 0.925564, 0.849873, 0.321728, 0.716622], [0.49456, 0.919144, 0.39245, 0.910898, 0.516555, 0.952786, 0.788636, 0, 0.888661, 0.913832, 0.394055, 0.417534, 0.479878, 0.847772, 0.416086], [0.511977, 0.836835, 0.497639, 0.86936, 0.137433, 0.121348, 0.200002, 0.590675, 0, 0.769133, 0.577665, 0.426088, 0.384, 0.771034, 0.413569], [0.738957, 0.818155, 0.557612, 0.3469, 0.90057, 0.767664, 0.227334, 0.609773, 0.376938, 0, 0.684556, 0.413223, 0.352668, 0.250086, 0.112518], [0.32541, 0.629273, 0.450271, 0.834518, 0.058099, 0.71815, 0.234116, 0.670015, 0.024399, 0.735935, 0, 0.160937, 0.371288, 0.947327, 0.232591], [0.443969, 0.208824, 0.509275, 0.627858, 0.441183, 0.591288, 0.054695, 0.505696, 0.177752, 0.329776, 0.5711, 0, 0.6395, 0.834186, 0.858066], [0.527413, 0.995309, 0.535711, 0.230764, 0.508382, 0.295385, 0.337398, 0.352031, 0.994193, 0.712398, 0.358598, 0.793635, 0, 0.626427, 0.207263], [0.780938, 0.693002, 0.401547, 0.06183, 0.85319, 0.259618, 0.304984, 0.349503, 0.998207, 0.16764, 0.05465, 0.654743, 0.166091, 0, 0.55527], [0.659006, 0.339949, 0.98897, 0.920142, 0.647604, 0.20078, 0.984379, 0.849585, 0.767883, 0.620128, 0.758138, 0.49857, 0.684724, 0.387432, 0]]}