{"v_num": 15, "mat": [[0, 0.970529, 0.117015, 0.192184, 0.859895, 0.089215, 0.767261, 0.67135, 0.895967, 0.68781, 0.475574, 0.790012, 0.097442, 0.118823, 0.43792], [0.327957, 0, 0.667306, 0.558082, 0.777713, 0.686302, 0.594841, 0.221921, 0.714027, 0.128158, 0.21857, 0.884217, 0.466769, 0.955779, 0.634228], [0.757339, 0.450111, 0, 0.677784, 0.934598, 0.983612, 0.075194, 0.797879, 0.526742, 0.362371, 0.636823, 0.057666, 0.220222, 0.310482, 0.233363], [0.554101, 0.327686, 0.481756, 0, 0.791348, 0.615513, 0.481735, 0.228308, 0.465376, 0.675044, 0.245713, 0.444191, 0.991745, 0.148272, 0.117564], [0.949319, 0.463533, 0.599587, 0.376793, 0, 0.343363, 0.010986, 0.136796, 0.884638, 0.966364, 0.247558, 0.016466, 0.343872, 0.803389, 0.881254], [0.173653, 0.455736, 0.855452, 0.222665, 0.933207, 0, 0.26732, 0.224298, 0.489044, 0.501347, 0.610782, 0.457192, 0.851965, 0.620617, 0.126538], [0.955915, 0.099744, 0.541418, 0.674036, 0.090447, 0.425973, 0, 0.961843, 0.013057, 0.972665, 0.17505, 0.133554, 0.079111, 0.136086, 0.415805], [0.052446, 0.24827, 0.985466, 0.522793, 0.119047, 0.451874, 0.017235, 0, 0.91751, 0.528897, 0.612268, 0.496294, 0.192647, 0.895159, 0.127339], [0.113676, 0.006436, 0.287125, 0.331847, 0.339731, 0.858639, 0.745185, 0.435331, 0, 0.69606, 0.861197, 0.823044, 0.77341, 0.256623, 0.458286], [0.976253, 0.872655, 0.485631, 0.042568, 0.858566, 0.537616, 0.862647, 0.02399, 0.675685, 0, 0.000784, 0.90159, 0.898572, 0.547258, 0.636563], [0.519822, 0.501958, 0.828465, 0.66804, 0.139619, 0.759886, 0.266271, 0.578622, 0.790305, 0.12271, 0, 0.415904, 0.159662, 0.273291, 0.135228], [0.815994, 0.919657, 0.431752, 0.807683, 0.752459, 0.361951, 0.743514, 0.402066, 0.500842, 0.869124, 0.327347, 0, 0.681076, 0.986062, 0.915473], [0.126228, 0.103996, 0.448623, 0.524286, 0.232325, 0.502455, 0.165052, 0.319034, 0.641928, 0.298803, 0.779269, 0.944995, 0, 0.51414, 0.420435], [0.346996, 0.326135, 0.500708, 0.207415, 0.87575, 0.54869, 0.255793, 0.564873, 0.836685, 0.063658, 0.01557, 0.2797, 0.19408, 0, 0.086744], [0.371591, 0.964241, 0.087757, 0.704835, 0.345073, 0.461665, 0.782576, 0.235832, 0.676433, 0.3132, 0.074502, 0.893508, 0.103964, 0.522902, 0]]}