{"v_num": 15, "mat": [[0, 0.72135, 0.159204, 0.143568, 0.853104, 0.686677, 0.589409, 0.28066, 0.991903, 0.181167, 0.765345, 0.427861, 0.945047, 0.188209, 0.862263], [0.929898, 0, 0.443542, 0.225126, 0.500242, 0.260709, 0.204699, 0.483606, 0.565803, 0.806885, 0.459325, 0.285342, 0.903678, 0.205667, 0.111516], [0.007976, 0.693272, 0, 0.811804, 0.59995, 0.952404, 0.321043, 0.633591, 0.748089, 0.747918, 0.24004, 0.45663, 0.602198, 0.668056, 0.755061], [0.010971, 0.090438, 0.845494, 0, 0.764794, 0.767915, 0.708486, 0.605576, 0.333374, 0.674338, 0.004571, 0.113307, 0.836606, 0.55344, 0.07671], [0.62098, 0.668501, 0.247253, 0.096042, 0, 0.341994, 0.600481, 0.692287, 0.778661, 0.686088, 0.211791, 0.799621, 0.992277, 0.369827, 0.119442], [0.619137, 0.731969, 0.433165, 0.345616, 0.999954, 0, 0.46519, 0.127591, 0.612907, 0.549205, 0.907559, 0.824608, 0.541832, 0.732642, 0.823783], [0.168748, 0.263602, 0.768065, 0.830129, 0.740908, 0.57621, 0, 0.54799, 0.701456, 0.370124, 0.028924, 0.222883, 0.809999, 0.076814, 0.643006], [0.580634, 0.249859, 0.541486, 0.004071, 0.005184, 0.871479, 0.485976, 0, 0.907657, 0.771726, 0.426592, 0.364054, 0.100125, 0.117872, 0.577457], [0.738914, 0.913337, 0.973143, 0.942162, 0.00183, 0.065609, 0.647046, 0.701203, 0, 0.025472, 0.446676, 0.211132, 0.636601, 0.86644, 0.793625], [0.776182, 0.376975, 0.42435, 0.42798, 0.483112, 0.004493, 0.056479, 0.955762, 0.224101, 0, 0.762739, 0.093691, 0.175488, 0.088807, 0.972299], [0.531944, 0.855342, 0.04529, 0.988057, 0.903129, 0.784929, 0.185383, 0.127862, 0.323597, 0.072312, 0, 0.824724, 0.60892, 0.757913, 0.671727], [0.647646, 0.417999, 0.739727, 0.977202, 0.635769, 0.888522, 0.65255, 0.360951, 0.617271, 0.728158, 0.664086, 0, 0.113782, 0.430875, 0.405894], [0.912065, 0.720335, 0.548311, 0.123461, 0.446167, 0.712752, 0.595292, 0.166951, 0.942114, 0.740894, 0.195923, 0.814012, 0, 0.89292, 0.895436], [0.245192, 0.643454, 0.546328, 0.235215, 0.099138, 0.248229, 0.893961, 0.145702, 0.963444, 0.130978, 0.07623, 0.551057, 0.006118, 0, 0.28396], [0.576107, 0.728384, 0.654887, 0.731491, 0.68327, 0.128737, 0.443126, 0.750968, 0.565441, 0.560747, 0.103184, 0.858821, 0.16323, 0.660824, 0]]}