{"v_num": 15, "mat": [[0, 0.726833, 0.546259, 0.60802, 0.990466, 0.728673, 0.388924, 0.894932, 0.19699, 0.781947, 0.423526, 0.914544, 0.80271, 0.5473, 0.688569], [0.931745, 0, 0.995726, 0.44716, 0.731014, 0.993579, 0.342407, 0.815581, 0.568545, 0.289013, 0.365951, 0.970756, 0.970427, 0.366214, 0.535512], [0.571817, 0.159116, 0, 0.08469, 0.233669, 0.363269, 0.48355, 0.430858, 0.431001, 0.257882, 0.402593, 0.960435, 0.605686, 0.970146, 0.104175], [0.711839, 0.457, 0.610039, 0, 0.025486, 0.723311, 0.015981, 0.241406, 0.382975, 0.165618, 0.267095, 0.999056, 0.309973, 0.248372, 0.873876], [0.718234, 0.881614, 0.396299, 0.065521, 0, 0.280953, 0.531108, 0.369453, 0.687962, 0.452061, 0.792261, 0.350249, 0.645011, 0.66232, 0.660651], [0.77036, 0.291857, 0.908542, 0.956162, 0.563216, 0, 0.019173, 0.796705, 0.106141, 0.874653, 0.431321, 0.147837, 0.597952, 0.919843, 0.11224], [0.356083, 0.45598, 0.148603, 0.405974, 0.983088, 0.252622, 0, 0.100014, 0.794468, 0.036949, 0.467071, 0.319363, 0.811662, 0.97353, 0.196534], [0.668917, 0.173238, 0.520719, 0.607278, 0.930541, 0.787099, 0.952032, 0, 0.171472, 0.903324, 0.614699, 0.560673, 0.20381, 0.880315, 0.154717], [0.295561, 0.88283, 0.52635, 0.563559, 0.677201, 0.837534, 0.170611, 0.935121, 0, 0.976543, 0.817589, 0.102983, 0.934483, 0.525723, 0.091059], [0.998079, 0.73191, 0.754667, 0.252275, 0.812966, 0.438682, 0.559456, 0.667822, 0.469572, 0, 0.634746, 0.691526, 0.879513, 0.619253, 0.760982], [0.427042, 0.817113, 0.189584, 0.509022, 0.589278, 0.127323, 0.189476, 0.734841, 0.585085, 0.197216, 0, 0.028427, 0.932167, 0.9586, 0.645288], [0.609532, 0.706145, 0.1755, 0.87165, 0.436074, 0.111348, 0.591835, 0.648992, 0.631836, 0.773298, 0.497741, 0, 0.468198, 0.494521, 0.670426], [0.18829, 0.757176, 0.79227, 0.485211, 0.730849, 0.510444, 0.063521, 0.26913, 0.411608, 0.60388, 0.982556, 0.186168, 0, 0.883696, 0.182371], [0.090387, 0.823927, 0.781322, 0.390877, 0.859784, 0.387141, 0.493521, 0.718147, 0.986311, 0.467399, 0.279862, 0.009183, 0.717814, 0, 0.995139], [0.243, 0.865934, 0.721234, 0.227333, 0.510794, 0.056326, 0.090176, 0.158461, 0.074212, 0.084351, 0.832032, 0.42226, 0.823272, 0.035781, 0]]}