{"v_num": 15, "mat": [[0, 0.127455, 0.264416, 0.570813, 0.456852, 0.750214, 0.113077, 0.387283, 0.434114, 0.229452, 0.843411, 0.599492, 0.555718, 0.675249, 0.800177], [0.191387, 0, 0.153228, 0.351093, 0.12593, 0.490052, 0.118509, 0.020262, 0.08392, 0.113259, 0.401313, 0.452686, 0.113254, 0.362712, 0.02043], [0.734544, 0.62553, 0, 0.268605, 0.523777, 0.727142, 0.768503, 0.730931, 0.684095, 0.450065, 0.256163, 0.51017, 0.821063, 0.629217, 0.490951], [0.10241, 0.666742, 0.307205, 0, 0.276838, 0.543652, 0.07033, 0.17048, 0.376614, 0.873325, 0.824798, 0.687602, 0.292085, 0.178145, 0.013938], [0.694464, 0.711884, 0.525125, 0.817698, 0, 0.816242, 0.922422, 0.416012, 0.25985, 0.371805, 0.831905, 0.838758, 0.192283, 0.735263, 0.771278], [0.029828, 0.301567, 0.763039, 0.000186, 0.111088, 0, 0.76705, 0.519518, 0.381422, 0.012988, 0.1958, 0.972166, 0.505188, 0.152407, 0.2644], [0.484997, 0.746351, 0.031019, 0.394536, 0.643947, 0.196827, 0, 0.698935, 0.28241, 0.487501, 0.487478, 0.534617, 0.200363, 0.505018, 0.327216], [0.514189, 0.909488, 0.528887, 0.332699, 0.504365, 0.075905, 0.718099, 0, 0.050427, 0.28478, 0.941147, 0.344212, 0.006983, 0.814626, 0.689909], [0.587253, 0.111897, 0.333711, 0.278376, 0.120897, 0.709613, 0.066021, 0.187984, 0, 0.666122, 0.375109, 0.41063, 0.528564, 0.698128, 0.08607], [0.464994, 0.177632, 0.780738, 0.463406, 0.264127, 0.876238, 0.767563, 0.830677, 0.664471, 0, 0.269631, 0.385487, 0.711306, 0.71056, 0.428704], [0.084781, 0.362091, 0.921716, 0.214541, 0.122435, 0.070077, 0.691397, 0.855355, 0.3131, 0.725715, 0, 0.707239, 0.861124, 0.557847, 0.543906], [0.760442, 0.693776, 0.304093, 0.236201, 0.784983, 0.16214, 0.776174, 0.340598, 0.04977, 0.10552, 0.498723, 0, 0.969468, 0.843365, 0.934216], [0.792152, 0.091002, 0.576434, 0.786125, 0.463676, 0.829908, 0.203126, 0.324784, 0.583222, 0.683638, 0.692124, 0.8829, 0, 0.889201, 0.265385], [0.213473, 0.71883, 0.108389, 0.948591, 0.703496, 0.878671, 0.043025, 0.969241, 0.509997, 0.744702, 0.85744, 0.774165, 0.16487, 0, 0.691153], [0.494652, 0.565476, 0.003855, 0.808968, 0.775336, 0.792446, 0.053681, 0.812962, 0.666062, 0.186216, 0.003637, 0.88828, 0.844427, 0.705742, 0]]}