{"v_num": 15, "mat": [[0, 0.606496, 0.954229, 0.14195, 0.043393, 0.645341, 0.055693, 0.56705, 0.16868, 0.863411, 0.019523, 0.954132, 0.102581, 0.639296, 0.054642], [0.43674, 0, 0.032903, 0.603205, 0.747963, 0.928083, 0.201952, 0.673984, 0.967175, 0.69532, 0.22218, 0.016258, 0.577227, 0.860151, 0.260102], [0.816442, 0.233095, 0, 0.102879, 0.619266, 0.91968, 0.577014, 0.885633, 0.870203, 0.161674, 0.307119, 0.152, 0.338319, 0.728449, 0.173364], [0.741401, 0.45824, 0.931934, 0, 0.839312, 0.762406, 0.540857, 0.044544, 0.805206, 0.096261, 0.29133, 0.188525, 0.150844, 0.689102, 0.997079], [0.624849, 0.643477, 0.780123, 0.931075, 0, 0.50813, 0.349629, 0.393999, 0.414327, 0.047259, 0.947361, 0.359657, 0.929465, 0.217035, 0.28648], [0.193719, 0.02411, 0.648172, 0.114484, 0.437583, 0, 0.800324, 0.021639, 0.045806, 0.709502, 0.033972, 0.172928, 0.684798, 0.91918, 0.817235], [0.533406, 0.609651, 0.902874, 0.888324, 0.050843, 0.031439, 0, 0.308248, 0.009751, 0.338921, 0.159428, 0.509296, 0.412981, 0.784439, 0.258672], [0.45214, 0.975539, 0.267174, 0.172328, 0.889789, 0.743706, 0.685871, 0, 0.713092, 0.721266, 0.602302, 0.367132, 0.43887, 0.265984, 0.597677], [0.911979, 0.179027, 0.840692, 0.350543, 0.434389, 0.723938, 0.058454, 0.69409, 0, 0.768455, 0.5795, 0.326666, 0.321398, 0.68772, 0.77762], [0.619334, 0.461262, 0.260658, 0.919531, 0.036762, 0.402531, 0.52506, 0.426974, 0.583583, 0, 0.700015, 0.712973, 0.023035, 0.908776, 0.118262], [0.460868, 0.413824, 0.058239, 0.548885, 0.438992, 0.3081, 0.748753, 0.811167, 0.222337, 0.790607, 0, 0.205635, 0.072603, 0.375207, 0.149358], [0.797998, 0.02567, 0.380876, 0.775104, 0.867529, 0.946256, 0.652618, 0.596841, 0.870366, 0.654962, 0.827944, 0, 0.344469, 0.78243, 0.745861], [0.8468, 0.858488, 0.301235, 0.270383, 0.612691, 0.642144, 0.011723, 0.448286, 0.111132, 0.582531, 0.06821, 0.365186, 0, 0.330428, 0.124905], [0.367807, 0.859262, 0.584447, 0.536706, 0.778291, 0.826015, 0.605445, 0.29636, 0.781344, 0.537356, 0.311112, 0.865809, 0.138042, 0, 0.154494], [0.623384, 0.929223, 0.23167, 0.748248, 0.100903, 0.654434, 0.441819, 0.798942, 0.770511, 0.689434, 0.33233, 0.390736, 0.321047, 0.368834, 0]]}