{"v_num": 15, "mat": [[0, 0.142749, 0.354106, 0.431658, 0.40462, 0.373197, 0.35377, 0.76775, 0.185228, 0.766985, 0.943065, 0.628167, 0.849554, 0.986357, 0.716315], [0.075338, 0, 0.764429, 0.236479, 0.327742, 0.895567, 0.361483, 0.146192, 0.063626, 0.563711, 0.678722, 0.467917, 0.259682, 0.250729, 0.71227], [0.192947, 0.840243, 0, 0.635628, 0.129962, 0.764194, 0.878146, 0.005062, 0.456688, 0.822118, 0.937727, 0.576472, 0.537881, 0.202403, 0.781158], [0.270512, 0.858894, 0.664941, 0, 0.662077, 0.475751, 0.327312, 0.011415, 0.842586, 0.446043, 0.130865, 0.235622, 0.868077, 0.667762, 0.558979], [0.735105, 0.618711, 0.588368, 0.787604, 0, 0.642101, 0.64355, 0.632776, 0.597749, 0.508411, 0.355498, 0.343281, 0.833618, 0.759093, 0.718457], [0.437589, 0.569803, 0.45423, 0.195596, 0.103307, 0, 0.250452, 0.431053, 0.050618, 0.300094, 0.81118, 0.601705, 0.066418, 0.817808, 0.245631], [0.494089, 0.561117, 0.822555, 0.148281, 0.574618, 0.56859, 0, 0.393342, 0.608797, 0.271225, 0.841538, 0.386437, 0.389646, 0.077267, 0.507064], [0.217654, 0.504117, 0.86693, 0.69362, 0.586577, 0.06512, 0.244408, 0, 0.026555, 0.853305, 0.411032, 0.813215, 0.25382, 0.272382, 0.914647], [0.533903, 0.059752, 0.341773, 0.809018, 0.45003, 0.846823, 0.847178, 0.060197, 0, 0.899111, 0.476362, 0.16324, 0.86902, 0.889418, 0.827635], [0.265402, 0.258474, 0.589786, 0.01229, 0.650361, 0.467316, 0.720565, 0.846879, 0.750957, 0, 0.228346, 0.861823, 0.008083, 0.849613, 0.98904], [0.210517, 0.235803, 0.854607, 0.217635, 0.757451, 0.949149, 0.859347, 0.729985, 0.743997, 0.658154, 0, 0.467558, 0.385982, 0.005693, 0.068893], [0.938877, 0.131274, 0.77759, 0.278056, 0.946398, 0.46752, 0.226211, 0.564206, 0.712014, 0.261308, 0.168493, 0, 0.885702, 0.017195, 0.051826], [0.123045, 0.446345, 0.967406, 0.921666, 0.054307, 0.323383, 0.245237, 0.19508, 0.057327, 0.332205, 0.28156, 0.23686, 0, 0.007537, 0.673107], [0.906853, 0.915252, 0.76703, 0.840384, 0.545087, 0.822471, 0.539046, 0.983078, 0.056343, 0.876534, 0.475588, 0.011279, 0.561569, 0, 0.567233], [0.473799, 0.583312, 0.709775, 0.589549, 0.16387, 0.911826, 0.04387, 0.055262, 0.590647, 0.810249, 0.85094, 0.540993, 0.241673, 0.744371, 0]]}