{"v_num": 15, "mat": [[0, 0.198377, 0.908594, 0.878897, 0.532874, 0.748349, 0.068553, 0.182565, 0.908648, 0.267202, 0.455961, 0.642833, 0.967039, 0.268668, 0.870394], [0.856873, 0, 0.780935, 0.352415, 0.821728, 0.637143, 0.630484, 0.22459, 0.09122, 0.553183, 0.211439, 0.867079, 0.369303, 0.225072, 0.25308], [0.323617, 0.61774, 0, 0.307828, 0.04017, 0.964062, 0.292308, 0.363671, 0.151287, 0.452257, 0.707191, 0.870708, 0.054903, 0.070838, 0.04972], [0.567075, 0.431396, 0.20985, 0, 0.987166, 0.054048, 0.849572, 0.634936, 0.467071, 0.807201, 0.225613, 0.80077, 0.704522, 0.23877, 0.021659], [0.443934, 0.930367, 0.380518, 0.04549, 0, 0.405385, 0.776455, 0.88757, 0.629789, 0.430268, 0.902338, 0.802225, 0.235131, 0.280651, 0.687261], [0.571657, 0.106751, 0.798323, 0.639051, 0.532353, 0, 0.674577, 0.036664, 0.336947, 0.311262, 0.432284, 0.356763, 0.645264, 0.516102, 0.841668], [0.841739, 0.153637, 0.165289, 0.519487, 0.769932, 0.453316, 0, 0.984849, 0.488713, 0.762012, 0.292774, 0.642464, 0.085724, 0.467982, 0.939666], [0.539095, 0.588487, 0.434192, 0.924725, 0.242796, 0.184138, 0.391154, 0, 0.217218, 0.798456, 0.308319, 0.199116, 0.405377, 0.30721, 0.153232], [0.074533, 0.027075, 0.332228, 0.572971, 0.794144, 0.874449, 0.595942, 0.343162, 0, 0.838172, 0.645417, 0.361615, 0.068269, 0.777667, 0.945064], [0.981328, 0.53833, 0.792871, 0.469277, 0.485528, 0.929843, 0.390001, 0.929987, 0.632488, 0, 0.41205, 0.15453, 0.457188, 0.724555, 0.876402], [0.435185, 0.698087, 0.210373, 0.578143, 0.714736, 0.741375, 0.52864, 0.704864, 0.202999, 0.249453, 0, 0.372544, 0.084075, 0.455684, 0.429088], [0.256938, 0.494209, 0.432718, 0.27135, 0.705054, 0.585359, 0.223182, 0.859605, 0.743134, 0.753602, 0.04307, 0, 0.669483, 0.693668, 0.333696], [0.682443, 0.333703, 0.62723, 0.10583, 0.652343, 0.492953, 0.457855, 0.807505, 0.929357, 0.353612, 0.239267, 0.599538, 0, 0.128408, 0.200988], [0.463563, 0.004955, 0.643572, 0.833283, 0.865019, 0.336684, 0.265836, 0.651818, 0.358178, 0.786837, 0.672321, 0.979454, 0.005853, 0, 0.164178], [0.210041, 0.431432, 0.95974, 0.707376, 0.413864, 0.451116, 0.405789, 0.916015, 0.910187, 0.638488, 0.611639, 0.830922, 0.71124, 0.07483, 0]]}