{"v_num": 15, "mat": [[0, 0.048523, 0.281911, 0.413417, 0.082904, 0.335015, 0.984053, 0.110882, 0.75416, 0.873388, 0.739062, 0.776852, 0.801136, 0.543811, 0.055321], [0.047692, 0, 0.727724, 0.808623, 0.433246, 0.815004, 0.122777, 0.084195, 0.067244, 0.094551, 0.685208, 0.55285, 0.6782, 0.265859, 0.495661], [0.244794, 0.395782, 0, 0.871431, 0.03342, 0.062134, 0.846843, 0.548211, 0.784703, 0.313095, 0.058916, 0.885078, 0.458126, 0.615165, 0.624811], [0.202292, 0.794938, 0.826694, 0, 0.496698, 0.109005, 0.65934, 0.16295, 0.853424, 0.92724, 0.169564, 0.849894, 0.641885, 0.482279, 0.008826], [0.222244, 0.025628, 0.550773, 0.302559, 0, 0.952788, 0.648709, 0.616304, 0.000572, 0.564742, 0.271087, 0.421694, 0.348834, 0.619774, 0.196951], [0.68362, 0.807837, 0.784753, 0.357327, 0.266431, 0, 0.040284, 0.274767, 0.704151, 0.986819, 0.545699, 0.174479, 0.39868, 0.798831, 0.935015], [0.752266, 0.651719, 0.237111, 0.213594, 0.553407, 0.209433, 0, 0.223737, 0.054227, 0.799219, 0.903208, 0.086102, 0.569934, 0.876988, 0.247702], [0.525785, 0.096142, 0.967449, 0.789843, 0.741127, 0.425951, 0.056901, 0, 0.563208, 0.173062, 0.24421, 0.943554, 0.348666, 0.231476, 0.041706], [0.469892, 0.860715, 0.466169, 0.100864, 0.092562, 0.533901, 0.547559, 0.948805, 0, 0.500321, 0.676051, 0.313558, 0.431341, 0.557767, 0.305551], [0.918361, 0.68651, 0.695443, 0.32401, 0.469678, 0.688876, 0.913229, 0.911981, 0.078079, 0, 0.515918, 0.270895, 0.323834, 0.921356, 0.889499], [0.024038, 0.554036, 0.266048, 0.812595, 0.48983, 0.131687, 0.370296, 0.201273, 0.976367, 0.810685, 0, 0.988251, 0.173064, 0.032329, 0.615465], [0.003895, 0.19013, 0.20442, 0.674162, 0.927893, 0.05635, 0.036207, 0.413301, 0.401006, 0.89875, 0.071404, 0, 0.546818, 0.510674, 0.704801], [0.178807, 0.464851, 0.263713, 0.689799, 0.165649, 0.455709, 0.389832, 0.974459, 0.854091, 0.583516, 0.390772, 0.316573, 0, 0.251176, 0.776962], [0.122496, 0.817721, 0.934638, 0.730459, 0.121025, 0.400473, 0.862778, 0.058065, 0.56763, 0.164981, 0.515466, 0.522899, 0.91455, 0, 0.381502], [0.101029, 0.634993, 0.712562, 0.879327, 0.682591, 0.417473, 0.447236, 0.752117, 0.623928, 0.222223, 0.197797, 0.010585, 0.606592, 0.009648, 0]]}