{"v_num": 15, "mat": [[0, 0.315419, 0.971342, 0.851179, 0.981735, 0.680604, 0.605691, 0.059914, 0.165275, 0.777085, 0.040659, 0.31493, 0.003622, 0.454402, 0.697166], [0.592902, 0, 0.18539, 0.956928, 0.127221, 0.149165, 0.516702, 0.857049, 0.405776, 0.853364, 0.520658, 0.287552, 0.145112, 0.665581, 0.641517], [0.834577, 0.363152, 0, 0.930161, 0.751438, 0.783168, 0.284338, 0.33242, 0.894237, 0.943294, 0.6139, 0.219365, 0.850664, 0.292729, 0.748315], [0.995089, 0.554768, 0.990454, 0, 0.919318, 0.113026, 0.683701, 0.191892, 0.149167, 0.658195, 0.318044, 0.089047, 0.140933, 0.803703, 0.259032], [0.781313, 0.276924, 0.122706, 0.076415, 0, 0.649317, 0.616571, 0.301847, 0.495476, 0.956014, 0.358794, 0.509701, 0.251446, 0.869715, 0.755976], [0.850447, 0.58805, 0.879278, 0.121044, 0.014072, 0, 0.534969, 0.980134, 0.527858, 0.176748, 0.185655, 0.878865, 0.169077, 0.74041, 0.191472], [0.641713, 0.282264, 0.889995, 0.235358, 0.878854, 0.016711, 0, 0.501975, 0.88352, 0.03076, 0.32338, 0.279939, 0.049416, 0.454663, 0.458507], [0.927746, 0.589704, 0.141153, 0.00587, 0.921162, 0.200619, 0.399808, 0, 0.910231, 0.189748, 0.739537, 0.785488, 0.734347, 0.242737, 0.678255], [0.069565, 0.381742, 0.497246, 0.970235, 0.394618, 0.623013, 0.982126, 0.032238, 0, 0.12468, 0.949959, 0.130965, 0.988513, 0.424274, 0.635583], [0.583157, 0.13406, 0.775644, 0.448134, 0.688956, 0.840338, 0.660016, 0.359067, 0.612608, 0, 0.627763, 0.773664, 0.312915, 0.776198, 0.201947], [0.800089, 0.952002, 0.005969, 0.629686, 0.376178, 0.343801, 0.762781, 0.874558, 0.841283, 0.279794, 0, 0.27004, 0.931163, 0.844954, 0.953865], [0.018955, 0.285915, 0.068875, 0.396849, 0.472916, 0.30925, 0.655248, 0.013567, 0.829731, 0.596669, 0.960579, 0, 0.948587, 0.579474, 0.984034], [0.261762, 0.534583, 0.409806, 0.194141, 0.505105, 0.285742, 0.674959, 0.979868, 0.782603, 0.855547, 0.650938, 0.964941, 0, 0.877237, 0.027604], [0.398023, 0.554083, 0.104921, 0.843202, 0.601036, 0.353585, 0.427158, 0.084241, 0.029908, 0.576033, 0.242511, 0.968992, 0.621847, 0, 0.598765], [0.14179, 0.175071, 0.169022, 0.523382, 0.208019, 0.301334, 0.930814, 0.73961, 0.880295, 0.596966, 0.17688, 0.502793, 0.329506, 0.10904, 0]]}