{"v_num": 15, "mat": [[0, 0.499167, 0.012666, 0.01484, 0.52147, 0.013357, 0.377986, 0.100699, 0.983706, 0.627536, 0.687113, 0.156642, 0.500437, 0.317867, 0.32466], [0.069041, 0, 0.734119, 0.8939, 0.397953, 0.991281, 0.681007, 0.986218, 0.540069, 0.664352, 0.980208, 0.876043, 0.975436, 0.60357, 0.906276], [0.124609, 0.758732, 0, 0.65341, 0.760293, 0.964227, 0.869177, 0.314424, 0.663595, 0.972023, 0.119937, 0.300163, 0.752847, 0.788406, 0.406879], [0.372193, 0.06995, 0.980866, 0, 0.243133, 0.805403, 0.943039, 0.303387, 0.074713, 0.107494, 0.533788, 0.739896, 0.165894, 0.470596, 0.76075], [0.436436, 0.005656, 0.468196, 0.533159, 0, 0.23591, 0.119843, 0.223044, 0.0498, 0.850675, 0.043936, 0.268679, 0.830492, 0.640385, 0.429743], [0.539981, 0.964061, 0.35545, 0.022807, 0.818084, 0, 0.750742, 0.567506, 0.028635, 0.778929, 0.914895, 0.231105, 0.457071, 0.480288, 0.558536], [0.189374, 0.255715, 0.642318, 0.993665, 0.89934, 0.275369, 0, 0.963623, 0.963509, 0.327517, 0.429867, 0.066302, 0.78141, 0.476972, 0.438673], [0.78389, 0.222142, 0.127344, 0.801941, 0.925111, 0.43723, 0.384235, 0, 0.856851, 0.171024, 0.793736, 0.14382, 0.378055, 0.096231, 0.922813], [0.528303, 0.041218, 0.668286, 0.19135, 0.25008, 0.994206, 0.508143, 0.320032, 0, 0.487129, 0.008218, 0.765049, 0.664649, 0.361919, 0.989793], [0.204126, 0.453463, 0.55242, 0.524089, 0.427512, 0.309916, 0.70607, 0.862444, 0.496283, 0, 0.862527, 0.070676, 0.220841, 0.601684, 0.065595], [0.471459, 0.520747, 0.054493, 0.043616, 0.701068, 0.009828, 0.133441, 0.542769, 0.187657, 0.587718, 0, 0.10683, 0.811771, 0.503593, 0.651312], [0.956073, 0.714658, 0.313352, 0.751446, 0.04791, 0.38504, 0.021703, 0.465158, 0.588077, 0.580131, 0.1241, 0, 0.718809, 0.790158, 0.790469], [0.297956, 0.298937, 0.36644, 0.877301, 0.389643, 0.226985, 0.071646, 0.093042, 0.767109, 0.282403, 0.374738, 0.752353, 0, 0.597508, 0.412665], [0.147675, 0.772889, 0.43026, 0.474606, 0.491575, 0.066878, 0.063863, 0.410615, 0.99979, 0.820067, 0.501461, 0.31692, 0.557392, 0, 0.844189], [0.379424, 0.048577, 0.552429, 0.415023, 0.937733, 0.315974, 0.147538, 0.865841, 0.562992, 0.138447, 0.955736, 0.089369, 0.276284, 0.816286, 0]]}