{"v_num": 15, "mat": [[0, 0.402705, 0.852042, 0.361881, 0.652967, 0.425607, 0.19238, 0.512285, 0.596092, 0.515467, 0.196256, 0.422177, 0.533429, 0.03659, 0.962883], [0.989269, 0, 0.991018, 0.048378, 0.848981, 0.637139, 0.54125, 0.705696, 0.648498, 0.036024, 0.10175, 0.08281, 0.312457, 0.066186, 0.272453], [0.260316, 0.077607, 0, 0.61682, 0.403836, 0.328813, 0.738529, 0.474756, 0.657215, 0.583801, 0.74954, 0.442903, 0.888459, 0.516691, 0.040688], [0.264437, 0.575751, 0.724732, 0, 0.531568, 0.558728, 0.554328, 0.080503, 0.763681, 0.508368, 0.806936, 0.800726, 0.722407, 0.341145, 0.111423], [0.711428, 0.517692, 0.653878, 0.089362, 0, 0.674208, 0.382875, 0.527531, 0.258671, 0.253359, 0.235492, 0.179753, 0.144775, 0.251628, 0.74805], [0.368258, 0.974772, 0.689558, 0.027668, 0.658975, 0, 0.428645, 0.637677, 0.131887, 0.114356, 0.788825, 0.538188, 0.146193, 0.342032, 0.815172], [0.012673, 0.602742, 0.585936, 0.145821, 0.371595, 0.96302, 0, 0.041915, 0.867961, 0.330152, 0.096668, 0.780796, 0.932509, 0.511369, 0.302626], [0.635715, 0.341364, 0.76205, 0.024783, 0.189055, 0.895558, 0.762164, 0, 0.033322, 0.403247, 0.296777, 0.632387, 0.151557, 0.532696, 0.657124], [0.315622, 0.501806, 0.587731, 0.170724, 0.351747, 0.347775, 0.394845, 0.168004, 0, 0.978681, 0.941401, 0.977003, 0.698943, 0.631396, 0.109591], [0.850457, 0.053193, 0.204684, 0.601477, 0.792736, 0.146275, 0.272426, 0.122624, 0.69275, 0, 0.259384, 0.370594, 0.427978, 0.203474, 0.042528], [0.66103, 0.829265, 0.760039, 0.783948, 0.38821, 0.694961, 0.927871, 0.28836, 0.275445, 0.73697, 0, 0.881793, 0.534414, 0.287964, 0.987644], [0.601098, 0.440366, 0.988481, 0.294465, 0.878017, 0.336386, 0.060537, 0.983461, 0.262258, 0.034126, 0.988803, 0, 0.529176, 0.330142, 0.26012], [0.805165, 0.668706, 0.620403, 0.913718, 0.773566, 0.877822, 0.766752, 0.4776, 0.098677, 0.328605, 0.168114, 0.828283, 0, 0.835802, 0.202751], [0.400418, 0.312772, 0.40628, 0.651045, 0.18572, 0.869514, 0.381426, 0.667516, 0.897665, 0.656593, 0.101256, 0.549145, 0.476441, 0, 0.120789], [0.260846, 0.973151, 0.174528, 0.50889, 0.066653, 0.397606, 0.251792, 0.868111, 0.063218, 0.534032, 0.72745, 0.284286, 0.864437, 0.37522, 0]]}