{"v_num": 15, "mat": [[0, 0.088847, 0.921416, 0.560578, 0.056489, 0.620959, 0.383603, 0.464396, 0.826033, 0.328775, 0.518664, 0.173293, 0.543093, 0.129282, 0.0526], [0.207215, 0, 0.581844, 0.676993, 0.197097, 0.967832, 0.651095, 0.038584, 0.078681, 0.572432, 0.931292, 0.594527, 0.71645, 0.537175, 0.551117], [0.613942, 0.007993, 0, 0.5317, 0.263108, 0.478188, 0.827383, 0.709511, 0.687736, 0.633353, 0.73543, 0.250874, 0.759363, 0.568007, 0.999286], [0.355098, 0.940621, 0.824271, 0, 0.832907, 0.109855, 0.00529, 0.123829, 0.452202, 0.113306, 0.691661, 0.247836, 0.666602, 0.63558, 0.131657], [0.034066, 0.666634, 0.919479, 0.488953, 0, 0.888255, 0.254272, 0.027795, 0.176087, 0.830069, 0.10551, 0.39968, 0.156495, 0.3802, 0.222307], [0.73041, 0.354151, 0.723256, 0.336477, 0.895944, 0, 0.587425, 0.513389, 0.209568, 0.707159, 0.898777, 0.05459, 0.479067, 0.458593, 0.126679], [0.82657, 0.547581, 0.912354, 0.331125, 0.155175, 0.560977, 0, 0.723369, 0.719003, 0.711037, 0.325727, 0.102878, 0.935041, 0.784077, 0.982216], [0.224259, 0.880058, 0.169579, 0.171168, 0.849594, 0.188102, 0.848598, 0, 0.121599, 0.400939, 0.5825, 0.282005, 0.744216, 0.588667, 0.51707], [0.840534, 0.526497, 0.711553, 0.427077, 0.173989, 0.052969, 0.773411, 0.671191, 0, 0.436975, 0.237107, 0.70209, 0.96644, 0.342982, 0.604296], [0.506423, 0.119752, 0.152027, 0.840597, 0.182848, 0.348296, 0.978802, 0.251432, 0.613532, 0, 0.605369, 0.435033, 0.333345, 0.654275, 0.933494], [0.322931, 0.158539, 0.804333, 0.65196, 0.710852, 0.813818, 0.47905, 0.987333, 0.959361, 0.739634, 0, 0.537534, 0.913996, 0.794015, 0.405316], [0.130077, 0.715451, 0.454332, 0.238427, 0.757191, 0.170595, 0.33638, 0.17389, 0.486405, 0.924436, 0.745672, 0, 0.412281, 0.798559, 0.444795], [0.26017, 0.897637, 0.082793, 0.848695, 0.788754, 0.239494, 0.800997, 0.448778, 0.387907, 0.320878, 0.490624, 0.157675, 0, 0.604823, 0.192288], [0.542957, 0.541023, 0.458183, 0.81628, 0.259862, 0.378188, 0.113647, 0.210595, 0.846519, 0.43634, 0.970178, 0.235814, 0.302865, 0, 0.666588], [0.864059, 0.473127, 0.465543, 0.155916, 0.325031, 0.510193, 0.143555, 0.193487, 0.233029, 0.722985, 0.663241, 0.666606, 0.792137, 0.063131, 0]]}