{"v_num": 15, "mat": [[0, 0.99118, 0.051064, 0.468242, 0.766548, 0.444521, 0.249453, 0.165623, 0.352322, 0.609932, 0.639252, 0.733242, 0.422949, 0.923737, 0.090528], [0.292411, 0, 0.514782, 0.126422, 0.908377, 0.621001, 0.738303, 0.328489, 0.836818, 0.150916, 0.843992, 0.849601, 0.286464, 0.241878, 0.672329], [0.119172, 0.035262, 0, 0.413918, 0.979384, 0.668627, 0.751926, 0.963197, 0.008231, 0.562675, 0.023299, 0.453182, 0.57056, 0.381514, 0.313196], [0.239345, 0.227473, 0.821014, 0, 0.154215, 0.933849, 0.286245, 0.078163, 0.237627, 0.78606, 0.969275, 0.853545, 0.045975, 0.989046, 0.661117], [0.48557, 0.705873, 0.40835, 0.769731, 0, 0.299927, 0.629295, 0.601201, 0.384559, 0.885265, 0.95002, 0.219781, 0.042161, 0.083027, 0.501337], [0.100158, 0.091467, 0.17722, 0.312975, 0.466831, 0, 0.212854, 0.071339, 0.506645, 0.275175, 0.492513, 0.520985, 0.403022, 0.907862, 0.136007], [0.115736, 0.093883, 0.058802, 0.805369, 0.400691, 0.474459, 0, 0.145579, 0.055057, 0.386973, 0.890521, 0.322601, 0.550786, 0.512553, 0.883039], [0.132619, 0.260667, 0.43489, 0.38794, 0.789614, 0.717808, 0.008354, 0, 0.51045, 0.568326, 0.176486, 0.975494, 0.922548, 0.47127, 0.452269], [0.437469, 0.755314, 0.225623, 0.925485, 0.837447, 0.542439, 0.303202, 0.699917, 0, 0.916937, 0.545472, 0.205104, 0.378812, 0.735095, 0.156607], [0.593267, 0.934566, 0.380535, 0.803967, 0.415585, 0.846327, 0.161061, 0.415966, 0.976825, 0, 0.003787, 0.238391, 0.436553, 0.60453, 0.461611], [0.734555, 0.138622, 0.697187, 0.148611, 0.850487, 0.117003, 0.429977, 0.313568, 0.658573, 0.335629, 0, 0.543468, 0.085456, 0.795756, 0.831655], [0.599813, 0.777023, 0.525123, 0.794406, 0.130592, 0.736297, 0.572307, 0.090883, 0.742283, 0.556335, 0.995695, 0, 0.526285, 0.414949, 0.575902], [0.604075, 0.352169, 0.114355, 0.641426, 0.464612, 0.216556, 0.698765, 0.564318, 0.563853, 0.808174, 0.899288, 0.19399, 0, 0.312617, 0.992144], [0.70494, 0.873246, 0.792767, 0.800495, 0.235958, 0.770477, 0.862611, 0.954027, 0.216461, 0.42471, 0.760183, 0.342288, 0.692554, 0, 0.011804], [0.765085, 0.120848, 0.61629, 0.184275, 0.888707, 0.344641, 0.797634, 0.853354, 0.800937, 0.835442, 0.323455, 0.242611, 0.695307, 0.629392, 0]]}