{"v_num": 15, "mat": [[0, 0.801621, 0.639247, 0.276575, 0.53991, 0.827902, 0.066374, 0.938624, 0.451176, 0.888571, 0.388542, 0.980926, 0.86033, 0.905411, 0.964902], [0.543392, 0, 0.877388, 0.433311, 0.345988, 0.266487, 0.38958, 0.487407, 0.683366, 0.046381, 0.034332, 0.889645, 0.201515, 0.22, 0.287451], [0.353984, 0.935585, 0, 0.84633, 0.045804, 0.925556, 0.222351, 0.977924, 0.184892, 0.361864, 0.728877, 0.818118, 0.409549, 0.393872, 0.044969], [0.113583, 0.566425, 0.226671, 0, 0.214652, 0.146331, 0.741221, 0.869366, 0.863465, 0.180858, 0.374421, 0.387402, 0.943688, 0.623506, 0.493538], [0.066035, 0.633069, 0.205938, 0.136669, 0, 0.609364, 0.783702, 0.385176, 0.008233, 0.648006, 0.52495, 0.40461, 0.290167, 0.913994, 0.161823], [0.08258, 0.507565, 0.878942, 0.016045, 0.508613, 0, 0.607176, 0.149814, 0.064563, 0.409425, 0.154166, 0.460302, 0.314019, 0.191626, 0.950849], [0.060948, 0.745901, 0.579227, 0.460039, 0.74377, 0.856506, 0, 0.920251, 0.44241, 0.554578, 0.802694, 0.464378, 0.277488, 0.758764, 0.545103], [0.367433, 0.646946, 0.160031, 0.342016, 0.836267, 0.089351, 0.72691, 0, 0.62663, 0.296041, 0.203014, 0.54514, 0.005623, 0.960044, 0.266859], [0.386852, 0.328719, 0.474051, 0.887402, 0.242879, 0.903751, 0.698405, 0.388114, 0, 0.549728, 0.838425, 0.242622, 0.936605, 0.071427, 0.71534], [0.751614, 0.380931, 0.257614, 0.28209, 0.102774, 0.397527, 0.684448, 0.124108, 0.372788, 0, 0.733044, 0.236164, 0.855158, 0.877312, 0.118049], [0.840935, 0.300166, 0.819423, 0.905317, 0.405674, 0.9045, 0.862066, 0.52669, 0.26359, 0.253777, 0, 0.538259, 0.6965, 0.51462, 0.595265], [0.02539, 0.904714, 0.122499, 0.93126, 0.454797, 0.212696, 0.393751, 0.29662, 0.719218, 0.013452, 0.965427, 0, 0.939703, 0.565005, 0.523232], [0.546919, 0.205111, 0.565272, 0.070924, 0.397997, 0.321869, 0.916876, 0.578962, 0.324219, 0.018822, 0.775751, 0.345865, 0, 0.528679, 0.366626], [0.795924, 0.073652, 0.395986, 0.977327, 0.014623, 0.907261, 0.975955, 0.219702, 0.07452, 0.324277, 0.523611, 0.09785, 0.910986, 0, 0.349621], [0.862003, 0.645508, 0.80372, 0.155217, 0.11101, 0.415477, 0.989372, 0.025564, 0.477405, 0.852778, 0.106051, 0.716397, 0.146863, 0.358743, 0]]}