{"v_num": 15, "mat": [[0, 0.404128, 0.744726, 0.087996, 0.491646, 0.3887, 0.583124, 0.275842, 0.729791, 0.16797, 0.989728, 0.235267, 0.689642, 0.557627, 0.88926], [0.453876, 0, 0.765287, 0.415929, 0.383741, 0.250993, 0.610596, 0.706906, 0.201657, 0.343048, 0.462353, 0.605412, 0.559123, 0.995128, 0.535891], [0.861603, 0.599304, 0, 0.759731, 0.783063, 0.556914, 0.745402, 0.552437, 0.275167, 0.037453, 0.311116, 0.314474, 0.464849, 0.024453, 0.530324], [0.217959, 0.289698, 0.781612, 0, 0.619669, 0.594427, 0.095453, 0.344353, 0.594735, 0.583548, 0.588294, 0.346712, 0.151005, 0.738459, 0.826414], [0.318814, 0.25584, 0.823064, 0.684539, 0, 0.376011, 0.675127, 0.308419, 0.543685, 0.622639, 0.995171, 0.731725, 0.965135, 0.060482, 0.0848], [0.990114, 0.544608, 0.444265, 0.11904, 0.162516, 0, 0.809364, 0.359771, 0.169807, 0.564789, 0.234268, 0.269801, 0.539233, 0.544315, 0.361745], [0.541933, 0.997777, 0.996867, 0.291752, 0.879877, 0.275195, 0, 0.665565, 0.236062, 0.231625, 0.151195, 0.547714, 0.34383, 0.184453, 0.163524], [0.125286, 0.871691, 0.919887, 0.840881, 0.626509, 0.632824, 0.534531, 0, 0.552875, 0.686548, 0.913286, 0.919049, 0.116571, 0.473337, 0.452363], [0.524223, 0.465805, 0.022027, 0.756506, 0.875839, 0.34186, 0.133314, 0.751027, 0, 0.357014, 0.890794, 0.896675, 0.73023, 0.611981, 0.454966], [0.091391, 0.999666, 0.883362, 0.644666, 0.937738, 0.225984, 0.768431, 0.744526, 0.147357, 0, 0.669656, 0.621281, 0.179062, 0.969566, 0.407643], [0.365743, 0.35892, 0.333027, 0.624417, 0.792001, 0.315047, 0.603117, 0.629906, 0.544886, 0.561873, 0, 0.908098, 0.17931, 0.613703, 0.452325], [0.36438, 0.561995, 0.567189, 0.948424, 0.891104, 0.457741, 0.695904, 0.090826, 0.52794, 0.592939, 0.725909, 0, 0.654704, 0.765131, 0.248296], [0.655243, 0.922749, 0.492752, 0.513762, 0.404371, 0.055725, 0.550236, 0.503696, 0.254013, 0.117772, 0.704439, 0.877769, 0, 0.835047, 0.330902], [0.727077, 0.54604, 0.204357, 0.356627, 0.677364, 0.638678, 0.412011, 0.733829, 0.441798, 0.983492, 0.313825, 0.098486, 0.199989, 0, 0.973644], [0.002106, 0.114327, 0.982167, 0.658741, 0.851062, 0.781472, 0.694102, 0.752395, 0.011748, 0.969464, 0.513524, 0.754449, 0.304703, 0.218771, 0]]}