{"v_num": 15, "mat": [[0, 0.276021, 0.861116, 0.750803, 0.767458, 0.297284, 0.880676, 0.763213, 0.204011, 0.47207, 0.495865, 0.549176, 0.346487, 0.341986, 0.511239], [0.209099, 0, 0.833469, 0.379926, 0.596758, 0.509876, 0.396334, 0.454991, 0.590629, 0.596653, 0.075039, 0.452226, 0.473426, 0.951882, 0.346359], [0.479791, 0.822915, 0, 0.247297, 0.52399, 0.252322, 0.605577, 0.914255, 0.200055, 0.313953, 0.477427, 0.277893, 0.165531, 0.662999, 0.212965], [0.202629, 0.40088, 0.857045, 0, 0.956216, 0.414666, 0.968335, 0.112663, 0.036575, 0.959658, 0.252058, 0.141763, 0.116219, 0.819123, 0.305957], [0.10036, 0.799147, 0.860337, 0.323705, 0, 0.185539, 0.084994, 0.818181, 0.900274, 0.372625, 0.589519, 0.07391, 0.693424, 0.176894, 0.61949], [0.879056, 0.414171, 0.208325, 0.62539, 0.517685, 0, 0.079085, 0.067696, 0.659685, 0.200093, 0.00699, 0.789114, 0.934199, 0.292046, 0.233539], [0.905467, 0.582373, 0.556958, 0.683703, 0.130269, 0.588997, 0, 0.48384, 0.079207, 0.989141, 0.398658, 0.217246, 0.452777, 0.031761, 0.970141], [0.343917, 0.296871, 0.521928, 0.978663, 0.023419, 0.190372, 0.337442, 0, 0.543411, 0.496775, 0.723504, 0.693535, 0.310493, 0.661952, 0.633394], [0.530738, 0.195397, 0.544647, 0.796575, 0.446928, 0.714109, 0.696647, 0.487761, 0, 0.550356, 0.368008, 0.498281, 0.558722, 0.635259, 0.655412], [0.885329, 0.698195, 0.937277, 0.923208, 0.95606, 0.59997, 0.606283, 0.517782, 0.118745, 0, 0.986508, 0.453654, 0.194028, 0.13205, 0.175015], [0.296489, 0.557314, 0.66021, 0.923652, 0.969143, 0.063874, 0.612032, 0.462435, 0.09186, 0.538822, 0, 0.376486, 0.267716, 0.199128, 0.523932], [0.136929, 0.965301, 0.86936, 0.797001, 0.556599, 0.746667, 0.089715, 0.310905, 0.648174, 0.330534, 0.996676, 0, 0.600321, 0.571856, 0.550071], [0.521566, 0.558461, 0.560974, 0.886468, 0.87293, 0.402137, 0.423652, 0.158516, 0.030834, 0.544435, 0.444355, 0.48631, 0, 0.04608, 0.496958], [0.284813, 0.714614, 0.758386, 0.987081, 0.642568, 0.533167, 0.319764, 0.527893, 0.061947, 0.953983, 0.622122, 0.531752, 0.241417, 0, 0.039914], [0.465837, 0.599034, 0.992158, 0.035488, 0.220089, 0.96158, 0.794147, 0.855396, 0.288327, 0.172895, 0.137758, 0.788717, 0.168767, 0.390238, 0]]}