{"v_num": 15, "mat": [[0, 0.726507, 0.110181, 0.465316, 0.33535, 0.173597, 0.723935, 0.873352, 0.771338, 0.204481, 0.171822, 0.735409, 0.064113, 0.414899, 0.893477], [0.601419, 0, 0.716455, 0.49817, 0.928696, 0.217388, 0.019264, 0.163877, 0.66486, 0.1988, 0.183156, 0.207986, 0.475897, 0.010613, 0.467959], [0.553409, 0.07454, 0, 0.158452, 0.121083, 0.472156, 0.003349, 0.66598, 0.124293, 0.680483, 0.720627, 0.733258, 0.731736, 0.6374, 0.012155], [0.23505, 0.455176, 0.169999, 0, 0.578014, 0.830531, 0.031045, 0.328473, 0.308473, 0.176757, 0.895782, 0.149755, 0.548699, 0.842956, 0.13613], [0.579639, 0.421315, 0.201043, 0.82864, 0, 0.03228, 0.555814, 0.784452, 0.31449, 0.526097, 0.609674, 0.035532, 0.799896, 0.379432, 0.135025], [0.812837, 0.982239, 0.417048, 0.83438, 0.711362, 0, 0.377898, 0.296986, 0.875289, 0.465796, 0.335795, 0.590798, 0.877671, 0.363806, 0.723161], [0.590304, 0.258142, 0.19847, 0.387832, 0.006804, 0.917149, 0, 0.4374, 0.97622, 0.141654, 0.291427, 0.151696, 0.033885, 0.462562, 0.157473], [0.287251, 0.338593, 0.978738, 0.948016, 0.037585, 0.211807, 0.256664, 0, 0.697823, 0.17098, 0.339835, 0.721514, 0.783681, 0.756123, 0.843445], [0.811522, 0.293384, 0.258721, 0.462191, 0.943545, 0.894948, 0.673873, 0.987421, 0, 0.936376, 0.89057, 0.308985, 0.314579, 0.062915, 0.007206], [0.377185, 0.643554, 0.903396, 0.628218, 0.573888, 0.151803, 0.065968, 0.791247, 0.376704, 0, 0.497116, 0.273642, 0.982695, 0.238744, 0.69628], [0.229859, 0.819224, 0.702027, 0.207692, 0.539954, 0.90887, 0.122949, 0.893865, 0.472746, 0.239538, 0, 0.191572, 0.148867, 0.861734, 0.110094], [0.470881, 0.781176, 0.989855, 0.758891, 0.734653, 0.687613, 0.694394, 0.848062, 0.720787, 0.746139, 0.090139, 0, 0.05882, 0.603723, 0.797521], [0.683539, 0.668863, 0.179407, 0.394029, 0.601042, 0.561703, 0.133764, 0.892523, 0.924629, 0.230376, 0.945346, 0.31954, 0, 0.169189, 0.281467], [0.37924, 0.431335, 0.693193, 0.567277, 0.036546, 0.068393, 0.760321, 0.003782, 0.406547, 0.564248, 0.745022, 0.115546, 0.60177, 0, 0.820632], [0.401617, 0.273355, 0.375864, 0.845372, 0.345515, 0.562025, 0.445265, 0.47649, 0.607572, 0.693406, 0.820007, 0.915762, 0.553088, 0.978556, 0]]}