{"v_num": 15, "mat": [[0, 0.707478, 0.043585, 0.322684, 0.203082, 0.09312, 0.805803, 0.244672, 0.403657, 0.574073, 0.802076, 0.756471, 0.389048, 0.020193, 0.784486], [0.337477, 0, 0.677045, 0.862344, 0.504747, 0.603807, 0.645158, 0.006119, 0.242717, 0.05201, 0.38642, 0.168304, 0.509981, 0.370629, 0.135027], [0.5051, 0.76385, 0, 0.20677, 0.165148, 0.163961, 0.227422, 0.716526, 0.476249, 0.700943, 0.201183, 0.089371, 0.750689, 0.735014, 0.915], [0.567304, 0.862046, 0.652098, 0, 0.926696, 0.515986, 0.267349, 0.327855, 0.221157, 0.04033, 0.77466, 0.628821, 0.084034, 0.360443, 0.009131], [0.281184, 0.090708, 0.213362, 0.332587, 0, 0.448022, 0.098807, 0.416426, 0.898157, 0.526753, 0.939829, 0.856253, 0.135725, 0.088151, 0.651776], [0.362134, 0.371283, 0.833277, 0.044429, 0.979055, 0, 0.223925, 0.962669, 0.803022, 0.663407, 0.959214, 0.89269, 0.937617, 0.968329, 0.36099], [0.796592, 0.016809, 0.57127, 0.712026, 0.052566, 0.818482, 0, 0.719781, 0.993036, 0.511831, 0.916528, 0.373645, 0.935883, 0.520103, 0.81359], [0.263827, 0.306842, 0.903874, 0.15729, 0.102868, 0.274018, 0.146453, 0, 0.495292, 0.23309, 0.740442, 0.201473, 0.833849, 0.526124, 0.53963], [0.942448, 0.233889, 0.504059, 0.321797, 0.199986, 0.032407, 0.21003, 0.728002, 0, 0.159292, 0.491538, 0.576809, 0.330184, 0.831438, 0.088872], [0.249702, 0.490942, 0.619668, 0.193048, 0.331134, 0.471094, 0.557255, 0.410436, 0.168019, 0, 0.1093, 0.912114, 0.10717, 0.44934, 0.868647], [0.87912, 0.720118, 0.714728, 0.206653, 0.211222, 0.538923, 0.183463, 0.432327, 0.123495, 0.224885, 0, 0.304589, 0.082031, 0.276396, 0.044163], [0.292763, 0.067137, 0.05861, 0.940843, 0.170739, 0.50768, 0.246782, 0.552771, 0.915924, 0.992721, 0.429588, 0, 0.840194, 0.836285, 0.291346], [0.414567, 0.174148, 0.046155, 0.37876, 0.989344, 0.883751, 0.763004, 0.97872, 0.662931, 0.533255, 0.367656, 0.404486, 0, 0.215823, 0.099648], [0.060708, 0.603407, 0.513216, 0.936261, 0.9856, 0.369923, 0.614196, 0.637972, 0.234391, 0.432929, 0.578068, 0.512753, 0.209643, 0, 0.895391], [0.871546, 0.499937, 0.946357, 0.200849, 0.92634, 0.503533, 0.449621, 0.781722, 0.333583, 0.365267, 0.394302, 0.06456, 0.921388, 0.217523, 0]]}