{"v_num": 15, "mat": [[0, 0.489975, 0.776802, 0.552959, 0.006912, 0.858749, 0.43145, 0.320169, 0.864479, 0.127701, 0.423338, 0.515962, 0.26292, 0.07133, 0.5209], [0.570031, 0, 0.177268, 0.870742, 0.343375, 0.801922, 0.57296, 0.011576, 0.856858, 0.379179, 0.271475, 0.117039, 0.774821, 0.619607, 0.416287], [0.258429, 0.63204, 0, 0.94857, 0.853047, 0.650577, 0.136441, 0.750615, 0.04632, 0.105215, 0.789927, 0.248272, 0.671286, 0.039213, 0.943488], [0.27914, 0.649354, 0.181279, 0, 0.171537, 0.867353, 0.209282, 0.946327, 0.629734, 0.887671, 0.395451, 0.703116, 0.942787, 0.273656, 0.087093], [0.196481, 0.17478, 0.05544, 0.125173, 0, 0.86294, 0.125157, 0.264809, 0.133805, 0.15069, 0.811207, 0.16744, 0.40193, 0.060428, 0.738389], [0.356919, 0.630533, 0.517627, 0.524345, 0.894688, 0, 0.125888, 0.445617, 0.302734, 0.758562, 0.033033, 0.750672, 0.404718, 0.20596, 0.786392], [0.537096, 0.055531, 0.40082, 0.041878, 0.577896, 0.763333, 0, 0.667858, 0.362549, 0.536149, 0.156632, 0.341259, 0.235402, 0.231657, 0.111151], [0.8918, 0.839107, 0.826532, 0.295915, 0.615419, 0.374703, 0.738594, 0, 0.837899, 0.18585, 0.05879, 0.036352, 0.030334, 0.436573, 0.864029], [0.564795, 0.005096, 0.435545, 0.823507, 0.381299, 0.856991, 0.465196, 0.606195, 0, 0.766932, 0.671692, 0.528976, 0.328061, 0.686102, 0.156234], [0.312719, 0.692063, 0.4822, 0.012492, 0.233322, 0.807613, 0.453863, 0.656393, 0.299302, 0, 0.279581, 0.124899, 0.44491, 0.788257, 0.542406], [0.52841, 0.120903, 0.300631, 0.848621, 0.498259, 0.041743, 0.165187, 0.093808, 0.595752, 0.278895, 0, 0.190682, 0.624252, 0.950111, 0.911774], [0.859429, 0.723819, 0.288959, 0.450415, 0.426333, 0.862073, 0.977539, 0.567719, 0.80175, 0.213572, 0.540199, 0, 0.637438, 0.455559, 0.807928], [0.676412, 0.914283, 0.474238, 0.168065, 0.369043, 0.281053, 0.193658, 0.415899, 0.462963, 0.530031, 0.609469, 0.00588, 0, 0.466271, 0.244178], [0.210802, 0.146109, 0.158671, 0.454368, 0.136333, 0.243725, 0.871453, 0.596802, 0.167921, 0.618934, 0.669531, 0.650104, 0.966167, 0, 0.087083], [0.770743, 0.350905, 0.977994, 0.282368, 0.060189, 0.09307, 0.56158, 0.537112, 0.428143, 0.834574, 0.205265, 0.374223, 0.216669, 0.417559, 0]]}