{"v_num": 15, "mat": [[0, 0.433283, 0.825113, 0.477475, 0.152177, 0.902252, 0.602602, 0.116237, 0.280456, 0.284541, 0.609359, 0.632905, 0.600791, 0.310906, 0.311444], [0.20615, 0, 0.485539, 0.869959, 0.435861, 0.01484, 0.584492, 0.68988, 0.806149, 0.336671, 0.62725, 0.768016, 0.331271, 0.383683, 0.758758], [0.930125, 0.592608, 0, 0.764271, 0.877622, 0.81994, 0.016845, 0.081593, 0.213176, 0.498626, 0.756873, 0.115076, 0.640322, 0.731064, 0.879282], [0.945494, 0.841127, 0.903967, 0, 0.814816, 0.269956, 0.556431, 0.579752, 0.422388, 0.937713, 0.97981, 0.343714, 0.120795, 0.147166, 0.735878], [0.725275, 0.476643, 0.969455, 0.722918, 0, 0.340757, 0.991262, 0.699599, 0.309176, 0.00947, 0.188586, 0.14705, 0.053944, 0.173724, 0.732068], [0.21731, 0.187904, 0.199122, 0.977559, 0.7316, 0, 0.331644, 0.018015, 0.226847, 0.692293, 0.37244, 0.790062, 0.9806, 0.502171, 0.217214], [0.499526, 0.468621, 0.492736, 0.391065, 0.652631, 0.903451, 0, 0.530911, 0.478613, 0.151851, 0.542706, 0.733123, 0.177989, 0.083643, 0.832589], [0.466639, 0.701872, 0.454043, 0.426934, 0.985674, 0.658469, 0.873293, 0, 0.341122, 0.330369, 0.194321, 0.467917, 0.895974, 0.015501, 0.255023], [0.523489, 0.315282, 0.531859, 0.667573, 0.113636, 0.487228, 0.85006, 0.637279, 0, 0.286183, 0.926061, 0.753377, 0.267785, 0.710723, 0.585437], [0.978922, 0.005388, 0.867796, 0.886217, 0.457387, 0.951135, 0.594158, 0.175641, 0.68265, 0, 0.955671, 0.489079, 0.057383, 0.695948, 0.998694], [0.286795, 0.024852, 0.538747, 0.328637, 0.053556, 0.346179, 0.798509, 0.792901, 0.886824, 0.184556, 0, 0.827574, 0.831665, 0.539132, 0.649499], [0.976759, 0.251629, 0.566176, 0.945739, 0.893461, 0.706847, 0.719019, 0.365603, 0.751444, 0.171253, 0.553601, 0, 0.958617, 0.815082, 0.810019], [0.953814, 0.831611, 0.009835, 0.75087, 0.363951, 0.551757, 0.254306, 0.855173, 0.309559, 0.279971, 0.77131, 0.735546, 0, 0.106906, 0.136599], [0.657314, 0.917507, 0.147535, 0.637825, 0.506551, 0.895278, 0.336881, 0.154816, 0.523891, 0.468614, 0.291016, 0.818583, 0.531444, 0, 0.856757], [0.102454, 0.055649, 0.643696, 0.059788, 0.528327, 0.717735, 0.068264, 0.592892, 0.104339, 0.553104, 0.77903, 0.359044, 0.79857, 0.783636, 0]]}