{"v_num": 15, "mat": [[0, 0.152753, 0.680673, 0.153694, 0.26403, 0.145592, 0.470018, 0.799613, 0.950418, 0.590311, 0.875676, 0.551382, 0.99368, 0.211197, 0.660971], [0.330596, 0, 0.331556, 0.083949, 0.573832, 0.004991, 0.208675, 0.047788, 0.765598, 0.788653, 0.172472, 0.859955, 0.563869, 0.77573, 0.542658], [0.320772, 0.458774, 0, 0.575422, 0.183235, 0.882054, 0.76212, 0.765135, 0.804667, 0.958445, 0.725989, 0.964212, 0.011041, 0.687556, 0.920968], [0.64572, 0.383982, 0.180935, 0, 0.357534, 0.434106, 0.74397, 0.364211, 0.551967, 0.553715, 0.618139, 0.311748, 0.37811, 0.211966, 0.297798], [0.160038, 0.652713, 0.655253, 0.533452, 0, 0.683535, 0.804195, 0.718447, 0.403644, 0.496309, 0.696406, 0.632533, 0.677939, 0.991124, 0.859332], [0.416971, 0.319128, 0.678063, 0.769523, 0.869652, 0, 0.330983, 0.517253, 0.793004, 0.541612, 0.355902, 0.500274, 0.57637, 0.5008, 0.881938], [0.193458, 0.719374, 0.158106, 0.065453, 0.74226, 0.925842, 0, 0.585578, 0.449701, 0.393536, 0.89067, 0.182381, 0.356412, 0.798487, 0.48781], [0.308677, 0.446668, 0.632794, 0.784574, 0.444572, 0.389859, 0.005467, 0, 0.109912, 0.102128, 0.189372, 0.016234, 0.654029, 0.945841, 0.793614], [0.397507, 0.206853, 0.349497, 0.314625, 0.587757, 0.144316, 0.662349, 0.995453, 0, 0.724079, 0.883718, 0.019227, 0.205137, 0.630615, 0.414565], [0.068578, 0.200367, 0.002766, 0.661192, 0.860413, 0.294005, 0.119425, 0.911099, 0.774159, 0, 0.375055, 0.652553, 0.400302, 0.125209, 0.924702], [0.699614, 0.199898, 0.170103, 0.892574, 0.144249, 0.060069, 0.176251, 0.523571, 0.229629, 0.867967, 0, 0.699523, 0.902414, 0.242417, 0.610652], [0.83175, 0.242708, 0.028788, 0.065468, 0.731066, 0.092057, 0.555683, 0.513032, 0.042682, 0.279489, 0.072301, 0, 0.825812, 0.345231, 0.286075], [0.967601, 0.946605, 0.001161, 0.472322, 0.600651, 0.094535, 0.319223, 0.896156, 0.343536, 0.291131, 0.610264, 0.246458, 0, 0.574853, 0.094492], [0.446617, 0.522499, 0.15813, 0.843474, 0.993436, 0.954098, 0.415536, 0.190438, 0.501329, 0.85014, 0.721236, 0.747347, 0.196043, 0, 0.422424], [0.71167, 0.728718, 0.718484, 0.042884, 0.503917, 0.941803, 0.942512, 0.830418, 0.15567, 0.427461, 0.248464, 0.921532, 0.996671, 0.281041, 0]]}