{"v_num": 15, "mat": [[0, 0.46687, 0.137046, 0.903808, 0.001805, 0.032648, 0.077392, 0.134881, 0.761794, 0.834493, 0.716579, 0.676428, 0.11704, 0.052204, 0.444147], [0.566177, 0, 0.858187, 0.353778, 0.024185, 0.215595, 0.380784, 0.456877, 0.717468, 0.814684, 0.500442, 0.669811, 0.003335, 0.636207, 0.252657], [0.263889, 0.738933, 0, 0.516506, 0.308633, 0.93361, 0.949269, 0.683593, 0.37288, 0.19861, 0.678809, 0.032748, 0.339816, 0.99962, 0.1301], [0.586427, 0.50262, 0.464618, 0, 0.581363, 0.77082, 0.988942, 0.9768, 0.009052, 0.407499, 0.466014, 0.483055, 0.339452, 0.219933, 0.831353], [0.585651, 0.571122, 0.876291, 0.234057, 0, 0.240346, 0.047988, 0.419206, 0.583656, 0.36181, 0.039325, 0.455567, 0.60537, 0.75143, 0.371303], [0.774624, 0.369541, 0.696587, 0.16369, 0.848299, 0, 0.627658, 0.808279, 0.699026, 0.959156, 0.391023, 0.067309, 0.169756, 0.155639, 0.034113], [0.618421, 0.660303, 0.042295, 0.720668, 0.676969, 0.333389, 0, 0.614007, 0.474017, 0.13131, 0.252386, 0.163089, 0.042565, 0.221728, 0.932439], [0.030788, 0.190871, 0.56356, 0.799885, 0.878795, 0.123805, 0.730801, 0, 0.356182, 0.85278, 0.303302, 0.806456, 0.738558, 0.714852, 0.050469], [0.214504, 0.817801, 0.881232, 0.258687, 0.169669, 0.73127, 0.114852, 0.133866, 0, 0.313495, 0.553437, 0.280958, 0.102772, 0.441502, 0.316364], [0.842549, 0.672496, 0.196266, 0.400822, 0.508281, 0.363092, 0.335935, 0.940802, 0.83094, 0, 0.990732, 0.568651, 0.824464, 0.413268, 0.913352], [0.305311, 0.29798, 0.096443, 0.954656, 0.626562, 0.121137, 0.483758, 0.805633, 0.00976, 0.829035, 0, 0.236886, 0.219316, 0.936517, 0.603726], [0.154705, 0.453454, 0.401949, 0.827062, 0.725974, 0.685926, 0.153316, 0.829839, 0.264132, 0.772627, 0.040592, 0, 0.963417, 0.819118, 0.68643], [0.412152, 0.362268, 0.786563, 0.106626, 0.828995, 0.977456, 0.47663, 0.773601, 0.397965, 0.928414, 0.737758, 0.824469, 0, 0.10545, 0.788579], [0.264852, 0.584277, 0.413015, 0.208833, 0.331362, 0.252767, 0.590406, 0.022114, 0.01727, 0.329118, 0.123168, 0.957863, 0.344727, 0, 0.718931], [0.279382, 0.584533, 0.166064, 0.058048, 0.859608, 0.57952, 0.760619, 0.807777, 0.311242, 0.357446, 0.088445, 0.033539, 0.036904, 0.026798, 0]]}