{"v_num": 15, "mat": [[0, 0.91261, 0.611321, 0.916939, 0.984154, 0.793813, 0.84993, 0.846671, 0.164622, 0.820134, 0.961687, 0.824239, 0.360793, 0.766881, 0.181518], [0.90988, 0, 0.20852, 0.033186, 0.345204, 0.98028, 0.793486, 0.501225, 0.332563, 0.260621, 0.291335, 0.106544, 0.861798, 0.980195, 0.838789], [0.23525, 0.466796, 0, 0.55637, 0.225709, 0.512868, 0.565403, 0.10199, 0.679344, 0.348108, 0.368218, 0.582232, 0.427638, 0.448548, 0.958634], [0.659501, 0.769762, 0.745015, 0, 0.416185, 0.326246, 0.016885, 0.024177, 0.521098, 0.397883, 0.499718, 0.293579, 0.169361, 0.709829, 0.086617], [0.589576, 0.948779, 0.833464, 0.957959, 0, 0.554586, 0.810807, 0.783973, 0.581092, 0.16164, 0.632486, 0.342103, 0.554406, 0.883455, 0.191831], [0.772646, 0.067881, 0.704125, 0.203075, 0.769564, 0, 0.607784, 0.59626, 0.732291, 0.896743, 0.388026, 0.461565, 0.747281, 0.535625, 0.799103], [0.579572, 0.687339, 0.086188, 0.800503, 0.864885, 0.209898, 0, 0.668654, 0.854877, 0.762657, 0.332857, 0.521496, 0.798017, 0.656182, 0.702631], [0.346142, 0.330069, 0.414567, 0.198991, 0.059064, 0.496825, 0.342601, 0, 0.105117, 0.697051, 0.878405, 0.659043, 0.712932, 0.215271, 0.422671], [0.767141, 0.235983, 0.762958, 0.758638, 0.635557, 0.757699, 0.832102, 0.478963, 0, 0.576485, 0.142623, 0.062439, 0.422894, 0.618462, 0.290779], [0.661621, 0.049056, 0.480795, 0.234916, 0.447394, 0.303233, 0.02279, 0.246995, 0.237642, 0, 0.989206, 0.461368, 0.962211, 0.738897, 0.447817], [0.126645, 0.508481, 0.594109, 0.227098, 0.148956, 0.764165, 0.790439, 0.586616, 0.473702, 0.242042, 0, 0.318709, 0.885754, 0.940281, 0.494075], [0.970516, 0.055125, 0.250489, 0.992668, 0.723704, 0.596756, 0.4018, 0.531368, 0.117374, 0.254622, 0.440709, 0, 0.0868, 0.779967, 0.301865], [0.416255, 0.834544, 0.437859, 0.825557, 0.997524, 0.171493, 0.04276, 0.254171, 0.384529, 0.112922, 0.002889, 0.281577, 0, 0.62984, 0.073024], [0.402126, 0.088244, 0.690707, 0.345691, 0.343884, 0.401659, 0.640287, 0.800547, 0.348604, 0.115773, 0.07217, 0.813435, 0.471059, 0, 0.703108], [0.877129, 0.36827, 0.796578, 0.302004, 0.468957, 0.572389, 0.921387, 0.324557, 0.111493, 0.336415, 0.24381, 0.188257, 0.855647, 0.687431, 0]]}