{"v_num": 15, "mat": [[0, 0.290457, 0.770819, 0.185664, 0.089888, 0.860173, 0.372413, 0.043929, 0.650275, 0.153824, 0.980355, 0.781738, 0.542107, 0.14884, 0.952934], [0.353723, 0, 0.659458, 0.023563, 0.648243, 0.153162, 0.091802, 0.979185, 0.59014, 0.40111, 0.909926, 0.262528, 0.710144, 0.624497, 0.020568], [0.621644, 0.979497, 0, 0.985441, 0.227701, 0.209662, 0.538678, 0.041573, 0.233312, 0.619221, 0.441826, 0.381989, 0.71286, 0.640908, 0.931673], [0.793868, 0.938015, 0.078125, 0, 0.138987, 0.823348, 0.183891, 0.843642, 0.30982, 0.524941, 0.737603, 0.892142, 0.049096, 0.354289, 0.88017], [0.465844, 0.7638, 0.448743, 0.070999, 0, 0.932963, 0.6753, 0.213579, 0.624696, 0.855875, 0.248647, 0.130205, 0.645057, 0.368978, 0.910097], [0.537443, 0.077466, 0.225366, 0.378822, 0.749553, 0, 0.452039, 0.936475, 0.723683, 0.09334, 0.853076, 0.399786, 0.982198, 0.704438, 0.044448], [0.849146, 0.3995, 0.776553, 0.017617, 0.380096, 0.178131, 0, 0.231348, 0.364762, 0.977736, 0.533552, 0.247091, 0.077846, 0.743592, 0.564684], [0.302867, 0.765661, 0.415123, 0.65346, 0.757676, 0.712592, 0.73026, 0, 0.92894, 0.83778, 0.677505, 0.783513, 0.514735, 0.895536, 0.845162], [0.250876, 0.129151, 0.564253, 0.592875, 0.845932, 0.401119, 0.291177, 0.878652, 0, 0.292795, 0.720494, 0.188785, 0.504507, 0.687155, 0.196242], [0.330153, 0.274264, 0.06457, 0.922991, 0.590971, 0.243202, 0.847241, 0.524792, 0.582456, 0, 0.181796, 0.112637, 0.11378, 0.26922, 0.597999], [0.653134, 0.557533, 0.237554, 0.872724, 0.297194, 0.788848, 0.139418, 0.233608, 0.209065, 0.341614, 0, 0.095356, 0.685636, 0.872376, 0.365471], [0.945541, 0.224432, 0.030069, 0.412719, 0.301731, 0.567495, 0.925383, 0.988447, 0.203701, 0.761893, 0.140857, 0, 0.926078, 0.964439, 0.680456], [0.6004, 0.158657, 0.130341, 0.662408, 0.733023, 0.206322, 0.762064, 0.866942, 0.19577, 0.073583, 0.427428, 0.854109, 0, 0.698208, 0.457233], [0.556274, 0.102259, 0.723701, 0.47203, 0.05726, 0.793908, 0.82937, 0.937756, 0.138459, 0.292983, 0.582456, 0.345724, 0.883641, 0, 0.544628], [0.639274, 0.739312, 0.028831, 0.258383, 0.432882, 0.241176, 0.928896, 0.305969, 0.960971, 0.055665, 0.649607, 0.904215, 0.657218, 0.219936, 0]]}