{"v_num": 15, "mat": [[0, 0.585758, 0.860077, 0.653475, 0.304374, 0.213861, 0.430022, 0.943686, 0.155399, 0.937693, 0.260615, 0.550221, 0.866265, 0.304739, 0.736391], [0.484081, 0, 0.328935, 0.812029, 0.535705, 0.739243, 0.939776, 0.159368, 0.112163, 0.229641, 0.513729, 0.496885, 0.888613, 0.61791, 0.474238], [0.10608, 0.753904, 0, 0.750439, 0.76504, 0.647647, 0.902102, 0.187484, 0.701686, 0.59384, 0.731164, 0.490329, 0.925041, 0.035986, 0.59809], [0.305239, 0.750894, 0.529412, 0, 0.790845, 0.554371, 0.345022, 0.732574, 0.656924, 0.611919, 0.176135, 0.189737, 0.179517, 0.933085, 0.268198], [0.093661, 0.860955, 0.782825, 0.462755, 0, 0.266562, 0.261171, 0.898333, 0.825039, 0.187555, 0.527051, 0.828176, 0.093597, 0.155319, 0.285931], [0.833866, 0.503254, 0.913304, 0.550274, 0.309036, 0, 0.041268, 0.441386, 0.083764, 0.169569, 0.30008, 0.61584, 0.547163, 0.326898, 0.436487], [0.190044, 0.112364, 0.981398, 0.792573, 0.255861, 0.874126, 0, 0.165957, 0.706215, 0.838597, 0.928192, 0.908443, 0.999492, 0.292502, 0.91023], [0.837338, 0.957355, 0.46064, 0.32134, 0.181425, 0.969484, 0.554184, 0, 0.919187, 0.504704, 0.444624, 0.134009, 0.628108, 0.009859, 0.111782], [0.316473, 0.594439, 0.598041, 0.82479, 0.938935, 0.713599, 0.583741, 0.63388, 0, 0.861561, 0.202074, 0.74412, 0.201864, 0.212357, 0.204981], [0.111748, 0.47859, 0.730775, 0.025052, 0.156698, 0.584948, 0.92667, 0.47289, 0.48491, 0, 0.345487, 0.805903, 0.600384, 0.780603, 0.040951], [0.499061, 0.551174, 0.369582, 0.765978, 0.944286, 0.321989, 0.663442, 0.583842, 0.903815, 0.263365, 0, 0.700548, 0.10191, 0.064492, 0.82598], [0.170302, 0.202487, 0.39573, 0.338143, 0.214261, 0.809004, 0.129525, 0.738682, 0.863423, 0.256758, 0.791855, 0, 0.704034, 0.5406, 0.97449], [0.346302, 0.978441, 0.239762, 0.71655, 0.024778, 0.13084, 0.127863, 0.921351, 0.54949, 0.364615, 0.185651, 0.509675, 0, 0.228196, 0.044422], [0.184029, 0.681173, 0.758818, 0.065571, 0.326103, 0.180751, 0.678516, 0.59339, 0.828343, 0.812928, 0.207556, 0.721462, 0.492847, 0, 0.841808], [0.216543, 0.673761, 0.737133, 0.332849, 0.541846, 0.773731, 0.903988, 0.243047, 0.157391, 0.587353, 0.093316, 0.133544, 0.433788, 0.723972, 0]]}