{"v_num": 15, "mat": [[0, 0.649527, 0.324027, 0.904447, 0.440985, 0.704626, 0.083383, 0.579368, 0.983674, 0.60392, 0.085685, 0.512373, 0.613645, 0.934473, 0.681873], [0.381589, 0, 0.137231, 0.551799, 0.838748, 0.819835, 0.626101, 0.735358, 0.028905, 0.8044, 0.361941, 0.072276, 0.268652, 0.516894, 0.363], [0.584639, 0.96965, 0, 0.46386, 0.574715, 0.188628, 0.222223, 0.17468, 0.380752, 0.138551, 0.395681, 0.232018, 0.620513, 0.66701, 0.139477], [0.340006, 0.482144, 0.818179, 0, 0.814789, 0.037247, 0.294397, 0.610584, 0.256077, 0.17529, 0.79619, 0.613423, 0.701131, 0.622848, 0.821727], [0.264202, 0.551112, 0.740745, 0.734307, 0, 0.15946, 0.088769, 0.007952, 0.37234, 0.211275, 0.265139, 0.049653, 0.369975, 0.447727, 0.033106], [0.755663, 0.48043, 0.821001, 0.03349, 0.259442, 0, 0.395329, 0.661547, 0.195657, 0.422414, 0.189925, 0.197543, 0.646068, 0.080749, 0.611838], [0.59035, 0.313349, 0.82683, 0.697668, 0.78606, 0.960722, 0, 0.96552, 0.098908, 0.630189, 0.001116, 0.564826, 0.721474, 0.083494, 0.980987], [0.720488, 0.340723, 0.500088, 0.452954, 0.431371, 0.086597, 0.019845, 0, 0.546064, 0.44477, 0.850801, 0.544132, 0.892358, 0.483851, 0.147135], [0.726324, 0.888731, 0.535336, 0.778257, 0.335949, 0.747979, 0.84091, 0.975416, 0, 0.01846, 0.791269, 0.960313, 0.967426, 0.09326, 0.044344], [0.524031, 0.821166, 0.924814, 0.195751, 0.139671, 0.501637, 0.974955, 0.323658, 0.623517, 0, 0.932868, 0.753783, 0.846638, 0.431683, 0.894486], [0.771241, 0.196603, 0.642671, 0.122642, 0.939782, 0.360994, 0.215197, 0.019341, 0.28987, 0.100854, 0, 0.241344, 0.119834, 0.651921, 0.177658], [0.155962, 0.610077, 0.160294, 0.291328, 0.35054, 0.515505, 0.010553, 0.691111, 0.068726, 0.182609, 0.715015, 0, 0.096924, 0.489366, 0.91002], [0.214191, 0.176875, 0.196237, 0.359376, 0.881924, 0.489067, 0.151027, 0.616715, 0.582287, 0.86406, 0.293175, 0.586948, 0, 0.117481, 0.304804], [0.349941, 0.542495, 0.840713, 0.745014, 0.606344, 0.484848, 0.352572, 0.736929, 0.551841, 0.157583, 0.922274, 0.149464, 0.575272, 0, 0.266209], [0.74857, 0.063964, 0.453205, 0.073513, 0.951802, 0.985447, 0.983909, 0.910029, 0.071842, 0.110876, 0.258637, 0.896025, 0.91223, 0.01651, 0]]}