{"v_num": 15, "mat": [[0, 0.069868, 0.77372, 0.594694, 0.385705, 0.21314, 0.81236, 0.835036, 0.589577, 0.519771, 0.006357, 0.720279, 0.836314, 0.618651, 0.645209], [0.980349, 0, 0.75041, 0.788257, 0.468943, 0.9274, 0.698074, 0.917453, 0.269719, 0.974742, 0.884499, 0.552218, 0.690769, 0.01631, 0.854079], [0.162835, 0.343168, 0, 0.633112, 0.52825, 0.506636, 0.96603, 0.271477, 0.240103, 0.315995, 0.182135, 0.401755, 0.161275, 0.948016, 0.310625], [0.55352, 0.974109, 0.453713, 0, 0.372529, 0.750715, 0.945515, 0.125076, 0.996488, 0.092812, 0.322225, 0.255655, 0.551434, 0.096592, 0.034462], [0.08554, 0.081353, 0.224744, 0.750033, 0, 0.141112, 0.867646, 0.600015, 0.810463, 0.086499, 0.206827, 0.767218, 0.959786, 0.554675, 0.375757], [0.567032, 0.969037, 0.447216, 0.187847, 0.994101, 0, 0.028811, 0.53885, 0.886247, 0.608159, 0.133649, 0.997455, 0.402593, 0.414953, 0.71477], [0.12406, 0.780013, 0.344347, 0.515192, 0.462541, 0.913173, 0, 0.9806, 0.661287, 0.732847, 0.830504, 0.964611, 0.832442, 0.938464, 0.273194], [0.936986, 0.414159, 0.405808, 0.804479, 0.765354, 0.922413, 0.631413, 0, 0.491755, 0.129191, 0.360575, 0.383702, 0.534075, 0.720117, 0.376286], [0.835763, 0.283003, 0.026373, 0.425145, 0.897118, 0.527909, 0.315949, 0.924006, 0, 0.028512, 0.171758, 0.25205, 0.053922, 0.941655, 0.576569], [0.057216, 0.463923, 0.407355, 0.861769, 0.787472, 0.568073, 0.311929, 0.944246, 0.222908, 0, 0.635655, 0.795052, 0.707421, 0.890554, 0.727667], [0.948724, 0.573175, 0.795638, 0.529022, 0.078564, 0.010708, 0.316691, 0.13889, 0.755457, 0.508109, 0, 0.824007, 0.696819, 0.507013, 0.834827], [0.642248, 0.074962, 0.667919, 0.428551, 0.619072, 0.389227, 0.652239, 0.192229, 0.612195, 0.518465, 0.397072, 0, 0.824349, 0.075753, 0.006957], [0.34782, 0.51064, 0.889875, 0.124186, 0.315467, 0.636654, 0.830336, 0.647857, 0.672174, 0.438677, 0.179187, 0.92717, 0, 0.470206, 0.167335], [0.868406, 0.033415, 0.41506, 0.157631, 0.509243, 0.48577, 0.867778, 0.097954, 0.388026, 0.188824, 0.245753, 0.136139, 0.408359, 0, 0.218008], [0.620225, 0.241555, 0.20864, 0.920579, 0.704592, 0.407941, 0.408167, 0.188386, 0.395678, 0.905624, 0.878125, 0.22759, 0.501612, 0.153624, 0]]}