{"v_num": 15, "mat": [[0, 0.985564, 0.888041, 0.59128, 0.721985, 0.85236, 0.614082, 0.261735, 0.413468, 0.44115, 0.39118, 0.988461, 0.737425, 0.765003, 0.77113], [0.593631, 0, 0.586328, 0.705408, 0.463482, 0.706894, 0.252534, 0.652618, 0.488919, 0.787872, 0.471255, 0.05897, 0.255858, 0.311089, 0.946473], [0.727235, 0.418803, 0, 0.754534, 0.939966, 0.011465, 0.776881, 0.930376, 0.615851, 0.763777, 0.562772, 0.635436, 0.688063, 0.697569, 0.850918], [0.509476, 0.853654, 0.698565, 0, 0.494244, 0.462602, 0.964991, 0.904978, 0.719573, 0.295699, 0.582916, 0.681722, 0.191671, 0.225071, 0.841597], [0.66919, 0.846826, 0.561738, 0.323867, 0, 0.596322, 0.86285, 0.824041, 0.230432, 0.29138, 0.495056, 0.231842, 0.310251, 0.832934, 0.689279], [0.487423, 0.840267, 0.915438, 0.84876, 0.718465, 0, 0.686126, 0.047728, 0.826799, 0.323469, 0.790649, 0.318634, 0.000824, 0.026568, 0.157921], [0.935222, 0.273283, 0.953028, 0.979097, 0.995193, 0.855301, 0, 0.874483, 0.953341, 0.614487, 0.381369, 0.212299, 0.561238, 0.93043, 0.823978], [0.855782, 0.122209, 0.691019, 0.165935, 0.355528, 0.187385, 0.98518, 0, 0.575395, 0.853313, 0.919903, 0.133448, 0.759182, 0.174407, 0.103598], [0.737608, 0.070555, 0.29573, 0.533498, 0.530965, 0.593646, 0.984919, 0.299493, 0, 0.294194, 0.368542, 0.733529, 0.599493, 0.076105, 0.508061], [0.054916, 0.06061, 0.853622, 0.608677, 0.815203, 0.262573, 0.87779, 0.095038, 0.267955, 0, 0.210825, 0.081647, 0.797142, 0.067046, 0.245326], [0.220804, 0.887024, 0.930703, 0.805214, 0.076518, 0.32916, 0.550248, 0.290137, 0.160625, 0.81276, 0, 0.305183, 0.338129, 0.019714, 0.104207], [0.14964, 0.095291, 0.695218, 0.461785, 0.156746, 0.788881, 0.063564, 0.217251, 0.353707, 0.241642, 0.435229, 0, 0.355267, 0.288636, 0.440405], [0.140195, 0.86167, 0.090662, 0.401918, 0.423942, 0.729555, 0.892373, 0.432894, 0.019446, 0.59585, 0.74113, 0.173947, 0, 0.80466, 0.801759], [0.740981, 0.324649, 0.443209, 0.8817, 0.381682, 0.363269, 0.163129, 0.664585, 0.872914, 0.453452, 0.660934, 0.413353, 0.444099, 0, 0.599168], [0.305836, 0.698851, 0.797388, 0.429992, 0.365578, 0.94644, 0.724391, 0.398911, 0.354116, 0.667475, 0.349756, 0.407228, 0.344374, 0.508211, 0]]}