{"v_num": 15, "mat": [[0, 0.369576, 0.447349, 0.803425, 0.279664, 0.37944, 0.273429, 0.738511, 0.841951, 0.043953, 0.507281, 0.584592, 0.783459, 0.866975, 0.712412], [0.568162, 0, 0.145813, 0.302696, 0.339425, 0.700395, 0.207535, 0.250062, 0.953175, 0.725746, 0.131613, 0.017958, 0.222645, 0.308599, 0.482895], [0.572483, 0.593698, 0, 0.058803, 0.603465, 0.541362, 0.466284, 0.718983, 0.461772, 0.269985, 0.822766, 0.598932, 0.268975, 0.600724, 0.748972], [0.539886, 0.363076, 0.056067, 0, 0.385915, 0.595172, 0.519472, 0.839007, 0.334698, 0.959081, 0.916059, 0.972625, 0.392396, 0.310609, 0.069683], [0.297474, 0.483127, 0.87052, 0.180423, 0, 0.763658, 0.277169, 0.140915, 0.691566, 0.948984, 0.644225, 0.382375, 0.457087, 0.428273, 0.404623], [0.367888, 0.106663, 0.592798, 0.101926, 0.974017, 0, 0.879731, 0.820413, 0.39721, 0.626205, 0.393861, 0.05313, 0.524129, 0.302749, 0.441796], [0.900564, 0.630004, 0.701381, 0.55218, 0.695537, 0.712484, 0, 0.030679, 0.991074, 0.136961, 0.654387, 0.617247, 0.455732, 0.624876, 0.532066], [0.256764, 0.92772, 0.325776, 0.406127, 0.038996, 0.223874, 0.827521, 0, 0.490589, 0.973302, 0.080329, 0.143059, 0.146242, 0.606065, 0.807311], [0.406168, 0.743348, 0.347069, 0.578816, 0.904567, 0.20583, 0.520497, 0.423093, 0, 0.759446, 0.788521, 0.102182, 0.172145, 0.139377, 0.353019], [0.453085, 0.383576, 0.353269, 0.217353, 0.662554, 0.2602, 0.414884, 0.325683, 0.579094, 0, 0.191508, 0.552362, 0.392919, 0.367582, 0.87944], [0.976796, 0.237028, 0.69639, 0.638179, 0.095958, 0.864978, 0.538958, 0.348508, 0.289573, 0.518731, 0, 0.836757, 0.113375, 0.402524, 0.223526], [0.452522, 0.072316, 0.662747, 0.956647, 0.951111, 0.151126, 0.662662, 0.105315, 0.720264, 0.159855, 0.047331, 0, 0.71572, 0.674438, 0.913869], [0.602517, 0.571941, 0.300331, 0.093432, 0.750644, 0.147821, 0.051133, 0.356751, 0.747476, 0.594429, 0.226407, 0.205979, 0, 0.276556, 0.3934], [0.908109, 0.513658, 0.580616, 0.912325, 0.384682, 0.407377, 0.94871, 0.868642, 0.955535, 0.39496, 0.870149, 0.171129, 0.731757, 0, 0.303151], [0.382884, 0.507063, 0.258762, 0.059447, 0.272517, 0.97564, 0.906712, 0.852702, 0.051464, 0.097557, 0.547215, 0.997332, 0.414373, 0.242528, 0]]}