{"v_num": 15, "mat": [[0, 0.880307, 0.75379, 0.680254, 0.06942, 0.470302, 0.573494, 0.446943, 0.336657, 0.459197, 0.086601, 0.942147, 0.107408, 0.544331, 0.824054], [0.706098, 0, 0.411818, 0.063403, 0.422052, 0.269212, 0.052473, 0.792486, 0.738133, 0.080952, 0.205115, 0.667002, 0.085554, 0.048164, 0.447081], [0.255089, 0.359386, 0, 0.233386, 0.138054, 0.027502, 0.135971, 0.648116, 0.681655, 0.627111, 0.811326, 0.878013, 0.126168, 0.827711, 0.517914], [0.776283, 0.103442, 0.867319, 0, 0.769405, 0.345281, 0.087524, 0.781904, 0.270687, 0.527932, 0.811034, 0.383006, 0.732928, 0.805479, 0.713647], [0.691933, 0.932715, 0.903935, 0.856295, 0, 0.283779, 0.547435, 0.109257, 0.163486, 0.659579, 0.375602, 0.427162, 0.034563, 0.860808, 0.301043], [0.671618, 0.086279, 0.982391, 0.119679, 0.864526, 0, 0.472649, 0.375282, 0.170117, 0.303327, 0.898114, 0.284409, 0.328517, 0.915092, 0.037939], [0.662102, 0.243732, 0.044127, 0.088334, 0.579768, 0.614646, 0, 0.675509, 0.83971, 0.663824, 0.624246, 0.997017, 0.333411, 0.306712, 0.632212], [0.492475, 0.036476, 0.190885, 0.837491, 0.150975, 0.379709, 0.115166, 0, 0.077444, 0.057827, 0.367023, 0.074465, 0.14597, 0.191362, 0.839612], [0.110167, 0.65349, 0.546538, 0.248753, 0.09637, 0.064271, 0.130649, 0.445714, 0, 0.351857, 0.557966, 0.267638, 0.219228, 0.097615, 0.378333], [0.810788, 0.586583, 0.298978, 0.824725, 0.860287, 0.491444, 0.893304, 0.376937, 0.061073, 0, 0.030418, 0.972385, 0.674488, 0.763254, 0.946768], [0.579211, 0.444579, 0.568837, 0.710577, 0.305816, 0.919454, 0.6964, 0.394832, 0.875393, 0.781317, 0, 0.159238, 0.346745, 0.986376, 0.707989], [0.047725, 0.781095, 0.897596, 0.765364, 0.45155, 0.20495, 0.995435, 0.58388, 0.912056, 0.099554, 0.871274, 0, 0.215404, 0.452844, 0.019913], [0.425561, 0.206997, 0.632968, 0.812986, 0.483502, 0.065279, 0.880999, 0.943949, 0.774681, 0.194321, 0.709861, 0.030707, 0, 0.755774, 0.1197], [0.477556, 0.633976, 0.703994, 0.261832, 0.084355, 0.324921, 0.381223, 0.511802, 0.910181, 0.303619, 0.467734, 0.089317, 0.76618, 0, 0.005313], [0.385559, 0.226685, 0.595941, 0.574845, 0.888518, 0.61804, 0.469873, 0.565706, 0.070541, 0.496217, 0.606988, 0.31417, 0.129056, 0.391124, 0]]}