{"v_num": 15, "mat": [[0, 0.534275, 0.185644, 0.778298, 0.435146, 0.567237, 0.004211, 0.281838, 0.298119, 0.104564, 0.816782, 0.976761, 0.572473, 0.59682, 0.872074], [0.808767, 0, 0.779552, 0.714606, 0.342821, 0.076918, 0.465409, 0.012583, 0.528973, 0.379459, 0.512015, 0.707137, 0.596563, 0.462069, 0.392536], [0.033496, 0.03776, 0, 0.808156, 0.120632, 0.771616, 0.398201, 0.199431, 0.943649, 0.399507, 0.520944, 0.116872, 0.352204, 0.107621, 0.073704], [0.273541, 0.69249, 0.352118, 0, 0.481513, 0.085697, 0.148431, 0.924769, 0.255132, 0.668853, 0.017978, 0.111339, 0.287616, 0.429208, 0.605372], [0.923373, 0.437597, 0.208805, 0.090963, 0, 0.062593, 0.865415, 0.311109, 0.739302, 0.83849, 0.714937, 0.267964, 0.116148, 0.050917, 0.255413], [0.372498, 0.246199, 0.357091, 0.86703, 0.795905, 0, 0.300343, 0.058247, 0.96271, 0.830761, 0.929937, 0.17725, 0.646947, 0.396362, 0.037046], [0.172379, 0.631159, 0.795531, 0.008672, 0.726453, 0.589944, 0, 0.807563, 0.525466, 0.836275, 0.626829, 0.556957, 0.607784, 0.192352, 0.455363], [0.951435, 0.637546, 0.319093, 0.407643, 0.616146, 0.564047, 0.620569, 0, 0.17174, 0.677575, 0.215508, 0.388868, 0.851639, 0.315682, 0.659953], [0.926069, 0.609181, 0.342722, 0.403434, 0.304852, 0.116369, 0.916426, 0.043302, 0, 0.235252, 0.535216, 0.933795, 0.940759, 0.12389, 0.30998], [0.851554, 0.051835, 0.590181, 0.416903, 0.043994, 0.808891, 0.993179, 0.01869, 0.761812, 0, 0.255941, 0.310011, 0.421297, 0.100321, 0.133197], [0.019015, 0.554328, 0.621113, 0.607972, 0.432571, 0.497063, 0.057935, 0.956006, 0.347256, 0.286273, 0, 0.66142, 0.280754, 0.565649, 0.990636], [0.975453, 0.264585, 0.724815, 0.361892, 0.084532, 0.651241, 0.969558, 0.106257, 0.336396, 0.063935, 0.873717, 0, 0.984821, 0.889173, 0.311603], [0.085471, 0.939133, 0.783702, 0.486084, 0.751651, 0.767652, 0.619937, 0.53426, 0.872285, 0.162977, 0.836204, 0.603559, 0, 0.318742, 0.524553], [0.434342, 0.108312, 0.87668, 0.814516, 0.030106, 0.24084, 0.428757, 0.69736, 0.510508, 0.831688, 0.385105, 0.172239, 0.593478, 0, 0.967587], [0.591211, 0.397335, 0.953569, 0.268561, 0.712957, 0.324673, 0.34852, 0.086296, 0.267154, 0.356947, 0.916594, 0.704389, 0.608717, 0.766127, 0]]}