{"v_num": 15, "mat": [[0, 0.81248, 0.729363, 0.107396, 0.077995, 0.211662, 0.478622, 0.899481, 0.017743, 0.813331, 0.97702, 0.248997, 0.51174, 0.516282, 0.157399], [0.185744, 0, 0.130642, 0.021313, 0.210622, 0.47839, 0.933105, 0.549484, 0.585797, 0.116691, 0.071069, 0.231705, 0.028908, 0.523057, 0.308327], [0.318882, 0.664527, 0, 0.85739, 0.475944, 0.459581, 0.074423, 0.270065, 0.895528, 0.358713, 0.028349, 0.032669, 0.276339, 0.036155, 0.289129], [0.613017, 0.819955, 0.018654, 0, 0.635913, 0.114151, 0.553374, 0.287071, 0.26903, 0.601332, 0.759121, 0.13471, 0.005156, 0.864102, 0.092449], [0.202667, 0.035509, 0.900045, 0.12844, 0, 0.848064, 0.346795, 0.836596, 0.328194, 0.443843, 0.150616, 0.143327, 0.903094, 0.534568, 0.346075], [0.379471, 0.302013, 0.545893, 0.047905, 0.215897, 0, 0.868025, 0.619989, 0.173228, 0.344556, 0.774349, 0.620513, 0.638489, 0.997462, 0.130517], [0.985587, 0.618773, 0.80502, 0.645173, 0.840031, 0.634473, 0, 0.956783, 0.354687, 0.497618, 0.428203, 0.679147, 0.585775, 0.665608, 0.99936], [0.553292, 0.938494, 0.204653, 0.522643, 0.634346, 0.656272, 0.068077, 0, 0.919421, 0.315614, 0.671531, 0.050126, 0.530641, 0.313112, 0.26799], [0.907595, 0.537311, 0.98614, 0.120764, 0.704159, 0.648685, 0.269398, 0.830837, 0, 0.510352, 0.48189, 0.796672, 0.237062, 0.598246, 0.054783], [0.001962, 0.526851, 0.257075, 0.860954, 0.119494, 0.780723, 0.075107, 0.514405, 0.054975, 0, 0.450362, 0.17321, 0.840446, 0.239351, 0.080284], [0.851241, 0.977235, 0.379554, 0.8388, 0.187774, 0.911605, 0.163107, 0.404089, 0.711815, 0.928397, 0, 0.655654, 0.969115, 0.249659, 0.002758], [0.50673, 0.347994, 0.974199, 0.244199, 0.695712, 0.836561, 0.939373, 0.241155, 0.568507, 0.116601, 0.229565, 0, 0.291513, 0.115062, 0.148116], [0.683621, 0.222771, 0.853503, 0.194002, 0.950059, 0.795858, 0.77408, 0.399404, 0.791114, 0.302876, 0.049774, 0.49797, 0, 0.06367, 0.596785], [0.468374, 0.889597, 0.689492, 0.682751, 0.173279, 0.973119, 0.383182, 0.688655, 0.189951, 0.056862, 0.936631, 0.94565, 0.108255, 0, 0.587513], [0.866557, 0.006263, 0.470835, 0.105639, 0.166832, 0.446924, 0.678616, 0.50381, 0.236462, 0.952436, 0.472417, 0.320798, 0.508698, 0.04378, 0]]}