{"v_num": 15, "mat": [[0, 0.738391, 0.667943, 0.123466, 0.338702, 0.438083, 0.192333, 0.314817, 0.660847, 0.823033, 0.044986, 0.386674, 0.297517, 0.3073, 0.074215], [0.727782, 0, 0.870405, 0.351081, 0.568696, 0.29735, 0.38004, 0.526523, 0.363732, 0.064784, 0.444603, 0.267084, 0.920839, 0.828048, 0.967067], [0.670347, 0.753034, 0, 0.283035, 0.836485, 0.442695, 0.91441, 0.223861, 0.572891, 0.863581, 0.47204, 0.943462, 0.72877, 0.439391, 0.926435], [0.594011, 0.403601, 0.924592, 0, 0.874031, 0.700069, 0.508263, 0.278754, 0.588009, 0.807242, 0.032296, 0.186876, 0.180965, 0.735206, 0.932037], [0.186078, 0.420924, 0.528387, 0.130516, 0, 0.83234, 0.105593, 0.161371, 0.770398, 0.892196, 0.445982, 0.303624, 0.354704, 0.778308, 0.609234], [0.909006, 0.546205, 0.647261, 0.738103, 0.089609, 0, 0.783345, 0.709796, 0.717513, 0.850358, 0.138891, 0.478158, 0.459029, 0.117418, 0.320247], [0.814625, 0.641763, 0.013687, 0.887496, 0.395786, 0.8277, 0, 0.889298, 0.714183, 0.056662, 0.874854, 0.380445, 0.877064, 0.890171, 0.588453], [0.500438, 0.630332, 0.750462, 0.778765, 0.835936, 0.819756, 0.555146, 0, 0.724095, 0.838221, 0.037959, 0.819809, 0.185403, 0.246223, 0.227437], [0.83186, 0.134592, 0.880712, 0.550429, 0.359397, 0.420174, 0.497329, 0.888704, 0, 0.428942, 0.690888, 0.546173, 0.213447, 0.709894, 0.673453], [0.400846, 0.746604, 0.861031, 0.341704, 0.367605, 0.808207, 0.353644, 0.019412, 0.351825, 0, 0.858952, 0.903494, 0.602107, 0.107282, 0.533766], [0.788262, 0.175379, 0.787194, 0.196766, 0.923534, 0.003764, 0.881475, 0.222255, 0.757592, 0.637806, 0, 0.130192, 0.072995, 0.425286, 0.376314], [0.36967, 0.788861, 0.287596, 0.732874, 0.196452, 0.086529, 0.510991, 0.796984, 0.097967, 0.685914, 0.766982, 0, 0.963239, 0.767478, 0.843399], [0.792773, 0.456075, 0.970577, 0.541596, 0.029736, 0.702281, 0.607979, 0.8505, 0.17292, 0.546957, 0.34557, 0.942605, 0, 0.953131, 0.411202], [0.322186, 0.047405, 0.112421, 0.503493, 0.853372, 0.362528, 0.676315, 0.765587, 0.454527, 0.68493, 0.553177, 0.373343, 0.580266, 0, 0.686463], [0.527894, 0.673558, 0.78999, 0.051745, 0.350686, 0.120225, 0.139792, 0.605472, 0.800531, 0.373529, 0.666532, 0.796228, 0.792993, 0.811557, 0]]}