{"v_num": 15, "mat": [[0, 0.791249, 0.576363, 0.616409, 0.813631, 0.162906, 0.100202, 0.684827, 0.727787, 0.999885, 0.791568, 0.116847, 0.153445, 0.633616, 0.332715], [0.438825, 0, 0.043295, 0.508683, 0.422209, 0.965103, 0.332582, 0.35318, 0.029602, 0.244662, 0.150299, 0.341938, 0.643326, 0.77075, 0.914653], [0.335909, 0.106252, 0, 0.714555, 0.267677, 0.132742, 0.926042, 0.747064, 0.335498, 0.510683, 0.87218, 0.900393, 0.308187, 0.484484, 0.292039], [0.206739, 0.63898, 0.687099, 0, 0.011344, 0.923628, 0.671885, 0.737227, 0.088042, 0.88631, 0.599481, 0.996961, 0.95857, 0.332059, 0.102719], [0.809881, 0.780883, 0.476237, 0.948303, 0, 0.09216, 0.606473, 0.396647, 0.198018, 0.98173, 0.2955, 0.784395, 0.647117, 0.194733, 0.592168], [0.95775, 0.418554, 0.120897, 0.603526, 0.312964, 0, 0.53236, 0.452023, 0.54887, 0.685127, 0.850304, 0.848982, 0.591475, 0.319504, 0.756926], [0.585136, 0.190957, 0.989634, 0.952931, 0.198845, 0.711639, 0, 0.401221, 0.472994, 0.293483, 0.035543, 0.588038, 0.635165, 0.197025, 0.612837], [0.685042, 0.183445, 0.430771, 0.844039, 0.075743, 0.533107, 0.871672, 0, 0.684054, 0.080937, 0.240853, 0.148549, 0.522236, 0.955438, 0.567584], [0.382719, 0.419504, 0.571917, 0.444436, 0.672416, 0.859938, 0.219691, 0.864763, 0, 0.960362, 0.627146, 0.883986, 0.986765, 0.412694, 0.602978], [0.077515, 0.08801, 0.880134, 0.279329, 0.609111, 0.208159, 0.796408, 0.218326, 0.720687, 0, 0.449144, 0.957836, 0.927183, 0.46848, 0.837285], [0.412285, 0.223508, 0.4026, 0.313062, 0.087695, 0.598806, 0.771038, 0.472116, 0.195217, 0.288983, 0, 0.246596, 0.23275, 0.554595, 0.845599], [0.217933, 0.472027, 0.939702, 0.933712, 0.718509, 0.601528, 0.936205, 0.224481, 0.816827, 0.368914, 0.930122, 0, 0.27343, 0.744848, 0.371575], [0.741864, 0.792718, 0.933391, 0.317001, 0.031958, 0.90479, 0.281606, 0.802883, 0.980465, 0.339978, 0.780935, 0.82819, 0, 0.738596, 0.207583], [0.040101, 0.332312, 0.847879, 0.364888, 0.848056, 0.286204, 0.336854, 0.822401, 0.977707, 0.246509, 0.891639, 0.375544, 0.404683, 0, 0.33281], [0.2357, 0.187527, 0.455393, 0.319596, 0.378357, 0.866633, 0.641634, 0.228496, 0.364708, 0.643927, 0.127529, 0.08934, 0.756094, 0.183697, 0]]}