{"v_num": 15, "mat": [[0, 0.980519, 0.668072, 0.571831, 0.46039, 0.082776, 0.765704, 0.26355, 0.514152, 0.916714, 0.95522, 0.383403, 0.641627, 0.195734, 0.404514], [0.818826, 0, 0.830013, 0.659602, 0.698405, 0.726631, 0.73597, 0.814252, 0.152057, 0.126291, 0.455801, 0.48941, 0.07238, 0.181012, 0.909209], [0.422379, 0.111221, 0, 0.042615, 0.713276, 0.964927, 0.156403, 0.3005, 0.805908, 0.442344, 0.748256, 0.293871, 0.434311, 0.104911, 0.195182], [0.639111, 0.646974, 0.995798, 0, 0.964404, 0.049465, 0.560568, 0.205803, 0.341407, 0.592705, 0.353899, 0.426991, 0.021458, 0.672145, 0.034119], [0.434335, 0.789935, 0.160501, 0.500636, 0, 0.648264, 0.684825, 0.128319, 0.465926, 0.159228, 0.322824, 0.665441, 0.909459, 0.611137, 0.475331], [0.358134, 0.745332, 0.122621, 0.796329, 0.493193, 0, 0.001613, 0.547963, 0.852146, 0.780358, 0.774137, 0.07942, 0.220917, 0.998516, 0.175791], [0.345778, 0.569989, 0.515183, 0.562117, 0.717314, 0.958338, 0, 0.254976, 0.844368, 0.949738, 0.527022, 0.441967, 0.170454, 0.665951, 0.811876], [0.484307, 0.951866, 0.318847, 0.375996, 0.418024, 0.879768, 0.169346, 0, 0.691068, 0.340775, 0.875587, 0.680599, 0.946434, 0.062662, 0.552979], [0.027625, 0.134078, 0.686238, 0.561136, 0.291663, 0.106798, 0.559143, 0.242683, 0, 0.118366, 0.641142, 0.438034, 0.023631, 0.285363, 0.580966], [0.861601, 0.352055, 0.305658, 0.912511, 0.552997, 0.306243, 0.723625, 0.764414, 0.780838, 0, 0.056973, 0.302473, 0.889681, 0.721004, 0.646556], [0.764592, 0.238656, 0.647623, 0.375649, 0.816898, 0.365556, 0.761586, 0.020283, 0.41487, 0.893101, 0, 0.888606, 0.58194, 0.117657, 0.040245], [0.850504, 0.338371, 0.134148, 0.838512, 0.438709, 0.184215, 0.722845, 0.622314, 0.608674, 0.118309, 0.470786, 0, 0.090421, 0.389899, 0.193997], [0.823652, 0.786707, 0.600981, 0.0276, 0.888887, 0.607878, 0.062072, 0.774215, 0.009175, 0.518212, 0.871082, 0.979183, 0, 0.746035, 0.537695], [0.547155, 0.469231, 0.731508, 0.433531, 0.563788, 0.443791, 0.902732, 0.28262, 0.257501, 0.635275, 0.427199, 0.027021, 0.309079, 0, 0.569127], [0.715462, 0.369363, 0.237839, 0.307083, 0.76971, 0.547582, 0.049582, 0.2431, 0.384829, 0.001203, 0.340516, 0.434975, 0.816285, 0.979887, 0]]}