{"v_num": 15, "mat": [[0, 0.154428, 0.427782, 0.785639, 0.905209, 0.719626, 0.134963, 0.616144, 0.324615, 0.211816, 0.894282, 0.132304, 0.9919, 0.435063, 0.471439], [0.934807, 0, 0.443969, 0.042336, 0.701729, 0.351253, 0.874137, 0.363627, 0.161217, 0.099318, 0.627511, 0.270402, 0.733117, 0.852366, 0.030293], [0.256862, 0.922376, 0, 0.877912, 0.948617, 0.239712, 0.121098, 0.841895, 0.824071, 0.810272, 0.180776, 0.699549, 0.761315, 0.859062, 0.011598], [0.604578, 0.262625, 0.105612, 0, 0.024866, 0.011738, 0.624758, 0.462478, 0.797499, 0.846754, 0.55812, 0.119962, 0.14507, 0.536679, 0.176646], [0.930904, 0.171492, 0.446946, 0.103644, 0, 0.589865, 0.698884, 0.204703, 0.60741, 0.091789, 0.166934, 0.060317, 0.762069, 0.36857, 0.63955], [0.616614, 0.289869, 0.857542, 0.803148, 0.133556, 0, 0.574899, 0.687622, 0.739031, 0.632812, 0.716853, 0.945193, 0.124544, 0.414025, 0.378755], [0.351033, 0.684728, 0.459895, 0.399167, 0.83241, 0.671269, 0, 0.235083, 0.509401, 0.082411, 0.947089, 0.935988, 0.125571, 0.365962, 0.004109], [0.220248, 0.396937, 0.202891, 0.898083, 0.529673, 0.511083, 0.413761, 0, 0.915016, 0.492817, 0.321674, 0.772433, 0.113957, 0.602282, 0.00571], [0.774773, 0.833563, 0.387128, 0.670526, 0.443049, 0.022167, 0.143274, 0.801287, 0, 0.496686, 0.156547, 0.03455, 0.533886, 0.57413, 0.364732], [0.949643, 0.210479, 0.790512, 0.274731, 0.896342, 0.397604, 0.320366, 0.762288, 0.863592, 0, 0.57115, 0.52255, 0.715823, 0.503218, 0.231457], [0.641995, 0.122091, 0.135323, 0.845939, 0.830462, 0.122998, 0.784478, 0.079605, 0.675398, 0.155824, 0, 0.069464, 0.232805, 0.995105, 0.477748], [0.096475, 0.539733, 0.393555, 0.467145, 0.938864, 0.538351, 0.756358, 0.370097, 0.729647, 0.702411, 0.851385, 0, 0.022602, 0.165129, 0.988338], [0.40699, 0.817564, 0.93771, 0.235614, 0.061251, 0.610697, 0.271091, 0.824914, 0.290803, 0.557368, 0.800158, 0.5394, 0, 0.250075, 0.410104], [0.916752, 0.000658, 0.254185, 0.350286, 0.614563, 0.714001, 0.413382, 0.449782, 0.704089, 0.346609, 0.843976, 0.064869, 0.75545, 0, 0.628664], [0.419174, 0.256922, 0.951621, 0.540474, 0.887748, 0.314005, 0.814537, 0.597237, 0.057044, 0.017877, 0.102615, 0.799946, 0.162909, 0.677854, 0]]}