{"v_num": 15, "mat": [[0, 0.261951, 0.662842, 0.116106, 0.958886, 0.301966, 0.358297, 0.959722, 0.24695, 0.191018, 0.391529, 0.952624, 0.098164, 0.051992, 0.480354], [0.898872, 0, 0.673219, 0.652658, 0.187635, 0.006047, 0.500824, 0.010598, 0.722295, 0.072139, 0.528299, 0.088913, 0.852246, 0.39504, 0.645362], [0.439697, 0.526468, 0, 0.585007, 0.707915, 0.890869, 0.640132, 0.464376, 0.546164, 0.554698, 0.829109, 0.486123, 0.338596, 0.754233, 0.763116], [0.997272, 0.933348, 0.140218, 0, 0.456565, 0.253649, 0.065652, 0.860628, 0.326256, 0.28355, 0.48147, 0.333944, 0.48139, 0.852672, 0.575261], [0.408618, 0.45241, 0.817701, 0.863848, 0, 0.456487, 0.284461, 0.417866, 0.693699, 0.325357, 0.282965, 0.286965, 0.798655, 0.709987, 0.598967], [0.242223, 0.773313, 0.430803, 0.071357, 0.455027, 0, 0.877595, 0.872543, 0.463129, 0.642871, 0.799131, 0.110511, 0.351637, 0.844075, 0.383915], [0.260751, 0.998998, 0.060425, 0.112581, 0.036171, 0.108856, 0, 0.790033, 0.525642, 0.59289, 0.604595, 0.308237, 0.103525, 0.76174, 0.013849], [0.94116, 0.542608, 0.741497, 0.256459, 0.585761, 0.943833, 0.901467, 0, 0.406019, 0.240969, 0.605185, 0.05724, 0.477111, 0.18647, 0.684096], [0.741301, 0.451313, 0.70436, 0.870573, 0.045189, 0.525767, 0.145098, 0.09937, 0, 0.331381, 0.996663, 0.327126, 0.522307, 0.950283, 0.686232], [0.913815, 0.196666, 0.598672, 0.8596, 0.968822, 0.305684, 0.29106, 0.553922, 0.227413, 0, 0.710494, 0.828463, 0.892328, 0.316499, 0.219107], [0.421546, 0.584618, 0.831136, 0.279756, 0.36346, 0.406405, 0.334745, 0.555113, 0.214401, 0.41703, 0, 0.924859, 0.699839, 0.039296, 0.169171], [0.924072, 0.686061, 0.564991, 0.253099, 0.159382, 0.555317, 0.387304, 0.849632, 0.795009, 0.209926, 0.485456, 0, 0.478431, 0.181427, 0.499181], [0.1326, 0.682355, 0.976517, 0.976217, 0.318403, 0.885192, 0.088251, 0.627745, 0.188746, 0.118092, 0.77024, 0.813914, 0, 0.221966, 0.017604], [0.420024, 0.791357, 0.390235, 0.859038, 0.886346, 0.563982, 0.807172, 0.358937, 0.689374, 0.63715, 0.267398, 0.703635, 0.017171, 0, 0.774352], [0.801879, 0.002553, 0.638945, 0.416483, 0.955824, 0.835594, 0.878523, 0.931348, 0.405626, 0.34638, 0.608119, 0.371469, 0.005461, 0.707506, 0]]}