{"v_num": 15, "mat": [[0, 0.422305, 0.389851, 0.384159, 0.771812, 0.544016, 0.879774, 0.144708, 0.535024, 0.32751, 0.240553, 0.609069, 0.659266, 0.149378, 0.003876], [0.370052, 0, 0.366162, 0.346011, 0.064271, 0.20352, 0.429152, 0.594136, 0.243478, 0.889873, 0.789543, 0.653691, 0.69673, 0.014481, 0.115473], [0.122582, 0.74696, 0, 0.528809, 0.430735, 0.23493, 0.201757, 0.177973, 0.155052, 0.568327, 0.537181, 0.130027, 0.897709, 0.481653, 0.991233], [0.379105, 0.624243, 0.550464, 0, 0.920268, 0.283957, 0.986426, 0.931615, 0.357127, 0.523565, 0.070104, 0.089717, 0.776762, 0.823455, 0.344357], [0.094683, 0.10944, 0.647108, 0.4438, 0, 0.780456, 0.243544, 0.976273, 0.677078, 0.379677, 0.040957, 0.451936, 0.96474, 0.047909, 0.615918], [0.825064, 0.842431, 0.447391, 0.831934, 0.314692, 0, 0.034463, 0.633249, 0.834492, 0.941878, 0.185544, 0.296911, 0.068208, 0.135451, 0.874606], [0.897245, 0.424309, 0.941604, 0.136822, 0.178215, 0.189904, 0, 0.499738, 0.53039, 0.152309, 0.396197, 0.323548, 0.495772, 0.783263, 0.258239], [0.314653, 0.157839, 0.343541, 0.340146, 0.459918, 0.52656, 0.670656, 0, 0.312596, 0.002696, 0.498124, 0.417024, 0.294458, 0.694203, 0.784943], [0.810379, 0.768837, 0.517623, 0.360643, 0.654567, 0.287999, 0.535359, 0.0162, 0, 0.122273, 0.152518, 0.966494, 0.165005, 0.915864, 0.517159], [0.543844, 0.520155, 0.126511, 0.619538, 0.494896, 0.162975, 0.264313, 0.264885, 0.257323, 0, 0.604066, 0.995219, 0.093904, 0.43653, 0.194375], [0.708983, 0.828762, 0.486718, 0.994783, 0.994244, 0.774188, 0.505315, 0.952849, 0.106685, 0.745377, 0, 0.02699, 0.173249, 0.625586, 0.34892], [0.78757, 0.472081, 0.89066, 0.864726, 0.985754, 0.173969, 0.771843, 0.471054, 0.309561, 0.684612, 0.94071, 0, 0.404891, 0.210488, 0.610536], [0.961443, 0.481678, 0.623697, 0.341757, 0.405121, 0.226767, 0.597755, 0.084268, 0.116626, 0.820561, 0.681982, 0.089994, 0, 0.542828, 0.147834], [0.11702, 0.098493, 0.922078, 0.070131, 0.63427, 0.787443, 0.305685, 0.103968, 0.610227, 0.014648, 0.98036, 0.533079, 0.142873, 0, 0.633606], [0.881233, 0.880552, 0.551135, 0.48537, 0.710369, 0.057017, 0.663706, 0.186541, 0.985531, 0.396492, 0.553975, 0.942752, 0.522656, 0.848137, 0]]}