{"v_num": 15, "mat": [[0, 0.380663, 0.852315, 0.191177, 0.7678, 0.630841, 0.606412, 0.113878, 0.185431, 0.706344, 0.820681, 0.185861, 0.396752, 0.494855, 0.241929], [0.264185, 0, 0.670222, 0.351651, 0.626065, 0.24266, 0.365099, 0.190794, 0.74129, 0.624523, 0.865505, 0.333558, 0.018894, 0.448774, 0.898781], [0.035136, 0.416162, 0, 0.688679, 0.942511, 0.068553, 0.10545, 0.390384, 0.752242, 0.222514, 0.818234, 0.10898, 0.934124, 0.484997, 0.428807], [0.974237, 0.441569, 0.813678, 0, 0.370541, 0.157584, 0.866742, 0.334341, 0.915302, 0.785286, 0.856473, 0.909683, 0.879628, 0.066718, 0.611981], [0.247249, 0.577405, 0.434067, 0.309185, 0, 0.869551, 0.010562, 0.916522, 0.819364, 0.125692, 0.52708, 0.489343, 0.318359, 0.645453, 0.065954], [0.808384, 0.254962, 0.514427, 0.291067, 0.089116, 0, 0.172322, 0.288104, 0.433816, 0.413684, 0.042976, 0.229, 0.999051, 0.056751, 0.82018], [0.394675, 0.616401, 0.970402, 0.833807, 0.43038, 0.957871, 0, 0.240794, 0.042035, 0.498044, 0.551317, 0.826062, 0.86449, 0.777188, 0.416773], [0.805179, 0.457646, 0.965359, 0.07763, 0.054913, 0.576712, 0.410795, 0, 0.664963, 0.245822, 0.85026, 0.458334, 0.534766, 0.126317, 0.814217], [0.14653, 0.815754, 0.633276, 0.674384, 0.480243, 0.246762, 0.518166, 0.865956, 0, 0.121217, 0.203057, 0.663205, 0.289773, 0.641916, 0.360324], [0.426408, 0.586717, 0.120168, 0.414424, 0.2441, 0.704018, 0.980025, 0.263616, 0.149934, 0, 0.353286, 0.524179, 0.085025, 0.477844, 0.685905], [0.31859, 0.718141, 0.159941, 0.555356, 0.680797, 0.22501, 0.181066, 0.349321, 0.424973, 0.373827, 0, 0.371238, 0.713153, 0.411054, 0.35843], [0.603528, 0.863341, 0.986721, 0.041956, 0.477352, 0.269534, 0.319668, 0.149892, 0.215454, 0.929531, 0.430123, 0, 0.914475, 0.30019, 0.258648], [0.988262, 0.678171, 0.649215, 0.893047, 0.939299, 0.02512, 0.044831, 0.67823, 0.990343, 0.400352, 0.682555, 0.946738, 0, 0.846355, 0.238083], [0.068061, 0.302363, 0.247595, 0.661064, 0.800946, 0.442163, 0.460285, 0.474371, 0.912289, 0.16925, 0.30832, 0.115546, 0.086305, 0, 0.220941], [0.190906, 0.738162, 0.112382, 0.511821, 0.724964, 0.642992, 0.076528, 0.257677, 0.185153, 0.482168, 0.123637, 0.341668, 0.63866, 0.376015, 0]]}