{"v_num": 15, "mat": [[0, 0.389694, 0.405077, 0.076882, 0.022385, 0.328302, 0.954775, 0.243443, 0.652164, 0.17256, 0.133793, 0.961363, 0.178979, 0.675346, 0.131528], [0.011348, 0, 0.627053, 0.171597, 0.088653, 0.50738, 0.52182, 0.660479, 0.164404, 0.45106, 0.719892, 0.724821, 0.388376, 0.832716, 0.367157], [0.481425, 0.407963, 0, 0.982059, 0.478763, 0.748516, 0.526513, 0.02156, 0.264128, 0.484494, 0.843771, 0.316731, 0.303062, 0.392488, 0.584427], [0.203066, 0.198925, 0.310687, 0, 0.528176, 0.964282, 0.070516, 0.383006, 0.292505, 0.458477, 0.31517, 0.061557, 0.213487, 0.206311, 0.906713], [0.563317, 0.841857, 0.334357, 0.007032, 0, 0.045533, 0.100188, 0.84971, 0.186978, 0.290577, 0.951544, 0.081685, 0.463006, 0.138309, 0.943484], [0.008918, 0.195062, 0.214873, 0.962236, 0.273043, 0, 0.909172, 0.598163, 0.324839, 0.793753, 0.581447, 0.018093, 0.32437, 0.367087, 0.292187], [0.099413, 0.382874, 0.042115, 0.195743, 0.911466, 0.079761, 0, 0.278093, 0.43379, 0.912986, 0.902213, 0.821997, 0.649571, 0.194378, 0.4643], [0.868359, 0.024185, 0.874781, 0.969438, 0.496268, 0.568522, 0.78018, 0, 0.563009, 0.948728, 0.143016, 0.621991, 0.581714, 0.913252, 0.006092], [0.012182, 0.606093, 0.18963, 0.978128, 0.997655, 0.074518, 0.374919, 0.961666, 0, 0.041124, 0.0456, 0.184746, 0.210649, 0.933689, 0.320938], [0.731964, 0.094349, 0.051467, 0.993252, 0.135792, 0.583679, 0.910762, 0.223219, 0.741019, 0, 0.731909, 0.860311, 0.231357, 0.569959, 0.811098], [0.482724, 0.039827, 0.104431, 0.65908, 0.142641, 0.522265, 0.09477, 0.637033, 0.334933, 0.041938, 0, 0.004542, 0.766497, 0.023064, 0.721755], [0.200436, 0.309435, 0.763402, 0.772551, 0.288004, 0.869927, 0.621578, 0.328915, 0.214901, 0.922283, 0.34899, 0, 0.46567, 0.781401, 0.928872], [0.617338, 0.725056, 0.979507, 0.87165, 0.280657, 0.717303, 0.941861, 0.458041, 0.06402, 0.138417, 0.425163, 0.32663, 0, 0.711113, 0.425276], [0.354451, 0.22405, 0.053537, 0.79562, 0.94149, 0.46484, 0.15083, 0.750211, 0.387132, 0.267812, 0.840393, 0.593313, 0.778555, 0, 0.146495], [0.344968, 0.643298, 0.061708, 0.61667, 0.216152, 0.976635, 0.943301, 0.970039, 0.518637, 0.329465, 0.616201, 0.683043, 0.281383, 0.456412, 0]]}