{"v_num": 15, "mat": [[0, 0.363301, 0.383725, 0.383967, 0.437356, 0.676968, 0.388671, 0.693101, 0.821862, 0.550124, 0.395162, 0.286906, 0.407351, 0.075506, 0.220916], [0.911095, 0, 0.486259, 0.548468, 0.364154, 0.228754, 0.152255, 0.513565, 0.164906, 0.256282, 0.131672, 0.494371, 0.299183, 0.255771, 0.055871], [0.831948, 0.929128, 0, 0.028234, 0.982201, 0.416532, 0.512478, 0.293826, 0.229512, 0.721726, 0.168839, 0.878085, 0.835687, 0.169715, 0.155889], [0.05752, 0.928126, 0.672514, 0, 0.844451, 0.490627, 0.205263, 0.761865, 0.276688, 0.640955, 0.127595, 0.046895, 0.130858, 0.492015, 0.420848], [0.957902, 0.981629, 0.919115, 0.914482, 0, 0.635088, 0.88181, 0.555556, 0.426469, 0.404202, 0.031601, 0.664493, 0.233103, 0.065651, 0.968355], [0.439194, 0.051434, 0.933303, 0.324492, 0.865112, 0, 0.887295, 0.10096, 0.113231, 0.402069, 0.340144, 0.310749, 0.597604, 0.28987, 0.444775], [0.406125, 0.367099, 0.741047, 0.700356, 0.474503, 0.194782, 0, 0.569489, 0.98944, 0.960121, 0.156239, 0.572727, 0.042973, 0.425687, 0.954134], [0.418721, 0.444232, 0.264958, 0.721816, 0.887706, 0.046415, 0.07122, 0, 0.418822, 0.276, 0.482541, 0.813636, 0.842465, 0.990873, 0.6673], [0.226985, 0.025341, 0.777634, 0.080931, 0.913757, 0.372772, 0.452953, 0.872536, 0, 0.202605, 0.907909, 0.63025, 0.45125, 0.312184, 0.110873], [0.897294, 0.674928, 0.628405, 0.824361, 0.83555, 0.665483, 0.340472, 0.274307, 0.420842, 0, 0.023493, 0.682819, 0.676979, 0.574718, 0.414907], [0.43656, 0.827217, 0.567949, 0.096467, 0.217692, 0.928123, 0.462239, 0.270169, 0.507793, 0.691233, 0, 0.147606, 0.595754, 0.709704, 0.412349], [0.87114, 0.999089, 0.963771, 0.149029, 0.812276, 0.387116, 0.868058, 0.276209, 0.324153, 0.176386, 0.777012, 0, 0.313016, 0.060945, 0.792001], [0.118464, 0.587593, 0.191811, 0.633554, 0.201915, 0.914576, 0.57054, 0.58667, 0.026498, 0.229053, 0.923044, 0.603834, 0, 0.916395, 0.350685], [0.96179, 0.123623, 0.558312, 0.832914, 0.368934, 0.579317, 0.800721, 0.62997, 0.169038, 0.708261, 0.867296, 0.681679, 0.456133, 0, 0.881482], [0.857471, 0.964183, 0.456185, 0.755884, 0.879664, 0.454621, 0.470448, 0.091406, 0.342557, 0.186824, 0.011348, 0.242069, 0.434593, 0.296787, 0]]}