{"v_num": 15, "mat": [[0, 0.612301, 0.816346, 0.129737, 0.72613, 0.692628, 0.802938, 0.283577, 0.367212, 0.259976, 0.117438, 0.722077, 0.307874, 0.629968, 0.875411], [0.719289, 0, 0.629411, 0.831208, 0.433875, 0.993649, 0.653665, 0.617023, 0.295654, 0.495876, 0.960217, 0.970951, 0.286215, 0.942833, 0.109957], [0.811146, 0.073074, 0, 0.71633, 0.556792, 0.559727, 0.429625, 0.84493, 0.337738, 0.157248, 0.474618, 0.226517, 0.267904, 0.180994, 0.437643], [0.499335, 0.075644, 0.829023, 0, 0.876238, 0.48962, 0.597471, 0.824594, 0.240993, 0.341353, 0.494306, 0.646486, 0.555186, 0.11592, 0.560229], [0.80031, 0.205573, 0.150053, 0.269181, 0, 0.168367, 0.186004, 0.328983, 0.919132, 0.101332, 0.48324, 0.786103, 0.410695, 0.135394, 0.41082], [0.653732, 0.067396, 0.256925, 0.431347, 0.676619, 0, 0.596828, 0.849267, 0.64929, 0.620469, 0.880539, 0.829494, 0.01878, 0.177858, 0.838805], [0.548983, 0.354764, 0.393224, 0.264495, 0.644659, 0.535878, 0, 0.532715, 0.873264, 0.142711, 0.189422, 0.281167, 0.686984, 0.260728, 0.804227], [0.395931, 0.663085, 0.482247, 0.78401, 0.21821, 0.843196, 0.109749, 0, 0.561351, 0.579381, 0.575265, 0.493462, 0.281443, 0.052634, 0.305498], [0.010987, 0.442847, 0.26648, 0.590739, 0.363594, 0.399131, 0.981592, 0.788014, 0, 0.496797, 0.754398, 0.001914, 0.10909, 0.182063, 0.373108], [0.594222, 0.86888, 0.678616, 0.862599, 0.065831, 0.087491, 0.188898, 0.655753, 0.222644, 0, 0.188174, 0.004586, 0.130759, 0.119406, 0.89066], [0.709707, 0.435639, 0.521855, 0.140831, 0.774088, 0.955108, 0.192589, 0.666508, 0.395399, 0.917052, 0, 0.931659, 0.337341, 0.236541, 0.876168], [0.585765, 0.343246, 0.954573, 0.799417, 0.060488, 0.641726, 0.066378, 0.030823, 0.973028, 0.238658, 0.664445, 0, 0.325502, 0.283161, 0.195595], [0.151938, 0.352235, 0.787325, 0.823612, 0.814184, 0.201823, 0.110161, 0.776419, 0.703464, 0.26712, 0.848176, 0.081377, 0, 0.691055, 0.075217], [0.210572, 0.280483, 0.584902, 0.059821, 0.308304, 0.495468, 0.107831, 0.669377, 0.107239, 0.853147, 0.275156, 0.929175, 0.267579, 0, 0.057593], [0.004989, 0.831083, 0.867874, 0.911093, 0.574189, 0.766261, 0.286231, 0.734687, 0.575486, 0.673599, 0.99726, 0.919994, 0.686351, 0.50549, 0]]}