{"v_num": 15, "mat": [[0, 0.410144, 0.461409, 0.111923, 0.792244, 0.242117, 0.00779, 0.267826, 0.620404, 0.619681, 0.570422, 0.453123, 0.0766, 0.035904, 0.642391], [0.98625, 0, 0.975863, 0.619659, 0.778458, 0.999896, 0.789822, 0.238792, 0.644411, 0.42235, 0.525317, 0.830733, 0.459766, 0.38623, 0.521137], [0.010233, 0.951816, 0, 0.42664, 0.331055, 0.878074, 0.171615, 0.788047, 0.409568, 0.723545, 0.26751, 0.899179, 0.74817, 0.164395, 0.79308], [0.752286, 0.632171, 0.545217, 0, 0.090815, 0.365733, 0.450265, 0.765869, 0.208662, 0.5575, 0.852446, 0.114696, 0.092729, 0.734647, 0.732837], [0.464476, 0.302572, 0.639406, 0.862044, 0, 0.623425, 0.776516, 0.328899, 0.102132, 0.561413, 0.855973, 0.229629, 0.353452, 0.264093, 0.837539], [0.206854, 0.641216, 0.647392, 0.196551, 0.94012, 0, 0.837714, 0.885603, 0.567822, 0.360197, 0.423231, 0.7876, 0.493842, 0.231191, 0.508695], [0.396672, 0.606332, 0.836465, 0.642062, 0.181551, 0.292196, 0, 0.304567, 0.75027, 0.744868, 0.21951, 0.726137, 0.12051, 0.41108, 0.534247], [0.81069, 0.497467, 0.392001, 0.467794, 0.59655, 0.180636, 0.40937, 0, 0.427873, 0.163952, 0.237694, 0.043186, 0.082231, 0.020459, 0.638354], [0.232026, 0.717001, 0.272389, 0.444554, 0.797174, 0.665659, 0.402086, 0.155235, 0, 0.255197, 0.03038, 0.931632, 0.753943, 0.776635, 0.300284], [0.972671, 0.021397, 0.449422, 0.965053, 0.896626, 0.91107, 0.498098, 0.159522, 0.626262, 0, 0.836583, 0.125773, 0.709559, 0.841719, 0.703499], [0.078466, 0.174495, 0.339868, 0.14307, 0.879756, 0.550512, 0.39022, 0.814324, 0.282227, 0.025032, 0, 0.33186, 0.799628, 0.865576, 0.955834], [0.609384, 0.407345, 0.825363, 0.955254, 0.472478, 0.103026, 0.661201, 0.890377, 0.366671, 0.825114, 0.28579, 0, 0.16211, 0.630716, 0.899382], [0.91829, 0.127166, 0.528907, 0.726772, 0.969719, 0.914111, 0.256775, 0.135704, 0.154407, 0.486555, 0.892726, 0.371799, 0, 0.524447, 0.603768], [0.333575, 0.448518, 0.686768, 0.155533, 0.048387, 0.968269, 0.946149, 0.509215, 0.53899, 0.15306, 0.387062, 0.605171, 0.843273, 0, 0.263373], [0.3848, 0.89578, 0.016949, 0.358919, 0.044094, 0.738269, 0.890821, 0.047577, 0.549426, 0.846165, 0.398968, 0.991866, 0.113671, 0.528836, 0]]}