{"v_num": 15, "mat": [[0, 0.373595, 0.494341, 0.924278, 0.202755, 0.792848, 0.32647, 0.473683, 0.985112, 0.745988, 0.173599, 0.472579, 0.233714, 0.91115, 0.904201], [0.435215, 0, 0.285772, 0.191241, 0.479334, 0.884239, 0.670738, 0.929535, 0.728531, 0.225619, 0.462492, 0.153768, 0.089778, 0.136473, 0.711797], [0.873525, 0.662691, 0, 0.951129, 0.458869, 0.462189, 0.174831, 0.542748, 0.064232, 0.444682, 0.830219, 0.394361, 0.345994, 0.492236, 0.230632], [0.008581, 0.706099, 0.42649, 0, 0.497625, 0.581777, 0.511877, 0.834468, 0.50597, 0.339306, 0.163352, 0.442984, 0.20362, 0.138249, 0.878757], [0.15165, 0.853755, 0.128151, 0.694519, 0, 0.643175, 0.239316, 0.15621, 0.595668, 0.082689, 0.265852, 0.999446, 0.930742, 0.721533, 0.989499], [0.9055, 0.777906, 0.457122, 0.183621, 0.250974, 0, 0.826601, 0.919355, 0.525595, 0.18048, 0.396352, 0.918751, 0.490514, 0.837733, 0.598726], [0.923461, 0.888143, 0.604038, 0.049719, 0.750836, 0.202446, 0, 0.196275, 0.439593, 0.73251, 0.764574, 0.42463, 0.650796, 0.983492, 0.097886], [0.783434, 0.847882, 0.513802, 0.319558, 0.502129, 0.624863, 0.259748, 0, 0.840709, 0.150644, 0.741704, 0.933222, 0.597734, 0.667145, 0.765361], [0.839728, 0.637705, 0.114251, 0.306479, 0.190558, 0.95401, 0.227321, 0.680276, 0, 0.417893, 0.152611, 0.134148, 0.883355, 0.518034, 0.379989], [0.50372, 0.097706, 0.807251, 0.289677, 0.263664, 0.69299, 0.794618, 0.192167, 0.736348, 0, 0.050041, 0.898153, 0.890315, 0.678363, 0.565392], [0.096325, 0.89078, 0.901943, 0.226299, 0.523489, 0.787525, 0.925712, 0.730909, 0.908086, 0.861196, 0, 0.06897, 0.107684, 0.475727, 0.353219], [0.201775, 0.145433, 0.551018, 0.425128, 0.156637, 0.737708, 0.215504, 0.914569, 0.656173, 0.686236, 0.202098, 0, 0.933252, 0.630152, 0.350998], [0.592891, 0.034329, 0.631408, 0.576026, 0.081648, 0.74492, 0.363972, 0.606509, 0.626804, 0.799753, 0.910998, 0.292718, 0, 0.808586, 0.922016], [0.385916, 0.074189, 0.761477, 0.037828, 0.097704, 0.250555, 0.848352, 0.868055, 0.40416, 0.80755, 0.998921, 0.812463, 0.108208, 0, 0.565764], [0.50022, 0.427802, 0.633414, 0.097702, 0.0579, 0.368131, 0.098898, 0.743174, 0.381168, 0.691253, 0.726306, 0.351846, 0.709391, 0.622673, 0]]}