{"v_num": 15, "mat": [[0, 0.81997, 0.638954, 0.28347, 0.20822, 0.153894, 0.923203, 0.067622, 0.601972, 0.918046, 0.526286, 0.574624, 0.616725, 0.208119, 0.212958], [0.930014, 0, 0.387972, 0.282208, 0.237352, 0.894218, 0.710707, 0.254163, 0.527617, 0.548384, 0.332665, 0.439651, 0.335434, 0.24379, 0.3827], [0.567296, 0.237328, 0, 0.190062, 0.204201, 0.093993, 0.938787, 0.235529, 0.6844, 0.891776, 0.160206, 0.213729, 0.094647, 0.876573, 0.542818], [0.531499, 0.13795, 0.93366, 0, 0.132243, 0.596239, 0.952285, 0.885086, 0.141047, 0.426598, 0.265036, 0.336858, 0.99247, 0.776458, 0.530739], [0.175399, 0.945624, 0.835453, 0.857599, 0, 0.928677, 0.016281, 0.589678, 0.947818, 0.896121, 0.439481, 0.941364, 0.140793, 0.509575, 0.98648], [0.15614, 0.88728, 0.169541, 0.038097, 0.402129, 0, 0.291312, 0.358949, 0.138894, 0.771344, 0.791468, 0.687672, 0.904654, 0.599672, 0.943335], [0.500225, 0.33603, 0.800487, 0.857392, 0.682884, 0.885597, 0, 0.69255, 0.522122, 0.629107, 0.891289, 0.375388, 0.107302, 0.699645, 0.613335], [0.610982, 0.532088, 0.352936, 0.527188, 0.197098, 0.850709, 0.562767, 0, 0.120468, 0.743719, 0.522513, 0.378708, 0.389736, 0.225232, 0.274684], [0.957977, 0.134546, 0.639449, 0.9567, 0.867986, 0.619211, 0.438737, 0.723712, 0, 0.981406, 0.916747, 0.941862, 0.569197, 0.36959, 0.665687], [0.435753, 0.712634, 0.00733, 0.882803, 0.917305, 0.092572, 0.371601, 0.498733, 0.879509, 0, 0.418171, 0.915818, 0.242156, 0.47915, 0.595985], [0.813302, 0.078771, 0.524473, 0.844008, 0.342858, 0.818626, 0.770047, 0.224138, 0.3461, 0.903751, 0, 0.586228, 0.554614, 0.034529, 0.517645], [0.775056, 0.245562, 0.249867, 0.277063, 0.906948, 0.955033, 0.377661, 0.35567, 0.03421, 0.494687, 0.539281, 0, 0.185279, 0.91826, 0.416177], [0.789899, 0.527849, 0.809105, 0.059812, 0.939608, 0.823234, 0.457818, 0.673798, 0.605584, 0.662931, 0.256065, 0.111751, 0, 0.81819, 0.727572], [0.704781, 0.569202, 0.756417, 0.848802, 0.049643, 0.106293, 0.520348, 0.481559, 0.229664, 0.686454, 0.694243, 0.916848, 0.388429, 0, 0.896905], [0.382971, 0.147865, 0.906197, 0.556529, 0.988742, 0.429123, 0.351464, 0.897375, 0.498933, 0.308812, 0.632878, 0.452764, 0.067394, 0.020252, 0]]}