{"v_num": 15, "mat": [[0, 0.231856, 0.843794, 0.227679, 0.665375, 0.509059, 0.12426, 0.118525, 0.29951, 0.197512, 0.517173, 0.621689, 0.092601, 0.510827, 0.968905], [0.83318, 0, 0.011241, 0.035678, 0.229502, 0.894814, 0.434871, 0.912997, 0.045926, 0.91486, 0.767184, 0.363492, 0.349633, 0.546077, 0.543104], [0.209707, 0.628045, 0, 0.704773, 0.86469, 0.429902, 0.746302, 0.11639, 0.511562, 0.935423, 0.169565, 0.464207, 0.342785, 0.44627, 0.275907], [0.645305, 0.697506, 0.062164, 0, 0.857722, 0.515536, 0.316039, 0.030035, 0.119997, 0.670325, 0.653133, 0.10903, 0.507185, 0.708751, 0.177158], [0.227628, 0.28991, 0.880656, 0.331485, 0, 0.217014, 0.707747, 0.687551, 0.20095, 0.541971, 0.795901, 0.192645, 0.99195, 0.346247, 0.354515], [0.392252, 0.089784, 0.717507, 0.314696, 0.581533, 0, 0.096287, 0.610304, 0.294624, 0.082554, 0.830906, 0.320439, 0.127178, 0.236142, 0.105429], [0.96798, 0.905952, 0.371908, 0.460358, 0.914853, 0.717808, 0, 0.146137, 0.783115, 0.361669, 0.680263, 0.994071, 0.683336, 0.33887, 0.975224], [0.539192, 0.768139, 0.263382, 0.954512, 0.832156, 0.186125, 0.087227, 0, 0.187823, 0.874246, 0.793666, 0.771005, 0.182872, 0.86317, 0.638888], [0.822291, 0.903532, 0.138333, 0.433855, 0.661831, 0.018044, 0.715716, 0.485331, 0, 0.764197, 0.006747, 0.343426, 0.294548, 0.181634, 0.441187], [0.227239, 0.040264, 0.027201, 0.020552, 0.978419, 0.839026, 0.587182, 0.785218, 0.056117, 0, 0.259633, 0.358386, 0.883508, 0.650075, 0.978506], [0.449096, 0.387299, 0.479898, 0.989466, 0.957612, 0.352989, 0.713019, 0.353587, 0.38271, 0.975144, 0, 0.780419, 0.590219, 0.843961, 0.038835], [0.728225, 0.022468, 0.369806, 0.34139, 0.990132, 0.835065, 0.736238, 0.975964, 0.656314, 0.057709, 0.486541, 0, 0.957291, 0.368109, 0.950868], [0.730227, 0.335044, 0.758075, 0.346956, 0.782336, 0.79089, 0.03039, 0.453144, 0.163992, 0.476066, 0.320317, 0.071406, 0, 0.973027, 0.422662], [0.213519, 0.690103, 0.180524, 0.078998, 0.650151, 0.289737, 0.366669, 0.112355, 0.137558, 0.110135, 0.516496, 0.613337, 0.184698, 0, 0.104064], [0.90661, 0.537807, 0.404498, 0.383687, 0.889308, 0.433864, 0.389786, 0.593907, 0.253283, 0.93277, 0.583324, 0.658685, 0.417626, 0.077593, 0]]}