{"v_num": 15, "mat": [[0, 0.284952, 0.400006, 0.524678, 0.99057, 0.363416, 0.908317, 0.835093, 0.648651, 0.711251, 0.828665, 0.241808, 0.163989, 0.944658, 0.475432], [0.590721, 0, 0.274613, 0.064013, 0.197867, 0.627193, 0.536205, 0.444284, 0.439723, 0.314229, 0.008693, 0.957717, 0.465841, 0.106576, 0.996961], [0.502348, 0.189059, 0, 0.728672, 0.50496, 0.928834, 0.046511, 0.373023, 0.422446, 0.69686, 0.772349, 0.39922, 0.364213, 0.384544, 0.358358], [0.443073, 0.672218, 0.999931, 0, 0.616964, 0.998667, 0.625085, 0.823546, 0.093169, 0.361665, 0.5603, 0.514159, 0.964136, 0.68162, 0.211582], [0.313446, 0.784066, 0.207767, 0.084386, 0, 0.157986, 0.612889, 0.689456, 0.788537, 0.185064, 0.590834, 0.066564, 0.801846, 0.389146, 0.05011], [0.015677, 0.647856, 0.30218, 0.859795, 0.748137, 0, 0.931859, 0.534129, 0.850896, 0.970912, 0.033005, 0.228919, 0.206354, 0.252875, 0.539169], [0.438771, 0.484927, 0.45561, 0.973137, 0.214364, 0.341584, 0, 0.078349, 0.564926, 0.411375, 0.894142, 0.71128, 0.792778, 0.644673, 0.797695], [0.076723, 0.54308, 0.524552, 0.936159, 0.751255, 0.281071, 0.943991, 0, 0.624612, 0.794147, 0.154636, 0.693754, 0.86814, 0.755926, 0.483625], [0.798864, 0.011457, 0.516286, 0.477381, 0.292818, 0.495821, 0.842492, 0.3332, 0, 0.782249, 0.011437, 0.361535, 0.666767, 0.539384, 0.007739], [0.248681, 0.607977, 0.804316, 0.06528, 0.857007, 0.86594, 0.794606, 0.31606, 0.525865, 0, 0.454083, 0.953093, 0.507225, 0.52942, 0.21605], [0.405042, 0.078756, 0.27027, 0.894798, 0.895575, 0.542829, 0.066071, 0.512679, 0.097042, 0.872966, 0, 0.848209, 0.211711, 0.428805, 0.734005], [0.459348, 0.938989, 0.491241, 0.51308, 0.663515, 0.655893, 0.567082, 0.293746, 0.30644, 0.458863, 0.211977, 0, 0.113965, 0.951222, 0.224961], [0.077575, 0.061704, 0.539302, 0.173339, 0.617719, 0.602366, 0.386098, 0.663915, 0.966935, 0.471807, 0.648106, 0.137408, 0, 0.514067, 0.932997], [0.471342, 0.009357, 0.866451, 0.925133, 0.104317, 0.587872, 0.111435, 0.340045, 0.566464, 0.087679, 0.815229, 0.993285, 0.668914, 0, 0.535385], [0.748857, 0.999213, 0.748783, 0.641349, 0.488668, 0.0892, 0.774265, 0.48109, 0.701279, 0.3791, 0.65586, 0.726168, 0.944078, 0.278693, 0]]}