{"v_num": 15, "mat": [[0, 0.507502, 0.715068, 0.691172, 0.092626, 0.605496, 0.130088, 0.784401, 0.294298, 0.786187, 0.311698, 0.155635, 0.100857, 0.499752, 0.221808], [0.282213, 0, 0.037114, 0.62798, 0.338886, 0.382296, 0.091706, 0.561335, 0.432612, 0.726504, 0.405807, 0.344865, 0.007499, 0.880199, 0.171892], [0.764922, 0.541373, 0, 0.384431, 0.971425, 0.663178, 0.970322, 0.414303, 0.105348, 0.026868, 0.933328, 0.430091, 0.821757, 0.153828, 0.753387], [0.198346, 0.441711, 0.175647, 0, 0.687202, 0.883202, 0.68274, 0.006555, 0.725812, 0.125542, 0.428543, 0.89085, 0.1304, 0.375125, 0.083805], [0.732788, 0.154354, 0.802733, 0.304173, 0, 0.81794, 0.455109, 0.362586, 0.265268, 0.44442, 0.21193, 0.118933, 0.893883, 0.78233, 0.50172], [0.641112, 0.744873, 0.627691, 0.07127, 0.644213, 0, 0.301322, 0.818654, 0.565036, 0.376667, 0.109523, 0.206863, 0.729205, 0.988105, 0.800232], [0.370882, 0.150776, 0.087324, 0.111342, 0.924463, 0.058702, 0, 0.691126, 0.583527, 0.770178, 0.594865, 0.141008, 0.358896, 0.768928, 0.756051], [0.185359, 0.54054, 0.83391, 0.913527, 0.0584, 0.741648, 0.076563, 0, 0.645013, 0.623737, 0.47221, 0.481724, 0.741326, 0.71663, 0.323142], [0.155309, 0.347296, 0.524538, 0.643421, 0.47341, 0.178498, 0.840224, 0.911591, 0, 0.461492, 0.625339, 0.597541, 0.313137, 0.731311, 0.661261], [0.112497, 0.339979, 0.39527, 0.471566, 0.789566, 0.251183, 0.656914, 0.7556, 0.185583, 0, 0.603798, 0.515543, 0.102978, 0.689728, 0.655393], [0.945367, 0.250556, 0.531025, 0.567074, 0.288884, 0.222803, 0.189777, 0.622008, 0.765701, 0.546658, 0, 0.409979, 0.086614, 0.735438, 0.107023], [0.931783, 0.041716, 0.437558, 0.849023, 0.186033, 0.149271, 0.195307, 0.093663, 0.49063, 0.791418, 0.404042, 0, 0.296884, 0.145071, 0.311776], [0.016191, 0.443087, 0.262159, 0.461082, 0.609071, 0.948875, 0.634867, 0.992416, 0.935591, 0.422308, 0.225743, 0.570103, 0, 0.607896, 0.991876], [0.517106, 0.426992, 0.996367, 0.786124, 0.12226, 0.524401, 0.103242, 0.152171, 0.063086, 0.362222, 0.530593, 0.490014, 0.12306, 0, 0.292011], [0.32533, 0.721505, 0.886294, 0.430806, 0.962001, 0.133308, 0.242633, 0.663541, 0.497958, 0.328212, 0.020464, 0.948506, 0.605843, 0.220104, 0]]}