{"v_num": 15, "mat": [[0, 0.734231, 0.411242, 0.244386, 0.619978, 0.871132, 0.644161, 0.700505, 0.448562, 0.962101, 0.513187, 0.321639, 0.559046, 0.063849, 0.317629], [0.580566, 0, 0.836951, 0.81514, 0.177401, 0.901177, 0.302684, 0.724563, 0.533419, 0.879072, 0.540223, 0.120785, 0.042549, 0.318797, 0.181053], [0.577065, 0.860551, 0, 0.924751, 0.629725, 0.532862, 0.046634, 0.099138, 0.795608, 0.068711, 0.989125, 0.311016, 0.810157, 0.919344, 0.957951], [0.370945, 0.900716, 0.21371, 0, 0.976144, 0.157275, 0.69358, 0.865021, 0.48786, 0.626456, 0.990758, 0.248097, 0.878047, 0.886289, 0.785406], [0.666337, 0.658521, 0.41182, 0.917458, 0, 0.285578, 0.235965, 0.851796, 0.574541, 0.502298, 0.536288, 0.192467, 0.78297, 0.187953, 0.272697], [0.615452, 0.8034, 0.484228, 0.332588, 0.854218, 0, 0.860354, 0.86173, 0.555859, 0.084138, 0.501992, 0.097282, 0.601464, 0.148289, 0.805769], [0.777, 0.453587, 0.883562, 0.159333, 0.18191, 0.796786, 0, 0.478078, 0.102893, 0.516935, 0.282405, 0.931543, 0.732304, 0.377051, 0.174431], [0.035612, 0.306227, 0.940939, 0.239418, 0.505903, 0.208352, 0.268308, 0, 0.506293, 0.391514, 0.993848, 0.222813, 0.257093, 0.509628, 0.433764], [0.788596, 0.142967, 0.760918, 0.801041, 0.827844, 0.004971, 0.7076, 0.612249, 0, 0.312604, 0.834955, 0.037716, 0.351254, 0.517082, 0.06091], [0.281764, 0.686128, 0.759435, 0.897877, 0.303297, 0.121554, 0.336337, 0.945417, 0.103597, 0, 0.186896, 0.792466, 0.944542, 0.378271, 0.50239], [0.337524, 0.825697, 0.419736, 0.779869, 0.400351, 0.941291, 0.616217, 0.613647, 0.933744, 0.351813, 0, 0.915645, 0.964083, 0.628907, 0.755255], [0.66388, 0.560741, 0.704658, 0.368352, 0.463599, 0.115375, 0.053157, 0.795372, 0.375606, 0.196281, 0.444431, 0, 0.460755, 0.808169, 0.692145], [0.215573, 0.317444, 0.696975, 0.482544, 0.456995, 0.200908, 0.690496, 0.792791, 0.97279, 0.501746, 0.809969, 0.232584, 0, 0.716684, 0.960324], [0.865432, 0.971354, 0.006925, 0.988366, 0.74649, 0.396453, 0.854805, 0.908415, 0.079324, 0.681164, 0.003792, 0.201392, 0.410577, 0, 0.350336], [0.777714, 0.294158, 0.210785, 0.820525, 0.015825, 0.013589, 0.310531, 0.253779, 0.625249, 0.619183, 0.055865, 0.000123, 0.176253, 0.029269, 0]]}