{"v_num": 15, "mat": [[0, 0.294349, 0.583568, 0.622105, 0.761732, 0.387169, 0.933099, 0.075095, 0.628664, 0.122776, 0.67468, 0.580076, 0.559803, 0.792705, 0.213445], [0.733856, 0, 0.922587, 0.922389, 0.599844, 0.671275, 0.782325, 0.685995, 0.463362, 0.65449, 0.85007, 0.552903, 0.028426, 0.112436, 0.688208], [0.791498, 0.316852, 0, 0.82275, 0.996732, 0.536569, 0.848004, 0.267602, 0.322894, 0.599614, 0.19097, 0.501178, 0.524928, 0.32635, 0.078331], [0.399179, 0.27248, 0.951989, 0, 0.088286, 0.115527, 0.148296, 0.76568, 0.686065, 0.422418, 0.591186, 0.501367, 0.759622, 0.86748, 0.268765], [0.37352, 0.007468, 0.214605, 0.119504, 0, 0.598666, 0.590428, 0.369408, 0.009829, 0.681352, 0.764511, 0.56003, 0.245885, 0.119819, 0.381966], [0.339466, 0.36222, 0.421755, 0.298989, 0.146416, 0, 0.713637, 0.078775, 0.304288, 0.533184, 0.297454, 0.112073, 0.089263, 0.46715, 0.214523], [0.478777, 0.332699, 0.77581, 0.937622, 0.037483, 0.432879, 0, 0.373149, 0.23566, 0.818926, 0.706968, 0.350372, 0.627227, 0.44397, 0.782111], [0.661993, 0.832814, 0.956093, 0.653351, 0.378337, 0.287446, 0.042145, 0, 0.574535, 0.693813, 0.653868, 0.385024, 0.586641, 0.452968, 0.64331], [0.832791, 0.204345, 0.095912, 0.394926, 0.450648, 0.239068, 0.170164, 0.800093, 0, 0.255152, 0.472137, 0.209589, 0.729731, 0.106592, 0.196532], [0.777246, 0.101312, 0.614727, 0.370693, 0.018757, 0.45989, 0.665912, 0.772466, 0.302297, 0, 0.956463, 0.232295, 0.103118, 0.021341, 0.20762], [0.581001, 0.331414, 0.641487, 0.094596, 0.061009, 0.647559, 0.100136, 0.361655, 0.251104, 0.611875, 0, 0.379277, 0.321492, 0.85502, 0.619504], [0.167869, 0.627743, 0.84026, 0.31459, 0.758211, 0.243618, 0.359241, 0.584312, 0.959118, 0.834395, 0.711151, 0, 0.62367, 0.84086, 0.596394], [0.361594, 0.959903, 0.528879, 0.971414, 0.466806, 0.269798, 0.26633, 0.51797, 0.077355, 0.78747, 0.653773, 0.732279, 0, 0.378618, 0.561529], [0.603717, 0.019298, 0.352639, 0.161064, 0.141202, 0.907949, 0.886095, 0.444488, 0.492739, 0.949879, 0.302849, 0.815176, 0.645564, 0, 0.629805], [0.972159, 0.101991, 0.260842, 0.040382, 0.48289, 0.944631, 0.916365, 0.822572, 0.238643, 0.446497, 0.910907, 0.892224, 0.167266, 0.365486, 0]]}