{"v_num": 15, "mat": [[0, 0.890338, 0.044945, 0.50532, 0.458029, 0.972909, 0.085289, 0.951223, 0.14256, 0.58999, 0.772966, 0.462884, 0.085515, 0.951007, 0.671729], [0.049939, 0, 0.099492, 0.426281, 0.054494, 0.236848, 0.820111, 0.893232, 0.486906, 0.790359, 0.664809, 0.957936, 0.602065, 0.924613, 0.922773], [0.229301, 0.370224, 0, 0.895535, 0.028715, 0.886923, 0.741477, 0.846761, 0.514504, 0.000983, 0.61484, 0.363718, 0.40822, 0.192928, 0.430412], [0.426983, 0.525181, 0.489289, 0, 0.9585, 0.137487, 0.030185, 0.958689, 0.248731, 0.67763, 0.39693, 0.512805, 0.953874, 0.521905, 0.145782], [0.774342, 0.367906, 0.829948, 0.243436, 0, 0.379005, 0.891459, 0.602234, 0.385572, 0.581801, 0.897079, 0.070164, 0.469196, 0.115734, 0.336092], [0.53353, 0.340002, 0.572121, 0.390132, 0.835934, 0, 0.303106, 0.780192, 0.135532, 0.168302, 0.402817, 0.521388, 0.54891, 0.197318, 0.888343], [0.789006, 0.349706, 0.071054, 0.372284, 0.762344, 0.153415, 0, 0.09653, 0.422274, 0.845311, 0.536676, 0.88113, 0.502977, 0.941541, 0.38444], [0.463059, 0.38091, 0.398188, 0.981086, 0.671498, 0.696392, 0.871651, 0, 0.968278, 0.949909, 0.837718, 0.906101, 0.501998, 0.347429, 0.290181], [0.481336, 0.1945, 0.482559, 0.97246, 0.316199, 0.537558, 0.119061, 0.004567, 0, 0.834051, 0.67235, 0.581623, 0.347142, 0.530611, 0.230359], [0.374972, 0.759273, 0.580185, 0.905718, 0.487454, 0.10283, 0.246778, 0.634154, 0.26742, 0, 0.536521, 0.467161, 0.147439, 0.569597, 0.717747], [0.336106, 0.40827, 0.545015, 0.871663, 0.30283, 0.597841, 0.312409, 0.650788, 0.628431, 0.497632, 0, 0.544627, 0.198802, 0.449002, 0.970784], [0.73938, 0.499303, 0.872175, 0.619603, 0.222541, 0.167909, 0.303383, 0.683972, 0.860475, 0.127415, 0.940105, 0, 0.30535, 0.927918, 0.562559], [0.266753, 0.957499, 0.306554, 0.759895, 0.496346, 0.733445, 0.713251, 0.553042, 0.573187, 0.019482, 0.977231, 0.933296, 0, 0.910653, 0.520509], [0.381774, 0.364035, 0.924507, 0.634949, 0.745454, 0.871301, 0.530567, 0.643366, 0.26315, 0.288742, 0.106039, 0.903608, 0.20416, 0, 0.825786], [0.624791, 0.383735, 0.850064, 0.416343, 0.17029, 0.949287, 0.408868, 0.379581, 0.742272, 0.855739, 0.623206, 0.022757, 0.425315, 0.573617, 0]]}