{"v_num": 15, "mat": [[0, 0.034031, 0.475606, 0.636188, 0.669612, 0.967388, 0.526338, 0.124211, 0.026582, 0.741266, 0.425811, 0.410139, 0.987621, 0.617858, 0.095366], [0.645836, 0, 0.442774, 0.607781, 0.709389, 0.538474, 0.299032, 0.591417, 0.554317, 0.605488, 0.75799, 0.529724, 0.832909, 0.789108, 0.771617], [0.592109, 0.46919, 0, 0.060528, 0.855948, 0.203385, 0.290278, 0.96947, 0.05928, 0.247233, 0.339431, 0.866885, 0.654499, 0.103044, 0.721807], [0.308394, 0.139845, 0.811923, 0, 0.645838, 0.683779, 0.047495, 0.048606, 0.919223, 0.592144, 0.63624, 0.970801, 0.51641, 0.20483, 0.347823], [0.208617, 0.516819, 0.021154, 0.598812, 0, 0.043544, 0.885361, 0.906298, 0.985402, 0.107502, 0.804682, 0.666556, 0.968436, 0.014739, 0.024977], [0.516428, 0.889992, 0.687609, 0.279167, 0.481812, 0, 0.647278, 0.210611, 0.772857, 0.237488, 0.725937, 0.926193, 0.518186, 0.513368, 0.309146], [0.341036, 0.17388, 0.12889, 0.056411, 0.837428, 0.950554, 0, 0.899839, 0.472016, 0.889312, 0.512864, 0.410195, 0.639531, 0.864097, 0.164812], [0.208727, 0.175299, 0.351034, 0.848134, 0.574958, 0.547341, 0.893068, 0, 0.014998, 0.593011, 0.916414, 0.219732, 0.976827, 0.610086, 0.668892], [0.749328, 0.829789, 0.307498, 0.496164, 0.251279, 0.872564, 0.585557, 0.632445, 0, 0.0738, 0.935337, 0.605267, 0.493747, 0.480814, 0.199482], [0.151079, 0.675235, 0.238812, 0.053873, 0.203693, 0.33094, 0.224548, 0.912527, 0.096303, 0, 0.169945, 0.397724, 0.354754, 0.528547, 0.664727], [0.248573, 0.951805, 0.388407, 0.98134, 0.28413, 0.397956, 0.578586, 0.47603, 0.488706, 0.651632, 0, 0.182871, 0.977031, 0.297554, 0.801899], [0.905134, 0.936426, 0.149738, 0.555424, 0.551286, 0.939659, 0.183906, 0.226462, 0.937822, 0.512565, 0.3908, 0, 0.854018, 0.5807, 0.709389], [0.746528, 0.999921, 0.245365, 0.530624, 0.237046, 0.546776, 0.411813, 0.61928, 0.596915, 0.721882, 0.735183, 0.150265, 0, 0.712275, 0.756043], [0.553526, 0.048816, 0.116567, 0.875099, 0.770901, 0.147004, 0.663913, 0.494798, 0.703625, 0.038178, 0.96899, 0.239514, 0.417685, 0, 0.822614], [0.572074, 0.059776, 0.113438, 0.560047, 0.162708, 0.27655, 0.158306, 0.886015, 0.11994, 0.491651, 0.864553, 0.321283, 0.256977, 0.087701, 0]]}