{"v_num": 15, "mat": [[0, 0.973984, 0.635437, 0.676817, 0.743394, 0.961937, 0.185311, 0.89408, 0.477185, 0.433187, 0.316679, 0.656161, 0.211412, 0.652472, 0.078882], [0.097509, 0, 0.907713, 0.452055, 0.047287, 0.14358, 0.655923, 0.632605, 0.247352, 0.128973, 0.84909, 0.179273, 0.025413, 0.326268, 0.830871], [0.417607, 0.131171, 0, 0.822318, 0.350105, 0.066777, 0.396706, 0.343963, 0.071042, 0.896955, 0.861175, 0.96202, 0.076095, 0.105746, 0.602125], [0.695364, 0.03621, 0.361309, 0, 0.870207, 0.672322, 0.231993, 0.679992, 0.93963, 0.756549, 0.983658, 0.723772, 0.299071, 0.658951, 0.690831], [0.128509, 0.476598, 0.211409, 0.266842, 0, 0.261253, 0.170826, 0.94061, 0.194283, 0.548916, 0.976864, 0.360188, 0.46435, 0.841919, 0.092631], [0.228, 0.481295, 0.614037, 0.566846, 0.120291, 0, 0.129601, 0.31555, 0.680821, 0.017685, 0.626221, 0.059428, 0.242981, 0.915716, 0.990579], [0.569126, 0.420106, 0.788275, 0.223265, 0.176106, 0.026489, 0, 0.398138, 0.543129, 0.237888, 0.116437, 0.897073, 0.358194, 0.780029, 0.277286], [0.668232, 0.383739, 0.923628, 0.886604, 0.825702, 0.235959, 0.226718, 0, 0.811572, 0.28897, 0.401902, 0.717213, 0.169841, 0.499884, 0.845316], [0.006497, 0.884857, 0.21828, 0.567343, 0.561045, 0.841156, 0.353631, 0.212397, 0, 0.087904, 0.136912, 0.899074, 0.313221, 0.049764, 0.207053], [0.67448, 0.720552, 0.634149, 0.075702, 0.300808, 0.715072, 0.20258, 0.70551, 0.498099, 0, 0.538064, 0.557944, 0.801546, 0.0147, 0.785454], [0.112376, 0.39103, 0.766045, 0.884632, 0.957669, 0.110306, 0.152843, 0.823096, 0.767017, 0.15165, 0, 0.652615, 0.002992, 0.257948, 0.174372], [0.533596, 0.583036, 0.579567, 0.271351, 0.66991, 0.534999, 0.433102, 0.144941, 0.841599, 0.292768, 0.521141, 0, 0.409714, 0.178289, 0.164628], [0.813381, 0.930128, 0.008866, 0.388112, 0.197173, 0.762481, 0.276928, 0.47762, 0.301105, 0.045823, 0.772502, 0.258416, 0, 0.201886, 0.598118], [0.559715, 0.905467, 0.70204, 0.731593, 0.092727, 0.542824, 0.84407, 0.917842, 0.09371, 0.10207, 0.494358, 0.31863, 0.730819, 0, 0.13719], [0.108795, 0.208535, 0.157796, 0.093148, 0.968598, 0.399582, 0.096283, 0.611141, 0.848976, 0.255996, 0.43135, 0.929699, 0.761503, 0.091526, 0]]}