{"v_num": 15, "mat": [[0, 0.424896, 0.471777, 0.226161, 0.779558, 0.314085, 0.103083, 0.953581, 0.657508, 0.743902, 0.805533, 0.404458, 0.039041, 0.254951, 0.930938], [0.4888, 0, 0.120152, 0.717221, 0.743511, 0.547632, 0.729215, 0.887521, 0.811521, 0.954373, 0.407368, 0.856011, 0.174888, 0.88297, 0.986513], [0.167592, 0.475507, 0, 0.406106, 0.581644, 0.252567, 0.123737, 0.096858, 0.184644, 0.539904, 0.946917, 0.710957, 0.853843, 0.145316, 0.295023], [0.123617, 0.865484, 0.588233, 0, 0.552281, 0.222947, 0.845758, 0.270237, 0.663373, 0.021091, 0.353699, 0.881912, 0.225332, 0.212787, 0.766711], [0.481537, 0.710171, 0.460434, 0.385703, 0, 0.510752, 0.214026, 0.17289, 0.25737, 0.391695, 0.875067, 0.900508, 0.502835, 0.481255, 0.91567], [0.23666, 0.903321, 0.835806, 0.23564, 0.645351, 0, 0.695429, 0.411982, 0.912664, 0.08459, 0.856191, 0.850309, 0.692802, 0.459024, 0.038367], [0.70907, 0.218801, 0.289188, 0.369813, 0.126316, 0.988389, 0, 0.993315, 0.559859, 0.159094, 0.995747, 0.423883, 0.708358, 0.40498, 0.599084], [0.984191, 0.449247, 0.452741, 0.532217, 0.534224, 0.913412, 0.54885, 0, 0.743071, 0.076687, 0.090507, 0.919003, 0.850042, 0.461981, 0.462927], [0.717962, 0.794614, 0.679409, 0.78745, 0.743727, 0.071894, 0.865067, 0.694026, 0, 0.730931, 0.165773, 0.455299, 0.187063, 0.709207, 0.903975], [0.637677, 0.420595, 0.290868, 0.466361, 0.542902, 0.845339, 0.240664, 0.679914, 0.989418, 0, 0.100614, 0.138277, 0.718499, 0.755479, 0.363133], [0.711983, 0.495935, 0.912854, 0.380902, 0.484736, 0.82763, 0.200193, 0.280457, 0.38346, 0.649408, 0, 0.395774, 0.877066, 0.199548, 0.297982], [0.251153, 0.830183, 0.64399, 0.24108, 0.427504, 0.723043, 0.214553, 0.827236, 0.637443, 0.206861, 0.109335, 0, 0.523371, 0.4741, 0.161115], [0.31476, 0.986915, 0.945544, 0.292203, 0.837191, 0.281822, 0.744211, 0.72685, 0.520487, 0.596605, 0.098231, 0.758623, 0, 0.632351, 0.836166], [0.893813, 0.091235, 0.436645, 0.2846, 0.504093, 0.719917, 0.299823, 0.286807, 0.608182, 0.974213, 0.669867, 0.913763, 0.832134, 0, 0.744384], [0.472762, 0.255206, 0.715706, 0.994534, 0.047251, 0.617801, 0.432309, 0.986681, 0.464473, 0.528588, 0.971049, 0.201951, 0.628061, 0.44838, 0]]}