{"v_num": 15, "mat": [[0, 0.150188, 0.114972, 0.342047, 0.137283, 0.577156, 0.704487, 0.223007, 0.300125, 0.552952, 0.799822, 0.047758, 0.22831, 0.173522, 0.150697], [0.079954, 0, 0.121828, 0.87603, 0.582167, 0.750617, 0.57187, 0.203426, 0.890208, 0.559311, 0.309534, 0.920834, 0.324475, 0.49234, 0.978198], [0.483334, 0.250549, 0, 0.217212, 0.66371, 0.432177, 0.009305, 0.75201, 0.521137, 0.506089, 0.416611, 0.071309, 0.067912, 0.092445, 0.737109], [0.062092, 0.554716, 0.527698, 0, 0.052574, 0.069139, 0.905856, 0.278105, 0.667303, 0.763239, 0.265489, 0.479168, 0.279688, 0.899701, 0.978666], [0.873183, 0.206632, 0.806691, 0.632348, 0, 0.7384, 0.745023, 0.971463, 0.069986, 0.103703, 0.108418, 0.336095, 0.830329, 0.384361, 0.783638], [0.215387, 0.701734, 0.353707, 0.938806, 0.557768, 0, 0.497328, 0.811223, 0.886289, 0.008227, 0.555917, 0.207813, 0.685639, 0.391574, 0.226933], [0.406986, 0.653316, 0.757796, 0.003214, 0.27624, 0.071264, 0, 0.267892, 0.972379, 0.300261, 0.245576, 0.347886, 0.98498, 0.878601, 0.310213], [0.711161, 0.385287, 0.660604, 0.477202, 0.340159, 0.656337, 0.625194, 0, 0.047836, 0.109075, 0.809326, 0.130897, 0.367493, 0.590443, 0.248557], [0.114566, 0.483295, 0.477442, 0.476168, 0.72359, 0.186939, 0.103907, 0.154956, 0, 0.430734, 0.946824, 0.782879, 0.651445, 0.864355, 0.900868], [0.260772, 0.826043, 0.881795, 0.25499, 0.657507, 0.275543, 0.342107, 0.50678, 0.010018, 0, 0.709136, 0.899278, 0.574851, 0.237916, 0.727126], [0.525042, 0.298053, 0.39408, 0.330431, 0.770071, 0.0141, 0.849175, 0.549341, 0.874809, 0.608805, 0, 0.185955, 0.292688, 0.378037, 0.746811], [0.466883, 0.863629, 0.308706, 0.608665, 0.949321, 0.380506, 0.152821, 0.381878, 0.331596, 0.08891, 0.306469, 0, 0.259571, 0.920435, 0.427142], [0.346306, 0.290414, 0.9068, 0.218509, 0.395175, 0.96649, 0.101564, 0.140216, 0.469561, 0.801904, 0.473032, 0.327444, 0, 0.127948, 0.506335], [0.156475, 0.474878, 0.6207, 0.28856, 0.594509, 0.472007, 0.864751, 0.68291, 0.837654, 0.189036, 0.762947, 0.684494, 0.447424, 0, 0.030542], [0.824347, 0.286784, 0.454078, 0.069415, 0.919952, 0.504103, 0.252788, 0.545208, 0.207005, 0.357985, 0.41839, 0.584154, 0.343016, 0.34162, 0]]}