{"v_num": 15, "mat": [[0, 0.164159, 0.578769, 0.588382, 0.078299, 0.747912, 0.405002, 0.459691, 0.989534, 0.20758, 0.232239, 0.695473, 0.71095, 0.324267, 0.862], [0.859997, 0, 0.407628, 0.904208, 0.227429, 0.186521, 0.569661, 0.550731, 0.095918, 0.28099, 0.152034, 0.291693, 0.502009, 0.871823, 0.668666], [0.184924, 0.556648, 0, 0.37902, 0.246197, 0.627829, 0.975799, 0.499631, 0.458554, 0.923641, 0.753485, 0.941645, 0.209979, 0.053231, 0.426961], [0.760118, 0.107494, 0.996893, 0, 0.294719, 0.598168, 0.642385, 0.301553, 0.326047, 0.234786, 0.764795, 0.677388, 0.93674, 0.647394, 0.703502], [0.385994, 0.728258, 0.306948, 0.959242, 0, 0.440436, 0.469566, 0.360681, 0.390505, 0.442738, 0.512478, 0.496685, 0.228658, 0.92403, 0.001468], [0.579543, 0.792922, 0.494947, 0.66901, 0.853103, 0, 0.115311, 0.184268, 0.643363, 0.720925, 0.14845, 0.31658, 0.09077, 0.004878, 0.622377], [0.078751, 0.600746, 0.879581, 0.060408, 0.983222, 0.265062, 0, 0.595578, 0.836264, 0.462546, 0.514032, 0.797936, 0.521138, 0.57943, 0.715272], [0.230454, 0.192853, 0.250631, 0.543733, 0.401378, 0.988547, 0.895192, 0, 0.496848, 0.9977, 0.161212, 0.318716, 0.829894, 0.620964, 0.781234], [0.643284, 0.633709, 0.250791, 0.133774, 0.810465, 0.21032, 0.076813, 0.931019, 0, 0.513555, 0.723806, 0.494377, 0.321084, 0.410747, 0.839035], [0.632258, 0.854415, 0.199451, 0.836084, 0.866071, 0.779141, 0.846983, 0.598707, 0.854154, 0, 0.157557, 0.461776, 0.546384, 0.872126, 0.188854], [0.922062, 0.41527, 0.919136, 0.272469, 0.441525, 0.141314, 0.647863, 0.143926, 0.843363, 0.532503, 0, 0.12931, 0.942881, 0.611189, 0.293225], [0.159486, 0.979231, 0.926292, 0.090037, 0.599899, 0.210057, 0.964733, 0.896552, 0.279956, 0.43763, 0.650798, 0, 0.479339, 0.390279, 0.589928], [0.626236, 0.904166, 0.534089, 0.372361, 0.688153, 0.590892, 0.384684, 0.63249, 0.198097, 0.557669, 0.314837, 0.347613, 0, 0.960571, 0.467198], [0.495398, 0.642555, 0.632406, 0.689013, 0.942887, 0.053266, 0.714483, 0.862492, 0.292782, 0.232882, 0.176993, 0.056025, 0.67197, 0, 0.739067], [0.68923, 0.679805, 0.474088, 0.439271, 0.752637, 0.678912, 0.465509, 0.316458, 0.50174, 0.843844, 0.410612, 0.346204, 0.99331, 0.062665, 0]]}