{"v_num": 15, "mat": [[0, 0.989755, 0.603846, 0.682283, 0.753835, 0.17924, 0.551582, 0.510042, 0.86013, 0.995393, 0.791659, 0.913243, 0.778804, 0.487595, 0.725675], [0.422751, 0, 0.916078, 0.373016, 0.451146, 0.1606, 0.667287, 0.808135, 0.360209, 0.853127, 0.989262, 0.386582, 0.899992, 0.738686, 0.818235], [0.13869, 0.405709, 0, 0.926746, 0.599445, 0.671105, 0.966576, 0.340444, 0.125884, 0.623482, 0.029124, 0.505089, 0.448464, 0.71287, 0.114107], [0.133864, 0.143707, 0.194628, 0, 0.004461, 0.440023, 0.176181, 0.055343, 0.632853, 0.264265, 0.15237, 0.232393, 0.056893, 0.623966, 0.510337], [0.47229, 0.589223, 0.51319, 0.309996, 0, 0.261372, 0.705987, 0.607386, 0.185985, 0.162183, 0.6572, 0.314215, 0.008371, 0.450012, 0.13536], [0.225821, 0.948399, 0.337603, 0.736264, 0.463137, 0, 0.084134, 0.669986, 0.878008, 0.943605, 0.351639, 0.847154, 0.633283, 0.668494, 0.98905], [0.338095, 0.167643, 0.833275, 0.687897, 0.180765, 0.544679, 0, 0.811704, 0.797629, 0.896947, 0.697678, 0.579557, 0.527945, 0.718089, 0.780225], [0.963259, 0.519502, 0.308342, 0.525296, 0.53631, 0.604909, 0.055411, 0, 0.882999, 0.082015, 0.392049, 0.665334, 0.76567, 0.76179, 0.910205], [0.977727, 0.785854, 0.16627, 0.15279, 0.36187, 0.620436, 0.585211, 0.902343, 0, 0.05432, 0.422672, 0.187135, 0.859115, 0.793206, 0.576081], [0.30857, 0.064164, 0.093944, 0.013536, 0.737372, 0.125845, 0.627732, 0.696374, 0.32278, 0, 0.523072, 0.063842, 0.218603, 0.150145, 0.947901], [0.879653, 0.28807, 0.231008, 0.062677, 0.421585, 0.286488, 0.95267, 0.012184, 0.080118, 0.327298, 0, 0.423699, 0.424806, 0.78738, 0.526195], [0.028159, 0.609495, 0.459309, 0.963717, 0.757747, 0.913316, 0.965292, 0.553429, 0.616882, 0.406365, 0.759873, 0, 0.871785, 0.729674, 0.734102], [0.864927, 0.923117, 0.880725, 0.998422, 0.493616, 0.326215, 0.075557, 0.491492, 0.437806, 0.619785, 0.318236, 0.665327, 0, 0.865681, 0.844546], [0.053511, 0.118791, 0.94441, 0.236425, 0.377917, 0.819196, 0.339741, 0.026567, 0.006177, 0.065703, 0.368908, 0.785345, 0.879486, 0, 0.279236], [0.35966, 0.400578, 0.646613, 0.369802, 0.294307, 0.08837, 0.20526, 0.875058, 0.051499, 0.622766, 0.535089, 0.720522, 0.339626, 0.664849, 0]]}