{"v_num": 15, "mat": [[0, 0.426925, 0.617583, 0.350772, 0.850308, 0.15444, 0.665136, 0.713371, 0.016665, 0.639114, 0.878383, 0.982869, 0.846817, 0.252441, 0.417661], [0.626544, 0, 0.003268, 0.091485, 0.137105, 0.400325, 0.169232, 0.940579, 0.156201, 0.208128, 0.747944, 0.073764, 0.045263, 0.851616, 0.227449], [0.064529, 0.72944, 0, 0.408409, 0.681179, 0.010524, 0.031212, 0.230669, 0.727564, 0.01234, 0.310064, 0.374675, 0.890843, 0.900034, 0.98975], [0.486975, 0.908286, 0.441373, 0, 0.276437, 0.243116, 0.896955, 0.885569, 0.741351, 0.382221, 0.39949, 0.088152, 0.049758, 0.388805, 0.776161], [0.1321, 0.140616, 0.706692, 0.862842, 0, 0.047584, 0.180803, 0.532258, 0.259422, 0.781721, 0.766286, 0.146338, 0.194874, 0.931279, 0.486219], [0.443998, 0.473771, 0.596067, 0.302738, 0.663602, 0, 0.273167, 0.996945, 0.16661, 0.807183, 0.989104, 0.368424, 0.463614, 0.798789, 0.706551], [0.365631, 0.258219, 0.127661, 0.340828, 0.888123, 0.602384, 0, 0.752109, 0.721837, 0.415158, 0.030515, 0.113177, 0.862112, 0.598475, 0.823749], [0.611689, 0.269955, 0.83546, 0.361195, 0.977743, 0.479257, 0.086283, 0, 0.458595, 0.990389, 0.144633, 0.51349, 0.205543, 0.755832, 0.933685], [0.403551, 0.208119, 0.187081, 0.590949, 0.67618, 0.472458, 0.018377, 0.726302, 0, 0.722259, 0.582254, 0.884834, 0.933926, 0.295109, 0.43872], [0.810861, 0.866589, 0.67042, 0.842298, 0.788034, 0.267726, 0.582817, 0.476231, 0.562039, 0, 0.767354, 0.069159, 0.888139, 0.86385, 0.862279], [0.998268, 0.522062, 0.819274, 0.570991, 0.404373, 0.439323, 0.679519, 0.952855, 0.942921, 0.906436, 0, 0.109093, 0.97642, 0.207485, 0.168112], [0.012736, 0.770789, 0.931891, 0.737942, 0.854281, 0.489793, 0.005611, 0.908509, 0.255896, 0.924227, 0.5377, 0, 0.109919, 0.168244, 0.176352], [0.737749, 0.123561, 0.370618, 0.106367, 0.234618, 0.949774, 0.592152, 0.720642, 0.311951, 0.974349, 0.000693, 0.695116, 0, 0.16518, 0.058241], [0.087131, 0.595072, 0.38578, 0.927561, 0.31042, 0.359625, 0.10852, 0.002518, 0.493104, 0.28303, 0.969071, 0.121365, 0.846985, 0, 0.004189], [0.905724, 0.990937, 0.559206, 0.363933, 0.341389, 0.906254, 0.12385, 0.857866, 0.397826, 0.167289, 0.260114, 0.408831, 0.765128, 0.075815, 0]]}