{"v_num": 15, "mat": [[0, 0.420333, 0.610082, 0.660231, 0.476628, 0.260938, 0.901122, 0.194551, 0.577243, 0.974625, 0.608398, 0.310711, 0.780534, 0.851803, 0.058074], [0.569753, 0, 0.874388, 0.263951, 0.430402, 0.886643, 0.386238, 0.983915, 0.4796, 0.886809, 0.853519, 0.681787, 0.609037, 0.739316, 0.768528], [0.627217, 0.658041, 0, 0.147996, 0.154514, 0.426218, 0.557625, 0.930649, 0.606744, 0.353279, 0.771718, 0.372329, 0.265376, 0.971327, 0.033882], [0.020436, 0.848143, 0.447893, 0, 0.693378, 0.870611, 0.869274, 0.314933, 0.696422, 0.882761, 0.184835, 0.134481, 0.036085, 0.189928, 0.025821], [0.841373, 0.135556, 0.88095, 0.078733, 0, 0.598205, 0.955948, 0.212285, 0.570155, 0.659255, 0.361884, 0.069044, 0.4661, 0.358831, 0.451233], [0.37324, 0.034224, 0.466107, 0.087838, 0.325687, 0, 0.992416, 0.261854, 0.34932, 0.300102, 0.022975, 0.918442, 0.515929, 0.971259, 0.974821], [0.62379, 0.238328, 0.702843, 0.046697, 0.140656, 0.729267, 0, 0.063905, 0.580816, 0.254342, 0.142945, 0.782603, 0.357417, 0.272809, 0.612817], [0.390514, 0.513444, 0.57704, 0.319796, 0.952772, 0.239338, 0.662127, 0, 0.300568, 0.160827, 0.569669, 0.885099, 0.882496, 0.953566, 0.817789], [0.550099, 0.751826, 0.47521, 0.419807, 0.919924, 0.990533, 0.5596, 0.097759, 0, 0.892792, 0.765654, 0.863778, 0.645437, 0.619145, 0.131715], [0.753618, 0.379647, 0.722892, 0.63117, 0.657847, 0.499587, 0.362583, 0.497206, 0.819565, 0, 0.175372, 0.975509, 0.876087, 0.709246, 0.641678], [0.26909, 0.791309, 0.704067, 0.512706, 0.172856, 0.41879, 0.650057, 0.166877, 0.651967, 0.116611, 0, 0.341446, 0.945481, 0.900871, 0.135161], [0.786842, 0.289867, 0.640203, 0.982656, 0.612682, 0.945989, 0.956653, 0.898087, 0.557096, 0.310282, 0.539451, 0, 0.43174, 0.349398, 0.035314], [0.497055, 0.343857, 0.951111, 0.125108, 0.770034, 0.618188, 0.945215, 0.777687, 0.276194, 0.26782, 0.458167, 0.905978, 0, 0.684346, 0.044431], [0.569166, 0.027912, 0.021261, 0.705376, 0.238668, 0.86128, 0.249158, 0.643477, 0.669319, 0.139795, 0.515454, 0.377424, 0.752794, 0, 0.232043], [0.964699, 0.087874, 0.816149, 0.261615, 0.680254, 0.231559, 0.378044, 0.335432, 0.836626, 0.437286, 0.869469, 0.004045, 0.707453, 0.555686, 0]]}