{"v_num": 15, "mat": [[0, 0.445699, 0.782826, 0.30335, 0.37744, 0.575907, 0.562434, 0.184794, 0.749962, 0.474015, 0.763151, 0.461672, 0.687148, 0.672345, 0.016228], [0.56405, 0, 0.709469, 0.258829, 0.683334, 0.105008, 0.060126, 0.788265, 0.816648, 0.728937, 0.040443, 0.547411, 0.573341, 0.459021, 0.066268], [0.634769, 0.431526, 0, 0.686397, 0.258307, 0.544118, 0.717552, 0.133482, 0.562803, 0.579962, 0.568662, 0.980953, 0.711253, 0.880082, 0.173764], [0.055145, 0.513532, 0.884675, 0, 0.765746, 0.652662, 0.167438, 0.59049, 0.294313, 0.971543, 0.905574, 0.355118, 0.239995, 0.704751, 0.579107], [0.415792, 0.543568, 0.205828, 0.473776, 0, 0.790878, 0.973466, 0.203592, 0.223344, 0.484251, 0.52571, 0.113135, 0.390196, 0.227102, 0.672335], [0.702828, 0.577792, 0.703857, 0.700599, 0.482257, 0, 0.94197, 0.075683, 0.82692, 0.305447, 0.427215, 0.8597, 0.493198, 0.431379, 0.833972], [0.776427, 0.583525, 0.907842, 0.431039, 0.346143, 0.653836, 0, 0.288663, 0.188348, 0.580307, 0.131309, 0.111522, 0.750282, 0.13907, 0.767952], [0.851737, 0.854723, 0.607308, 0.353029, 0.049118, 0.201567, 0.197884, 0, 0.681884, 0.881306, 0.042149, 0.297744, 0.282973, 0.598002, 0.875421], [0.571072, 0.333282, 0.47881, 0.292537, 0.472917, 0.457603, 0.8627, 0.587479, 0, 0.045644, 0.963286, 0.466408, 0.119575, 0.929494, 0.519708], [0.56818, 0.262635, 0.873849, 0.207461, 0.644898, 0.444417, 0.447932, 0.207917, 0.875466, 0, 0.661437, 0.695439, 0.666975, 0.210341, 0.219265], [0.573749, 0.936092, 0.563928, 0.78488, 0.335307, 0.191339, 0.665467, 0.263177, 0.27042, 0.847041, 0, 0.129436, 0.592465, 0.479783, 0.231178], [0.513327, 0.956107, 0.345467, 0.785479, 0.882959, 0.64493, 0.181126, 0.487635, 0.081761, 0.989776, 0.070325, 0, 0.849595, 0.040316, 0.972404], [0.090538, 0.314015, 0.648497, 0.36182, 0.775059, 0.661773, 0.477204, 0.446958, 0.536788, 0.595001, 0.748763, 0.165256, 0, 0.646326, 0.910478], [0.892694, 0.475703, 0.98476, 0.223788, 0.321069, 0.75099, 0.606565, 0.760316, 0.162441, 0.087796, 0.614923, 0.364042, 0.126375, 0, 0.591116], [0.694481, 0.21082, 0.520276, 0.616312, 0.210676, 0.423816, 0.213769, 0.985418, 0.71168, 0.891245, 0.213825, 0.17094, 0.487616, 0.739352, 0]]}