{"v_num": 15, "mat": [[0, 0.74467, 0.18911, 0.028903, 0.406437, 0.110463, 0.933747, 0.276157, 0.2939, 0.080771, 0.99902, 0.229423, 0.44144, 0.846912, 0.94587], [0.181456, 0, 0.827806, 0.44741, 0.621773, 0.030458, 0.027291, 0.8037, 0.502405, 0.345195, 0.794123, 0.863126, 0.186768, 0.031221, 0.126013], [0.32007, 0.437501, 0, 0.78082, 0.87184, 0.733215, 0.284077, 0.142382, 0.526166, 0.315502, 0.193757, 0.785442, 0.077312, 0.025331, 0.05504], [0.808499, 0.457239, 0.450957, 0, 0.530712, 0.187921, 0.737371, 0.870143, 0.084847, 0.311925, 0.294418, 0.930354, 0.048307, 0.923273, 0.326856], [0.346114, 0.400967, 0.381695, 0.667876, 0, 0.964645, 0.462168, 0.219447, 0.739943, 0.431806, 0.449587, 0.877235, 0.289954, 0.082036, 0.963365], [0.533425, 0.40277, 0.537441, 0.222738, 0.782723, 0, 0.605553, 0.53589, 0.345731, 0.774675, 0.059094, 0.080948, 0.066377, 0.748271, 0.54437], [0.304462, 0.219471, 0.991124, 0.94321, 0.230517, 0.196094, 0, 0.040441, 0.691424, 0.925773, 0.234603, 0.154666, 0.997443, 0.365848, 0.595509], [0.693893, 0.486606, 0.015232, 0.250786, 0.674677, 0.940001, 0.298224, 0, 0.533453, 0.474219, 0.469923, 0.747207, 0.771099, 0.676841, 0.225419], [0.343132, 0.064343, 0.199188, 0.655424, 0.068866, 0.758961, 0.372758, 0.818429, 0, 0.093841, 0.023755, 0.7906, 0.682029, 0.397713, 0.895031], [0.717672, 0.660329, 0.881611, 0.697967, 0.333497, 0.524913, 0.556647, 0.159433, 0.560164, 0, 0.978706, 0.532953, 0.737693, 0.234403, 0.028886], [0.775069, 0.823146, 0.023449, 0.639278, 0.028903, 0.824947, 0.891048, 0.602022, 0.288933, 0.474811, 0, 0.173639, 0.816999, 0.014797, 0.626562], [0.039165, 0.240595, 0.371411, 0.285458, 0.393714, 0.198767, 0.191763, 0.715975, 0.046569, 0.334579, 0.176132, 0, 0.290941, 0.545791, 0.016978], [0.05652, 0.704447, 0.16546, 0.79908, 0.405669, 0.140066, 0.4435, 0.238166, 0.654822, 0.991382, 0.80581, 0.343793, 0, 0.674672, 0.635698], [0.480073, 0.627908, 0.525116, 0.12566, 0.468, 0.805645, 0.554915, 0.02761, 0.870908, 0.93107, 0.880625, 0.969851, 0.078934, 0, 0.539619], [0.735599, 0.540059, 0.09311, 0.497462, 0.749294, 0.207985, 0.670387, 0.238753, 0.745226, 0.273392, 0.589324, 0.778806, 0.882756, 0.289848, 0]]}