{"v_num": 15, "mat": [[0, 0.722331, 0.746973, 0.680063, 0.03736, 0.16476, 0.458309, 0.440165, 0.983434, 0.356651, 0.071964, 0.603981, 0.019646, 0.543551, 0.505998], [0.972965, 0, 0.798937, 0.746075, 0.708374, 0.754903, 0.401577, 0.017092, 0.088592, 0.982181, 0.469588, 0.878811, 0.62721, 0.695899, 0.916493], [0.791744, 0.19408, 0, 0.354809, 0.98192, 0.842607, 0.365824, 0.091833, 0.918679, 0.297919, 0.303742, 0.208112, 0.877479, 0.908977, 0.857967], [0.677081, 0.18816, 0.115267, 0, 0.2305, 0.921566, 0.269851, 0.709765, 0.52467, 0.952291, 0.674666, 0.474081, 0.621632, 0.824099, 0.737206], [0.404184, 0.35949, 0.808976, 0.910001, 0, 0.793959, 0.104299, 0.487544, 0.96481, 0.342121, 0.958218, 0.775206, 0.042976, 0.813034, 0.284609], [0.400569, 0.532202, 0.682056, 0.745716, 0.371111, 0, 0.85868, 0.315389, 0.830225, 0.786683, 0.183663, 0.492073, 0.917141, 0.373251, 0.637274], [0.997966, 0.262042, 0.793754, 0.475968, 0.304777, 0.580946, 0, 0.814727, 0.358649, 0.622643, 0.265222, 0.228813, 0.282157, 0.514112, 0.40342], [0.602286, 0.281945, 0.513036, 0.70832, 0.466683, 0.853467, 0.974009, 0, 0.132886, 0.622264, 0.101468, 0.054079, 0.987007, 0.911621, 0.397765], [0.139167, 0.719744, 0.126993, 0.595795, 0.298416, 0.262046, 0.373542, 0.163218, 0, 0.423983, 0.911686, 0.895734, 0.471457, 0.274646, 0.132938], [0.679253, 0.322147, 0.141917, 0.935549, 0.815776, 0.3198, 0.245173, 0.604935, 0.029302, 0, 0.502674, 0.76227, 0.972404, 0.503421, 0.434962], [0.696255, 0.029756, 0.477023, 0.008159, 0.830552, 0.430054, 0.24988, 0.389648, 0.864714, 0.537872, 0, 0.573317, 0.50904, 0.417351, 0.15281], [0.532297, 0.134659, 0.537952, 0.038025, 0.033814, 0.709694, 0.831042, 0.430407, 0.25763, 0.36768, 0.880804, 0, 0.141607, 0.991691, 0.415325], [0.144493, 0.150077, 0.289791, 0.511177, 0.875194, 0.140281, 0.593582, 0.918925, 0.341054, 0.502106, 0.983423, 0.048195, 0, 0.444969, 0.001811], [0.676821, 0.307099, 0.236652, 0.94466, 0.137195, 0.48797, 0.426372, 0.663168, 0.99308, 0.362847, 0.86525, 0.282034, 0.79887, 0, 0.123282], [0.178598, 0.597325, 0.586761, 0.456782, 0.529094, 0.360376, 0.436204, 0.59739, 0.65874, 0.469675, 0.424871, 0.923902, 0.033657, 0.284941, 0]]}