{"v_num": 15, "mat": [[0, 0.159701, 0.494007, 0.815823, 0.891332, 0.143468, 0.945933, 0.935146, 0.493893, 0.74837, 0.931987, 0.05434, 0.835755, 0.278587, 0.478713], [0.983943, 0, 0.14891, 0.452943, 0.781196, 0.42393, 0.561072, 0.592476, 0.624354, 0.924744, 0.311928, 0.646632, 0.485863, 0.19915, 0.291284], [0.326709, 0.075837, 0, 0.131419, 0.428383, 0.744448, 0.281782, 0.620658, 0.190436, 0.794746, 0.516034, 0.194527, 0.22213, 0.519101, 0.991138], [0.978737, 0.180087, 0.230551, 0, 0.019956, 0.134253, 0.798676, 0.467804, 0.072359, 0.634254, 0.978596, 0.430341, 0.601638, 0.684766, 0.099982], [0.595675, 0.977899, 0.676967, 0.742503, 0, 0.046105, 0.968692, 0.822075, 0.786085, 0.040459, 0.169642, 0.849279, 0.831973, 0.20192, 0.490776], [0.370802, 0.219894, 0.372579, 0.971315, 0.057714, 0, 0.286245, 0.531496, 0.875049, 0.113728, 0.791756, 0.493159, 0.551159, 0.212197, 0.673838], [0.904328, 0.413072, 0.476498, 0.932576, 0.498958, 0.019358, 0, 0.997858, 0.340024, 0.170511, 0.564243, 0.68598, 0.149729, 0.174462, 0.663309], [0.446349, 0.827818, 0.879957, 0.999521, 0.331798, 0.175602, 0.420879, 0, 0.052036, 0.846023, 0.201379, 0.214367, 0.268929, 0.396222, 0.606195], [0.741336, 0.442508, 0.612276, 0.255769, 0.537657, 0.414007, 0.95432, 0.434638, 0, 0.953641, 0.314025, 0.626318, 0.310285, 0.944304, 0.153139], [0.892072, 0.360508, 0.888556, 0.538952, 0.582663, 0.931886, 0.699513, 0.429428, 0.194703, 0, 0.624656, 0.385241, 0.541177, 0.551351, 0.800557], [0.030619, 0.998363, 0.470384, 0.775623, 0.235365, 0.047082, 0.131607, 0.584743, 0.373695, 0.82239, 0, 0.931813, 0.439444, 0.120255, 0.351488], [0.771864, 0.792842, 0.138911, 0.25328, 0.216701, 0.545768, 0.950715, 0.505293, 0.225227, 0.441177, 0.880397, 0, 0.239915, 0.459885, 0.788574], [0.893478, 0.891346, 0.121037, 0.31388, 0.211449, 0.745219, 0.494144, 0.535774, 0.508129, 0.69206, 0.844422, 0.07541, 0, 0.935815, 0.461312], [0.957493, 0.89632, 0.749475, 0.194755, 0.442421, 0.220591, 0.764565, 0.056821, 0.104338, 0.431152, 0.47377, 0.236637, 0.150865, 0, 0.594549], [0.744689, 0.26599, 0.998573, 0.183247, 0.475771, 0.919708, 0.859391, 0.558216, 0.242365, 0.232187, 0.696244, 0.473197, 0.272747, 0.243378, 0]]}