{"v_num": 15, "mat": [[0, 0.633565, 0.931597, 0.46635, 0.073096, 0.983512, 0.307022, 0.883652, 0.661111, 0.478377, 0.138588, 0.298925, 0.943666, 0.132112, 0.182484], [0.379142, 0, 0.29627, 0.013936, 0.251909, 0.22096, 0.911621, 0.563329, 0.772171, 0.841038, 0.270155, 0.177547, 0.094828, 0.810972, 0.660549], [0.489688, 0.146205, 0, 0.92439, 0.089962, 0.785131, 0.779611, 0.268628, 0.841478, 0.717738, 0.178982, 0.105484, 0.618163, 0.903493, 0.912386], [0.056065, 0.236784, 0.516899, 0, 0.393256, 0.692938, 0.963231, 0.578571, 0.841086, 0.899841, 0.494144, 0.615939, 0.370466, 0.555683, 0.379253], [0.888188, 0.284436, 0.236408, 0.984156, 0, 0.546771, 0.72286, 0.86326, 0.538442, 0.824175, 0.597497, 0.717566, 0.302015, 0.311364, 0.041513], [0.225978, 0.068301, 0.26381, 0.148023, 0.093657, 0, 0.536096, 0.048061, 0.947225, 0.702979, 0.866364, 0.555285, 0.916533, 0.412623, 0.791836], [0.912592, 0.296937, 0.691437, 0.434809, 0.391219, 0.242342, 0, 0.470698, 0.004837, 0.258435, 0.697218, 0.884157, 0.410404, 0.842261, 0.398231], [0.300853, 0.956323, 0.738474, 0.180349, 0.913945, 0.641701, 0.300811, 0, 0.44178, 0.744491, 0.78734, 0.178418, 0.279822, 0.541932, 0.96419], [0.919407, 0.788371, 0.054127, 0.554608, 0.488535, 0.804144, 0.68015, 0.972982, 0, 0.51829, 0.13077, 0.231097, 0.504259, 0.835496, 0.325715], [0.488956, 0.854639, 0.338231, 0.403992, 0.286723, 0.131528, 0.928609, 0.209712, 0.151057, 0, 0.660293, 0.615451, 0.149781, 0.776981, 0.492857], [0.773955, 0.397579, 0.187636, 0.847232, 0.761291, 0.384676, 0.240986, 0.69694, 0.721731, 0.205938, 0, 0.89983, 0.178622, 0.181254, 0.115433], [0.621459, 0.593319, 0.663848, 0.559524, 0.901556, 0.809716, 0.804508, 0.217914, 0.250037, 0.470151, 0.784013, 0, 0.012476, 0.410931, 0.179053], [0.335401, 0.543519, 0.636506, 0.788587, 0.263257, 0.211901, 0.085064, 0.420085, 0.520572, 0.995236, 0.200047, 0.694967, 0, 0.430127, 0.620822], [0.348911, 0.467306, 0.116053, 0.83827, 0.309534, 0.430558, 0.547863, 0.967786, 0.462663, 0.100611, 0.643394, 0.31677, 0.734793, 0, 0.494086], [0.581879, 0.378747, 0.092382, 0.915156, 0.371435, 0.017871, 0.986588, 0.252899, 0.266351, 0.301767, 0.630967, 0.317072, 0.75294, 0.103661, 0]]}