{"v_num": 15, "mat": [[0, 0.360095, 0.559769, 0.3238, 0.942664, 0.955289, 0.020238, 0.229489, 0.340872, 0.457087, 0.156879, 0.78386, 0.370544, 0.900371, 0.829618], [0.567803, 0, 0.557169, 0.659411, 0.271728, 0.125214, 0.510923, 0.729463, 0.052158, 0.001248, 0.367369, 0.462377, 0.837559, 0.761978, 0.702466], [0.688142, 0.923445, 0, 0.939205, 0.158931, 0.214302, 0.376519, 0.097636, 0.551879, 0.065263, 0.706049, 0.763688, 0.486422, 0.041156, 0.014988], [0.043061, 0.419529, 0.240822, 0, 0.448372, 0.217434, 0.138714, 0.410111, 0.94901, 0.31161, 0.311726, 0.224327, 0.490029, 0.254044, 0.163598], [0.041796, 0.245244, 0.025495, 0.442117, 0, 0.3996, 0.111343, 0.782211, 0.013422, 0.444371, 0.568192, 0.603821, 0.682905, 0.50721, 0.248354], [0.071623, 0.607872, 0.025608, 0.951817, 0.18212, 0, 0.758073, 0.776541, 0.18827, 0.24124, 0.088504, 0.201235, 0.843756, 0.819535, 0.829622], [0.06933, 0.598463, 0.805374, 0.053307, 0.024302, 0.663194, 0, 0.320858, 0.522703, 0.674574, 0.826278, 0.690725, 0.137167, 0.61528, 0.033671], [0.838822, 0.482553, 0.048343, 0.544975, 0.533015, 0.530782, 0.946485, 0, 0.916025, 0.860314, 0.458568, 0.147221, 0.237188, 0.071416, 0.08466], [0.789232, 0.229321, 0.577132, 0.64703, 0.878466, 0.213513, 0.772968, 0.193438, 0, 0.631224, 0.287515, 0.233879, 0.347169, 0.152877, 0.456321], [0.150189, 0.402489, 0.961523, 0.886017, 0.933605, 0.338614, 0.967786, 0.841011, 0.387891, 0, 0.826213, 0.893318, 0.722798, 0.651772, 0.959958], [0.327307, 0.118666, 0.019781, 0.957607, 0.169923, 0.783823, 0.889552, 0.237829, 0.142295, 0.683545, 0, 0.445117, 0.345583, 0.824733, 0.440932], [0.505607, 0.754064, 0.642758, 0.074245, 0.054486, 0.8641, 0.070019, 0.493688, 0.703099, 0.184326, 0.245352, 0, 0.577629, 0.092781, 0.561354], [0.616809, 0.169415, 0.689651, 0.582164, 0.316431, 0.981229, 0.468426, 0.13825, 0.086117, 0.948891, 0.979981, 0.851313, 0, 0.13809, 0.55464], [0.076291, 0.002713, 0.994475, 0.884891, 0.310694, 0.715968, 0.356003, 0.375001, 0.302046, 0.746412, 0.738738, 0.838246, 0.55474, 0, 0.034727], [0.449479, 0.952726, 0.811552, 0.59576, 0.45268, 0.339486, 0.195099, 0.912642, 0.423956, 0.361874, 0.662935, 0.357091, 0.241773, 0.795817, 0]]}