{"v_num": 15, "mat": [[0, 0.30524, 0.554484, 0.723897, 0.801112, 0.671129, 0.24485, 0.10145, 0.55769, 0.803565, 0.479076, 0.235999, 0.915849, 0.176155, 0.245773], [0.759146, 0, 0.75299, 0.436426, 0.75342, 0.26232, 0.343926, 0.052766, 0.017206, 0.809409, 0.793282, 0.080927, 0.55341, 0.391742, 0.73069], [0.238972, 0.489388, 0, 0.298117, 0.894119, 0.279201, 0.520528, 0.245683, 0.000934, 0.281742, 0.124112, 0.364331, 0.34805, 0.45492, 0.297918], [0.488322, 0.334571, 0.111054, 0, 0.799595, 0.480525, 0.830022, 0.205507, 0.215725, 0.565608, 0.860532, 0.025981, 0.064152, 0.337154, 0.86551], [0.304088, 0.756566, 0.993968, 0.878755, 0, 0.769319, 0.084354, 0.34575, 0.643263, 0.138869, 0.933569, 0.226269, 0.016822, 0.730342, 0.073512], [0.688454, 0.360404, 0.155087, 0.623634, 0.859536, 0, 0.404951, 0.030761, 0.492852, 0.413258, 0.388168, 0.142731, 0.406758, 0.778649, 0.174272], [0.866098, 0.732131, 0.218108, 0.164425, 0.433323, 0.086262, 0, 0.018694, 0.487316, 0.922584, 0.890446, 0.826774, 0.444141, 0.157052, 0.3958], [0.813342, 0.859905, 0.928575, 0.417262, 0.542536, 0.709663, 0.214824, 0, 0.49943, 0.307827, 0.880903, 0.790051, 0.653972, 0.226925, 0.822856], [0.974173, 0.239294, 0.819308, 0.17093, 0.264093, 0.126387, 0.275917, 0.467846, 0, 0.911968, 0.505902, 0.497587, 0.809239, 0.207083, 0.228902], [0.823863, 0.679463, 0.145992, 0.944215, 0.398344, 0.444433, 0.433236, 0.341514, 0.040639, 0, 0.77366, 0.785509, 0.255112, 0.192232, 0.755073], [0.043092, 0.67186, 0.75439, 0.654602, 0.127227, 0.058686, 0.914642, 0.636774, 0.800256, 0.000639, 0, 0.942522, 0.222194, 0.318515, 0.670926], [0.763671, 0.223261, 0.931378, 0.511719, 0.739592, 0.671896, 0.957472, 0.748781, 0.596859, 0.197185, 0.018438, 0, 0.862429, 0.225027, 0.187836], [0.416698, 0.691884, 0.395309, 0.271283, 0.009805, 0.275083, 0.375178, 0.771563, 0.05006, 0.086663, 0.417173, 0.943017, 0, 0.041484, 0.997134], [0.179659, 0.691659, 0.806222, 0.457591, 0.118395, 0.419608, 0.99954, 0.008016, 0.787066, 0.241557, 0.312515, 0.283021, 0.42082, 0, 0.531424], [0.107882, 0.146939, 0.158698, 0.085232, 0.780092, 0.347154, 0.399777, 0.414264, 0.448063, 0.232605, 0.000971, 0.271625, 0.109479, 0.924799, 0]]}