{"v_num": 15, "mat": [[0, 0.860552, 0.187575, 0.783233, 0.25901, 0.231687, 0.493137, 0.949671, 0.121707, 0.012573, 0.94935, 0.529249, 0.182514, 0.785615, 0.740944], [0.506142, 0, 0.102787, 0.668924, 0.164001, 0.668284, 0.417025, 0.623474, 0.890281, 0.362176, 0.015114, 0.085004, 0.244723, 0.295277, 0.895547], [0.246849, 0.568036, 0, 0.047717, 0.006264, 0.151056, 0.566742, 0.68894, 0.069879, 0.851865, 0.751978, 0.982945, 0.420806, 0.489176, 0.621026], [0.639517, 0.552354, 0.98434, 0, 0.300787, 0.744457, 0.594654, 0.127738, 0.341253, 0.618893, 0.739893, 0.246108, 0.922353, 0.850432, 0.292989], [0.830008, 0.675632, 0.872268, 0.146115, 0, 0.011881, 0.380534, 0.797721, 0.856745, 0.357058, 0.973391, 0.201653, 0.353737, 0.470448, 0.570982], [0.762883, 0.470566, 0.22217, 0.945672, 0.907881, 0, 0.60319, 0.817897, 0.885936, 0.81152, 0.027083, 0.859381, 0.966914, 0.290994, 0.303878], [0.561316, 0.613533, 0.195008, 0.520318, 0.556638, 0.005718, 0, 0.319077, 0.382436, 0.146321, 0.626842, 0.751704, 0.697233, 0.251529, 0.903451], [0.29199, 0.450685, 0.782414, 0.009359, 0.404929, 0.732705, 0.037955, 0, 0.120651, 0.952753, 0.697383, 0.973441, 0.282101, 0.176175, 0.57417], [0.676886, 0.29529, 0.597508, 0.690256, 0.024346, 0.916189, 0.930808, 0.378086, 0, 0.868214, 0.566807, 0.856956, 0.779081, 0.644608, 0.909092], [0.961414, 0.992946, 0.380792, 0.345554, 0.783173, 0.299737, 0.964553, 0.575013, 0.943615, 0, 0.080056, 0.124732, 0.174947, 0.144779, 0.898477], [0.593095, 0.383241, 0.578018, 0.543901, 0.338235, 0.315399, 0.449167, 0.377987, 0.812515, 0.589422, 0, 0.213745, 0.555608, 0.703698, 0.654256], [0.192045, 0.540369, 0.299627, 0.455915, 0.526588, 0.237963, 0.016283, 0.233287, 0.770473, 0.052327, 0.498722, 0, 0.40182, 0.246482, 0.976537], [0.806974, 0.054675, 0.621653, 0.604711, 0.210733, 0.891093, 0.893546, 0.776763, 0.222424, 0.246999, 0.76664, 0.694793, 0, 0.277773, 0.989184], [0.472352, 0.005988, 0.918932, 0.809293, 0.788393, 0.108666, 0.681974, 0.752287, 0.680475, 0.812748, 0.786747, 0.544328, 0.051299, 0, 0.764526], [0.700252, 0.873679, 0.994719, 0.132814, 0.353716, 0.24576, 0.483981, 0.544363, 0.598538, 0.691886, 0.095368, 0.336886, 0.532199, 0.875184, 0]]}