{"v_num": 15, "mat": [[0, 0.857976, 0.412153, 0.925413, 0.270619, 0.89227, 0.967164, 0.514302, 0.558967, 0.9575, 0.551163, 0.52921, 0.915174, 0.088074, 0.170252], [0.824042, 0, 0.635511, 0.814276, 0.400936, 0.837118, 0.571665, 0.905626, 0.413638, 0.184451, 0.552712, 0.942269, 0.43034, 0.351522, 0.196454], [0.765706, 0.801615, 0, 0.575528, 0.505736, 0.726953, 0.919192, 0.359463, 0.479389, 0.056774, 0.548305, 0.497144, 0.541016, 0.675086, 0.805966], [0.160443, 0.050483, 0.61423, 0, 0.686624, 0.152918, 0.352179, 0.472084, 0.330628, 0.052789, 0.553164, 0.597561, 0.979547, 0.697369, 0.107319], [0.937255, 0.08399, 0.367118, 0.475149, 0, 0.157458, 0.972186, 0.648048, 0.037524, 0.992784, 0.223742, 0.890304, 0.255831, 0.296104, 0.269705], [0.209629, 0.946751, 0.151145, 0.671934, 0.721725, 0, 0.844793, 0.732621, 0.82097, 0.124219, 0.755125, 0.342875, 0.013243, 0.792468, 0.347353], [0.02909, 0.111974, 0.564523, 0.245601, 0.257815, 0.17233, 0, 0.618431, 0.307196, 0.519939, 0.850706, 0.49466, 0.235088, 0.31318, 0.1964], [0.749715, 0.025206, 0.655531, 0.233221, 0.923373, 0.836133, 0.635406, 0, 0.213271, 0.589578, 0.683008, 0.75787, 0.40329, 0.758906, 0.855867], [0.619307, 0.616254, 0.31152, 0.863889, 0.300127, 0.322177, 0.800901, 0.564891, 0, 0.394806, 0.393741, 0.054899, 0.785459, 0.346054, 0.932624], [0.685894, 0.843887, 0.964311, 0.961128, 0.869923, 0.003928, 0.237844, 0.16368, 0.19893, 0, 0.940739, 0.257795, 0.272089, 0.821057, 0.573463], [0.740236, 0.844555, 0.44902, 0.063127, 0.241605, 0.571599, 0.843513, 0.865775, 0.730208, 0.605974, 0, 0.334795, 0.64641, 0.518672, 0.501378], [0.364254, 0.503037, 0.173844, 0.588947, 0.109501, 0.361545, 0.328749, 0.489632, 0.24603, 0.810549, 0.47241, 0, 0.253861, 0.994467, 0.604789], [0.872516, 0.932722, 0.447336, 0.367298, 0.638659, 0.362383, 0.635092, 0.079254, 0.805826, 0.350679, 0.612051, 0.652364, 0, 0.012002, 0.570887], [0.786798, 0.239388, 0.726617, 0.548508, 0.591335, 0.584521, 0.214269, 0.802886, 0.58828, 0.655026, 0.037057, 0.5181, 0.092123, 0, 0.110791], [0.793654, 0.076113, 0.430491, 0.964524, 0.48844, 0.26391, 0.068891, 0.250106, 0.082401, 0.331707, 0.947694, 0.938935, 0.727605, 0.30349, 0]]}