{"v_num": 15, "mat": [[0, 0.222225, 0.891317, 0.316884, 0.449406, 0.783386, 0.707587, 0.500739, 0.315976, 0.351776, 0.059949, 0.842963, 0.530116, 0.623625, 0.336429], [0.593453, 0, 0.639251, 0.041439, 0.380761, 0.410544, 0.919013, 0.647584, 0.329256, 0.632373, 0.471229, 0.306591, 0.822537, 0.812379, 0.030995], [0.311962, 0.821762, 0, 0.474751, 0.857748, 0.634549, 0.210288, 0.09887, 0.912324, 0.065995, 0.062233, 0.805236, 0.937126, 0.67397, 0.453183], [0.722124, 0.668967, 0.249941, 0, 0.741682, 0.61659, 0.431894, 0.073686, 0.322406, 0.241932, 0.94404, 0.229881, 0.434719, 0.789963, 0.116914], [0.582128, 0.159061, 0.166178, 0.623712, 0, 0.08866, 0.687868, 0.563991, 0.083465, 0.232919, 0.048709, 0.186458, 0.81611, 0.112567, 0.041715], [0.876538, 0.062973, 0.861537, 0.199335, 0.950407, 0, 0.412485, 0.355661, 0.051993, 0.454069, 0.122116, 0.559304, 0.997737, 0.410626, 0.057734], [0.705572, 0.928865, 0.129581, 0.911401, 0.880598, 0.004794, 0, 0.255195, 0.649707, 0.522847, 0.45661, 0.809824, 0.661019, 0.787848, 0.0094], [0.386571, 0.228883, 0.909153, 0.06995, 0.534601, 0.394397, 0.93355, 0, 0.434895, 0.065257, 0.920668, 0.457753, 0.623261, 0.149777, 0.663167], [0.483429, 0.876811, 0.891282, 0.278871, 0.404151, 0.780554, 0.609782, 0.717855, 0, 0.632615, 0.628954, 0.378228, 0.53382, 0.309156, 0.885833], [0.360164, 0.841899, 0.800325, 0.583741, 0.732403, 0.547634, 0.977438, 0.231191, 0.18887, 0, 0.409832, 0.187309, 0.864399, 0.857407, 0.57786], [0.628355, 0.678567, 0.014779, 0.575574, 0.527773, 0.361969, 0.265131, 0.877257, 0.783226, 0.568245, 0, 0.261418, 0.103665, 0.421892, 0.278673], [0.774319, 0.200816, 0.4976, 0.841884, 0.504028, 0.659818, 0.297897, 0.649697, 0.251293, 0.500577, 0.317703, 0, 0.187417, 0.891474, 0.058139], [0.512077, 0.6266, 0.013588, 0.036357, 0.627818, 0.440263, 0.376101, 0.697602, 0.360865, 0.166671, 0.741163, 0.246625, 0, 0.769118, 0.300351], [0.217878, 0.679461, 0.656786, 0.268589, 0.127278, 0.257594, 0.688061, 0.552369, 0.432837, 0.456723, 0.978197, 0.069486, 0.937338, 0, 0.722034], [0.629204, 0.924545, 0.301244, 0.616498, 0.888041, 0.371626, 0.535162, 0.873747, 0.592083, 0.878291, 0.135195, 0.00086, 0.98242, 0.787421, 0]]}