{"v_num": 15, "mat": [[0, 0.591726, 0.409177, 0.187171, 0.507917, 0.863005, 0.464681, 0.595617, 0.892358, 0.352505, 0.145889, 0.963979, 0.327184, 0.470037, 0.610819], [0.401225, 0, 0.536248, 0.186828, 0.151581, 0.773866, 0.126968, 0.301143, 0.291939, 0.065151, 0.665628, 0.414387, 0.977174, 0.184962, 0.54145], [0.884669, 0.280699, 0, 0.247861, 0.962182, 0.697241, 0.977843, 0.163107, 0.17301, 0.222431, 0.33758, 0.971858, 0.766939, 0.621267, 0.753225], [0.063931, 0.662782, 0.644945, 0, 0.440623, 0.103367, 0.968054, 0.682717, 0.05392, 0.514172, 0.926108, 0.88184, 0.53703, 0.473561, 0.000235], [0.932609, 0.780791, 0.634308, 0.192649, 0, 0.641865, 0.02922, 0.61446, 0.107213, 0.277879, 0.076866, 0.38899, 0.411397, 0.600379, 0.926731], [0.042579, 0.731838, 0.179637, 0.145073, 0.236145, 0, 0.212522, 0.547555, 0.487781, 0.880652, 0.050239, 0.309072, 0.821958, 0.100729, 0.40147], [0.871732, 0.673303, 0.724676, 0.009429, 0.726166, 0.323611, 0, 0.080405, 0.457064, 0.953429, 0.148157, 0.59074, 0.443393, 0.813988, 0.167692], [0.792545, 0.799165, 0.635198, 0.572397, 0.151179, 0.092876, 0.709403, 0, 0.721429, 0.289071, 0.08297, 0.131107, 0.184061, 0.297021, 0.891148], [0.055741, 0.69536, 0.669985, 0.99509, 0.969198, 0.047468, 0.779905, 0.429938, 0, 0.994058, 0.438586, 0.726512, 0.155054, 0.543375, 0.857477], [0.661102, 0.754075, 0.313021, 0.823229, 0.906768, 0.931855, 0.57908, 0.261962, 0.958683, 0, 0.745829, 0.873183, 0.175243, 0.14429, 0.943797], [0.971647, 0.981597, 0.083424, 0.340222, 0.313973, 0.499257, 0.86194, 0.930833, 0.050054, 0.622659, 0, 0.091072, 0.969999, 0.56248, 0.509607], [0.108313, 0.178975, 0.066438, 0.552256, 0.866814, 0.024678, 0.363591, 0.848976, 0.453473, 0.616924, 0.060313, 0, 0.461693, 0.255321, 0.909156], [0.322985, 0.189096, 0.761603, 0.158665, 0.88076, 0.559463, 0.498479, 0.962971, 0.655034, 0.066907, 0.507025, 0.980507, 0, 0.945562, 0.991714], [0.368781, 0.668386, 0.408483, 0.685365, 0.580683, 0.701599, 0.685362, 0.504058, 0.130855, 0.230413, 0.169077, 0.792382, 0.914787, 0, 0.726613], [0.704052, 0.737641, 0.728115, 0.903576, 0.770567, 0.503619, 0.045448, 0.966655, 0.01842, 0.346437, 0.271202, 0.411273, 0.967648, 0.148844, 0]]}