{"v_num": 15, "mat": [[0, 0.836185, 0.877726, 0.997754, 0.211463, 0.796294, 0.502414, 0.172539, 0.065005, 0.856444, 0.045063, 0.891964, 0.563511, 0.631207, 0.99914], [0.678291, 0, 0.23778, 0.351742, 0.836567, 0.998918, 0.675121, 0.239971, 0.790282, 0.216602, 0.656902, 0.049966, 0.736124, 0.460585, 0.540041], [0.450167, 0.127118, 0, 0.837678, 0.946096, 0.383959, 0.96887, 0.989475, 0.724878, 0.622261, 0.467088, 0.254668, 0.149443, 0.217989, 0.518655], [0.21225, 0.91462, 0.834841, 0, 0.430116, 0.565259, 0.920725, 0.34918, 0.728988, 0.785281, 0.895583, 0.362475, 0.433766, 0.790999, 0.754158], [0.509298, 0.409683, 0.625042, 0.006282, 0, 0.356221, 0.598087, 0.022219, 0.408391, 0.001878, 0.083625, 0.126579, 0.451754, 0.335724, 0.688073], [0.544427, 0.461032, 0.363742, 0.774293, 0.336567, 0, 0.002166, 0.701016, 0.204058, 0.774261, 0.723812, 0.003561, 0.97205, 0.00644, 0.857935], [0.161918, 0.170539, 0.92272, 0.037334, 0.61344, 0.057461, 0, 0.720457, 0.636388, 0.747286, 0.122261, 0.100788, 0.706367, 0.621101, 0.212407], [0.204177, 0.131034, 0.980494, 0.723224, 0.650716, 0.618853, 0.12629, 0, 0.067275, 0.196376, 0.307399, 0.98011, 0.984015, 0.749158, 0.43291], [0.305157, 0.514927, 0.142084, 0.291669, 0.467138, 0.636764, 0.762481, 0.216563, 0, 0.383706, 0.384037, 0.488559, 0.256133, 0.147149, 0.436934], [0.8864, 0.055795, 0.138708, 0.938134, 0.848351, 0.209554, 0.796426, 0.733916, 0.375406, 0, 0.879279, 0.88765, 0.72136, 0.890925, 0.737057], [0.192659, 0.602757, 0.016438, 0.426802, 0.792522, 0.638068, 0.728891, 0.952566, 0.781044, 0.590187, 0, 0.821348, 0.638151, 0.200584, 0.526451], [0.51336, 0.23743, 0.803583, 0.880184, 0.923914, 0.579775, 0.624602, 0.847319, 0.898819, 0.273793, 0.144311, 0, 0.145356, 0.653206, 0.756414], [0.662798, 0.724834, 0.33555, 0.614632, 0.689106, 0.353463, 0.951672, 0.025178, 0.718517, 0.915128, 0.885265, 0.837617, 0, 0.627179, 0.997447], [0.942807, 0.78435, 0.872719, 0.108796, 0.134676, 0.035965, 0.269178, 0.789466, 0.269608, 0.602294, 0.476897, 0.039731, 0.821318, 0, 0.346777], [0.58463, 0.56954, 0.458255, 0.045221, 0.492636, 0.372813, 0.969472, 0.054813, 0.374166, 0.275795, 0.18383, 0.280913, 0.399166, 0.898505, 0]]}