{"v_num": 15, "mat": [[0, 0.181127, 0.39149, 0.144314, 0.591759, 0.39168, 0.633025, 0.106265, 0.812366, 0.418854, 0.002051, 0.029326, 0.039143, 0.545119, 0.070288], [0.822538, 0, 0.118685, 0.359735, 0.770025, 0.540104, 0.70686, 0.282936, 0.103655, 0.609289, 0.720036, 0.223333, 0.585062, 0.225507, 0.05784], [0.802117, 0.645789, 0, 0.031949, 0.867475, 0.981475, 0.025045, 0.523747, 0.963184, 0.256775, 0.630348, 0.013812, 0.987449, 0.199441, 0.582586], [0.079523, 0.119533, 0.685287, 0, 0.990966, 0.020938, 0.543359, 0.628078, 0.230928, 0.54926, 0.890167, 0.015912, 0.242921, 0.889384, 0.335514], [0.978652, 0.121009, 0.314503, 0.894473, 0, 0.391207, 0.96224, 0.31475, 0.55082, 0.656739, 0.338345, 0.112194, 0.555794, 0.557823, 0.242546], [0.082811, 0.00671, 0.410344, 0.46817, 0.022964, 0, 0.91959, 0.495513, 0.388974, 0.153915, 0.785095, 0.570325, 0.739069, 0.864388, 0.721181], [0.172322, 0.281541, 0.428541, 0.180311, 0.118389, 0.887478, 0, 0.819068, 0.652269, 0.712683, 0.16818, 0.574459, 0.76606, 0.699276, 0.711855], [0.51398, 0.023342, 0.51082, 0.480789, 0.404765, 0.430089, 0.525607, 0, 0.12094, 0.022862, 0.818246, 0.43514, 0.315971, 0.074881, 0.023862], [0.003109, 0.292449, 0.335949, 0.571944, 0.747067, 0.985793, 0.852073, 0.721434, 0, 0.820758, 0.689369, 0.993308, 0.059434, 0.601518, 0.301051], [0.91832, 0.408993, 0.716594, 0.633765, 0.056736, 0.596958, 0.457395, 0.942471, 0.934968, 0, 0.279356, 0.011716, 0.656404, 0.373662, 0.135199], [0.560167, 0.726469, 0.955138, 0.117762, 0.628065, 0.705415, 0.756048, 0.873628, 0.991189, 0.33205, 0, 0.069329, 0.673162, 0.874864, 0.545695], [0.451749, 0.141141, 0.701075, 0.218157, 0.121817, 0.478075, 0.300597, 0.825824, 0.954619, 0.049834, 0.090928, 0, 0.094884, 0.740601, 0.82371], [0.625638, 0.138171, 0.18427, 0.025369, 0.330993, 0.463603, 0.616851, 0.087409, 0.904533, 0.399157, 0.293024, 0.828277, 0, 0.685326, 0.641978], [0.276412, 0.881858, 0.410415, 0.13832, 0.892894, 0.968254, 0.437799, 0.646017, 0.519795, 0.619379, 0.58727, 0.024919, 0.113817, 0, 0.804195], [0.707704, 0.910996, 0.006116, 0.421525, 0.443669, 0.994266, 0.707658, 0.448978, 0.977536, 0.614464, 0.326375, 0.789883, 0.530621, 0.20725, 0]]}