{"v_num": 15, "mat": [[0, 0.198008, 0.809642, 0.341602, 0.828081, 0.138515, 0.820898, 0.342813, 0.796351, 0.783793, 0.172456, 0.529221, 0.564113, 0.142458, 0.711644], [0.277998, 0, 0.755626, 0.640758, 0.068538, 0.209454, 0.030137, 0.879408, 0.52702, 0.026653, 0.419141, 0.405939, 0.077091, 0.895048, 0.416813], [0.558241, 0.426151, 0, 0.221952, 0.643443, 0.536914, 0.913572, 0.537493, 0.994168, 0.007763, 0.283818, 0.006073, 0.228484, 0.434964, 0.84141], [0.765248, 0.875372, 0.780942, 0, 0.612196, 0.933847, 0.318842, 0.714864, 0.308876, 0.359844, 0.106491, 0.704702, 0.863829, 0.826268, 0.38808], [0.232499, 0.796654, 0.003297, 0.634385, 0, 0.801666, 0.653356, 0.30178, 0.216283, 0.716419, 0.474345, 0.650456, 0.497935, 0.74521, 0.99069], [0.606793, 0.586517, 0.633346, 0.906704, 0.691874, 0, 0.93893, 0.295166, 0.556634, 0.215461, 0.558184, 0.821863, 0.086607, 0.485122, 0.496307], [0.969206, 0.818903, 0.213272, 0.474625, 0.913939, 0.179421, 0, 0.485872, 0.928689, 0.762651, 0.607382, 0.898499, 0.970133, 0.156679, 0.617938], [0.532488, 0.100767, 0.604007, 0.578405, 0.56485, 0.69259, 0.910835, 0, 0.725258, 0.038331, 0.462235, 0.079092, 0.764436, 0.982909, 0.82095], [0.300823, 0.892489, 0.826402, 0.955462, 0.556857, 0.579122, 0.572176, 0.12927, 0, 0.332314, 0.554761, 0.825491, 0.431297, 0.665441, 0.721652], [0.361079, 0.183451, 0.172749, 0.832203, 0.324422, 0.486924, 0.40087, 0.744878, 0.555716, 0, 0.703152, 0.72509, 0.199581, 0.740181, 0.435477], [0.880806, 0.916328, 0.189492, 0.861078, 0.095313, 0.740651, 0.258562, 0.507192, 0.843042, 0.377541, 0, 0.443141, 0.23782, 0.295899, 0.165929], [0.82536, 0.626207, 0.724005, 0.914672, 0.87265, 0.718777, 0.111076, 0.158635, 0.827986, 0.696817, 0.558886, 0, 0.260192, 0.909627, 0.658565], [0.092469, 0.939664, 0.391837, 0.120438, 0.748544, 0.377594, 0.372075, 0.761546, 0.774631, 0.694293, 0.818796, 0.587548, 0, 0.842346, 0.386733], [0.764831, 0.813977, 0.069703, 0.405896, 0.959584, 0.167935, 0.359364, 0.578936, 0.299851, 0.471619, 0.158448, 0.230448, 0.768542, 0, 0.256357], [0.447682, 0.428322, 0.777608, 0.816064, 0.700542, 0.29693, 0.491146, 0.789687, 0.837688, 0.726938, 0.463525, 0.178552, 0.883274, 0.384062, 0]]}