{"v_num": 15, "mat": [[0, 0.96111, 0.615135, 0.955786, 0.192076, 0.463494, 0.147509, 0.86065, 0.908357, 0.578611, 0.124165, 0.96463, 0.753334, 0.156458, 0.127157], [0.461584, 0, 0.679162, 0.119764, 0.545184, 0.876389, 0.092778, 0.763705, 0.607885, 0.559659, 0.588179, 0.208371, 0.832393, 0.310875, 0.183361], [0.294235, 0.748308, 0, 0.383505, 0.901487, 0.68584, 0.865704, 0.482849, 0.887477, 0.823804, 0.813253, 0.744925, 0.661275, 0.968261, 0.736794], [0.803065, 0.806366, 0.351426, 0, 0.623921, 0.722649, 0.872255, 0.409061, 0.515856, 0.57804, 0.538315, 0.775303, 0.039377, 0.838655, 0.243137], [0.032101, 0.085878, 0.323101, 0.445121, 0, 0.769839, 0.939683, 0.858247, 0.187997, 0.755262, 0.466299, 0.945676, 0.248492, 0.222984, 0.665188], [0.054999, 0.148359, 0.534328, 0.773652, 0.744518, 0, 0.157375, 0.862779, 0.139425, 0.755321, 0.54136, 0.766879, 0.892462, 0.897556, 0.35071], [0.780212, 0.412496, 0.231594, 0.748887, 0.391104, 0.641709, 0, 0.450264, 0.130852, 0.876297, 0.052965, 0.982003, 0.067762, 0.864348, 0.754226], [0.791712, 0.778335, 0.238281, 0.213795, 0.895354, 0.852335, 0.636805, 0, 0.46791, 0.698837, 0.941054, 0.438561, 0.171678, 0.189798, 0.75482], [0.469458, 0.857413, 0.158878, 0.129855, 0.780154, 0.783469, 0.258568, 0.544472, 0, 0.234233, 0.239007, 0.373775, 0.276632, 0.601965, 0.587885], [0.746285, 0.273379, 0.150298, 0.490684, 0.454344, 0.042016, 0.645545, 0.861709, 0.304992, 0, 0.747756, 0.349535, 0.963113, 0.963666, 0.76652], [0.283267, 0.327584, 0.085, 0.39251, 0.218796, 0.500911, 0.672031, 0.797261, 0.525961, 0.48621, 0, 0.509554, 0.255413, 0.637618, 0.338218], [0.449309, 0.581915, 0.486425, 0.673905, 0.393552, 0.108425, 0.304753, 0.93512, 0.269368, 0.240877, 0.171055, 0, 0.292634, 0.833215, 0.725553], [0.850529, 0.562342, 0.316259, 0.581884, 0.121449, 0.533423, 0.149799, 0.166065, 0.80336, 0.857175, 0.752431, 0.86232, 0, 0.549577, 0.074958], [0.948204, 0.871372, 0.759042, 0.13545, 0.242111, 0.527654, 0.409251, 0.269545, 0.591672, 0.060964, 0.045118, 0.1378, 0.464545, 0, 0.342139], [0.488884, 0.547119, 0.853619, 0.46554, 0.681526, 0.31826, 0.236105, 0.297162, 0.020194, 0.082272, 0.404341, 0.434387, 0.894096, 0.669942, 0]]}