{"v_num": 15, "mat": [[0, 0.285012, 0.563648, 0.68181, 0.163674, 0.941215, 0.447963, 0.146333, 0.116911, 0.31532, 0.933932, 0.858614, 0.365421, 0.576567, 0.908242], [0.971318, 0, 0.240787, 0.889136, 0.535331, 0.160931, 0.733135, 0.972179, 0.773177, 0.977461, 0.825974, 0.785802, 0.088478, 0.375323, 0.839795], [0.938054, 0.434479, 0, 0.31259, 0.476207, 0.66393, 0.096121, 0.203178, 0.461781, 0.459645, 0.175858, 0.174706, 0.648528, 0.02513, 0.991587], [0.128391, 0.973303, 0.331676, 0, 0.184415, 0.097892, 0.401096, 0.734492, 0.29922, 0.276717, 0.278115, 0.522015, 0.131781, 0.972263, 0.929451], [0.210374, 0.38443, 0.918133, 0.778817, 0, 0.766842, 0.238909, 0.504133, 0.616306, 0.418478, 0.673285, 0.123781, 0.893724, 0.015864, 0.73421], [0.54707, 0.2993, 0.357, 0.88455, 0.821045, 0, 0.807983, 0.96783, 0.850216, 0.999615, 0.259378, 0.85831, 0.775936, 0.469047, 0.657956], [0.407202, 0.855125, 0.76441, 0.495072, 0.571925, 0.642108, 0, 0.060871, 0.363422, 0.427255, 0.853854, 0.137302, 0.730288, 0.446074, 0.37602], [0.09448, 0.309075, 0.527825, 0.067831, 0.607005, 0.74522, 0.327786, 0, 0.365626, 0.493076, 0.980802, 0.668485, 0.388624, 0.520311, 0.044939], [0.255378, 0.059359, 0.652181, 0.536601, 0.628524, 0.538154, 0.096703, 0.130617, 0, 0.945644, 0.418376, 0.837246, 0.243172, 0.51238, 0.828294], [0.953514, 0.993467, 0.722515, 0.439824, 0.589363, 0.105473, 0.255774, 0.894599, 0.163406, 0, 0.526795, 0.669237, 0.413409, 0.822744, 0.927054], [0.398784, 0.922053, 0.029146, 0.75954, 0.013782, 0.640855, 0.376801, 0.832771, 0.341098, 0.518908, 0, 0.320527, 0.424188, 0.956548, 0.296339], [0.058663, 0.358832, 0.676073, 0.561305, 0.300456, 0.435982, 0.25116, 0.261792, 0.804841, 0.315358, 0.794819, 0, 0.097242, 0.012255, 0.143682], [0.562937, 0.286306, 0.380157, 0.805653, 0.264004, 0.27944, 0.753179, 0.672239, 0.328591, 0.487559, 0.737446, 0.083642, 0, 0.187495, 0.055894], [0.062577, 0.874384, 0.726696, 0.272655, 0.662073, 0.176496, 0.44204, 0.459703, 0.433161, 0.251685, 0.431623, 0.779863, 0.46267, 0, 0.272934], [0.50834, 0.304681, 0.81112, 0.822973, 0.758795, 0.828301, 0.136395, 0.347488, 0.687912, 0.040435, 0.664515, 0.69643, 0.375207, 0.693508, 0]]}