{"v_num": 15, "mat": [[0, 0.627798, 0.417617, 0.128481, 0.856729, 0.18874, 0.487774, 0.059618, 0.89386, 0.275587, 0.172923, 0.588664, 0.761448, 0.218259, 0.645755], [0.698127, 0, 0.734949, 0.632321, 0.758964, 0.794462, 0.794445, 0.274129, 0.567273, 0.054659, 0.669219, 0.841308, 0.617219, 0.88185, 0.836389], [0.5406, 0.465605, 0, 0.47071, 0.89041, 0.079409, 0.435438, 0.533306, 0.546783, 0.39664, 0.734592, 0.97923, 0.504149, 0.42621, 0.139751], [0.660791, 0.126956, 0.011587, 0, 0.165121, 0.054243, 0.831592, 0.120946, 0.469901, 0.993873, 0.220578, 0.989505, 0.950591, 0.369934, 0.773217], [0.271624, 0.596449, 0.190477, 0.553482, 0, 0.566221, 0.657397, 0.272948, 0.813744, 0.350052, 0.610373, 0.276299, 0.145642, 0.634013, 0.128876], [0.958608, 0.241326, 0.145187, 0.171508, 0.882395, 0, 0.968069, 0.683881, 0.694766, 0.181277, 0.465891, 0.764547, 0.842321, 0.348601, 0.748856], [0.35907, 0.131206, 0.392394, 0.800841, 0.621774, 0.387664, 0, 0.829832, 0.860409, 0.958353, 0.427676, 0.980689, 0.049377, 0.797294, 0.019516], [0.922749, 0.489297, 0.144055, 0.714489, 0.38296, 0.098797, 0.379264, 0, 0.110023, 0.494128, 0.399981, 0.579944, 0.910298, 0.313544, 0.869662], [0.819632, 0.482867, 0.951589, 0.758147, 0.349071, 0.027445, 0.746466, 0.342594, 0, 0.485231, 0.097467, 0.303072, 0.117026, 0.957145, 0.086223], [0.11445, 0.054381, 0.684834, 0.796598, 0.316209, 0.664824, 0.793699, 0.324863, 0.890636, 0, 0.408483, 0.817845, 0.047892, 0.051676, 0.718672], [0.725755, 0.180624, 0.527988, 0.09587, 0.851878, 0.227478, 0.50163, 0.161859, 0.939775, 0.04661, 0, 0.76602, 0.538162, 0.507883, 0.938923], [0.432929, 0.202703, 0.015764, 0.836384, 0.488509, 0.158217, 0.753583, 0.833595, 0.552551, 0.65247, 0.400363, 0, 0.909079, 0.034882, 0.341204], [0.458228, 0.795378, 0.615478, 0.609158, 0.867434, 0.916487, 0.009448, 0.386684, 0.794649, 0.78992, 0.828687, 0.549205, 0, 0.751876, 0.486408], [0.480853, 0.395058, 0.113643, 0.380982, 0.961329, 0.632525, 0.201144, 0.002505, 0.945897, 0.931404, 0.380333, 0.667676, 0.631391, 0, 0.548284], [0.178086, 0.018631, 0.919425, 0.180169, 0.61395, 0.031258, 0.036331, 0.2083, 0.089044, 0.867306, 0.163074, 0.179218, 0.70249, 0.497238, 0]]}