{"v_num": 15, "mat": [[0, 0.410482, 0.768023, 0.674644, 0.011569, 0.709511, 0.598408, 0.508071, 0.942651, 0.945542, 0.956164, 0.040834, 0.74493, 0.366185, 0.309177], [0.849465, 0, 0.58907, 0.484888, 0.94848, 0.963508, 0.818191, 0.199037, 0.157047, 0.615404, 0.935494, 0.07704, 0.153164, 0.996562, 0.966054], [0.214634, 0.296768, 0, 0.261314, 0.352926, 0.957116, 0.116871, 0.644651, 0.352481, 0.190317, 0.144117, 0.075888, 0.988715, 0.673775, 0.687741], [0.968507, 0.75103, 0.677315, 0, 0.239876, 0.659098, 0.474504, 0.258, 0.832239, 0.860794, 0.060355, 0.682102, 0.417679, 0.336119, 0.852082], [0.890678, 0.437857, 0.542757, 0.759757, 0, 0.109829, 0.148845, 0.58504, 0.010785, 0.764322, 0.26198, 0.403306, 0.825481, 0.324419, 0.820284], [0.703774, 0.769568, 0.01696, 0.218138, 0.669305, 0, 0.053398, 0.257552, 0.600396, 0.159679, 0.110039, 0.740529, 0.665391, 0.559813, 0.530398], [0.872953, 0.740046, 0.727967, 0.051978, 0.234127, 0.833175, 0, 0.862221, 0.364265, 0.606276, 0.551254, 0.708601, 0.854431, 0.110193, 0.947486], [0.888028, 0.355206, 0.011629, 0.064018, 0.092387, 0.623789, 0.99577, 0, 0.993155, 0.56743, 0.495794, 0.38128, 0.801894, 0.90001, 0.688518], [0.228727, 0.360228, 0.672209, 0.727517, 0.182174, 0.049866, 0.927543, 0.770755, 0, 0.604561, 0.536323, 0.636669, 0.509575, 0.079715, 0.829617], [0.461297, 0.4413, 0.750444, 0.356314, 0.300535, 0.100403, 0.999265, 0.10935, 0.615399, 0, 0.142238, 0.483854, 0.241202, 0.774547, 0.612213], [0.017066, 0.666927, 0.846968, 0.043635, 0.60513, 0.252001, 0.568634, 0.3256, 0.009219, 0.194183, 0, 0.651679, 0.24498, 0.910476, 0.886176], [0.324814, 0.773017, 0.736312, 0.465586, 0.736091, 0.742039, 0.834859, 0.372532, 0.657721, 0.699413, 0.956045, 0, 0.358925, 0.248846, 0.692923], [0.067076, 0.740617, 0.755248, 0.892801, 0.022816, 0.108675, 0.487206, 0.629255, 0.18675, 0.954361, 0.289556, 0.55915, 0, 0.157392, 0.429602], [0.392606, 0.939231, 0.660254, 0.024902, 0.994463, 0.94497, 0.464648, 0.00243, 0.760829, 0.696039, 3.5e-05, 0.295297, 0.826531, 0, 0.711894], [0.475013, 0.456372, 0.16241, 0.231108, 0.356362, 0.932594, 0.688126, 0.286646, 0.491486, 0.967113, 0.188658, 0.494628, 0.732336, 0.967191, 0]]}