{"v_num": 15, "mat": [[0, 0.988731, 0.971701, 0.908545, 0.647442, 0.15321, 0.175279, 0.664908, 0.469934, 0.755816, 0.826089, 0.775214, 0.376993, 0.984002, 0.556056], [0.153864, 0, 0.260114, 0.45045, 0.811119, 0.567843, 0.470098, 0.760126, 0.345068, 0.724511, 0.211683, 0.098015, 0.100438, 0.172109, 0.051166], [0.964057, 0.218717, 0, 0.590302, 0.899853, 0.358804, 0.42733, 0.093435, 0.95081, 0.025747, 0.641527, 0.368404, 0.071791, 0.786748, 0.857514], [0.653534, 0.676108, 0.512931, 0, 0.701745, 0.289803, 0.595645, 0.857006, 0.049755, 0.038849, 0.77187, 0.24145, 0.780525, 0.729387, 0.748632], [0.288959, 0.12076, 0.969929, 0.150375, 0, 0.721399, 0.256679, 0.992408, 0.974674, 0.478305, 0.654383, 0.52885, 0.114236, 0.94875, 0.584881], [0.903548, 0.01329, 0.707305, 0.114317, 0.081837, 0, 0.113105, 0.802073, 0.164118, 0.766193, 0.067024, 0.316081, 0.644465, 0.7752, 0.173258], [0.355246, 0.906038, 0.067601, 0.280669, 0.4843, 0.704911, 0, 0.736033, 0.373889, 0.563767, 0.492774, 0.03166, 0.405711, 0.806507, 0.414877], [0.915738, 0.691077, 0.96363, 0.250268, 0.043104, 0.628659, 0.65235, 0, 0.011515, 0.251011, 0.782227, 0.381087, 0.126842, 0.976849, 0.053536], [0.663099, 0.791932, 0.409239, 0.839149, 0.414149, 0.116208, 0.168061, 0.20486, 0, 0.53591, 0.854076, 0.549449, 0.338817, 0.504865, 0.313202], [0.507994, 0.905474, 0.340041, 0.071855, 0.052247, 0.280853, 0.895056, 0.959715, 0.153861, 0, 0.16292, 0.563885, 0.912595, 0.95932, 0.782108], [0.426018, 0.375111, 0.248185, 0.615819, 0.317675, 0.481549, 0.106324, 0.476445, 0.610864, 0.709958, 0, 0.864698, 0.262839, 0.59497, 0.760729], [0.745959, 0.507526, 0.308811, 0.49274, 0.811156, 0.499168, 0.209318, 0.828665, 0.809058, 0.363424, 0.652425, 0, 0.732679, 0.09485, 0.842152], [0.046032, 0.101429, 0.63141, 0.392501, 0.336151, 0.943062, 0.790342, 0.619787, 0.403614, 0.885845, 0.314911, 0.959794, 0, 0.67963, 0.802282], [0.244731, 0.707084, 0.987064, 0.689302, 0.335797, 0.333307, 0.102858, 0.351538, 0.342345, 0.84363, 0.019704, 0.936088, 0.270849, 0, 0.98777], [0.442855, 0.746663, 0.337387, 0.862456, 0.61459, 0.976349, 0.860064, 0.872817, 0.447704, 0.127863, 0.228553, 0.057224, 0.557092, 0.117379, 0]]}