{"v_num": 15, "mat": [[0, 0.406571, 0.704948, 0.257541, 0.230305, 0.827265, 0.856056, 0.983616, 0.007981, 0.875628, 0.336529, 0.396462, 0.861478, 0.104474, 0.719408], [0.617588, 0, 0.447624, 0.71678, 0.00542, 0.481612, 0.890677, 0.557831, 0.454078, 0.143704, 0.794027, 0.747944, 0.153639, 0.589043, 0.045892], [0.255064, 0.371864, 0, 0.024671, 0.231044, 0.429381, 0.49617, 0.385783, 0.124476, 0.984267, 0.260659, 0.453055, 0.429475, 0.217445, 0.298789], [0.713762, 0.425815, 0.891481, 0, 0.305628, 0.237362, 0.981216, 0.696279, 0.335748, 0.160173, 0.216753, 0.675083, 0.257376, 0.434666, 0.441716], [0.78493, 0.578162, 0.429354, 0.129394, 0, 0.510196, 0.064839, 0.027478, 0.026738, 0.773309, 0.095473, 0.545501, 0.446587, 0.050798, 0.467216], [0.050843, 0.995989, 0.002127, 0.584067, 0.44899, 0, 0.709372, 0.349316, 0.109618, 0.385195, 0.879586, 0.774709, 0.666111, 0.08155, 0.863502], [0.164408, 0.039131, 0.095209, 0.849851, 0.49327, 0.152827, 0, 0.29142, 0.194031, 0.909676, 0.948055, 0.692871, 0.602253, 0.349375, 0.55373], [0.597489, 0.102342, 0.33516, 0.412391, 0.234906, 0.860274, 0.95716, 0, 0.365385, 0.309822, 0.367454, 0.593694, 0.197633, 0.022539, 0.12755], [0.479093, 0.365703, 0.746304, 0.226273, 0.743925, 0.953585, 0.39682, 0.719905, 0, 0.011077, 0.163292, 0.370051, 0.091436, 0.083582, 0.309994], [0.930345, 0.470261, 0.96831, 0.395142, 0.779714, 0.829857, 0.678622, 0.483291, 0.891819, 0, 0.469741, 0.559801, 0.119079, 0.189627, 0.307635], [0.265112, 0.56765, 0.906247, 0.529838, 0.941496, 0.061418, 0.249317, 0.480396, 0.194327, 0.2695, 0, 0.210105, 0.224156, 0.813101, 0.901039], [0.481787, 0.098446, 0.820676, 0.771248, 0.926434, 0.962733, 0.07869, 0.391021, 0.064388, 0.594103, 0.484337, 0, 0.31879, 0.845713, 0.450888], [0.049877, 0.182844, 0.219838, 0.493336, 0.188372, 0.712291, 0.83067, 0.113392, 0.552774, 0.546902, 0.027186, 0.297335, 0, 0.879262, 0.691432], [0.055916, 0.020647, 0.37348, 0.140514, 0.476636, 0.733894, 0.943547, 0.482101, 0.264724, 0.974417, 0.538857, 0.953589, 0.882999, 0, 0.848274], [0.573266, 0.878678, 0.920283, 0.086801, 0.482071, 0.858391, 0.999177, 0.779336, 0.930079, 0.401621, 0.32264, 0.854401, 0.168436, 0.802281, 0]]}