{"v_num": 15, "mat": [[0, 0.232819, 0.339997, 0.893221, 0.197459, 0.131601, 0.618781, 0.163526, 0.054182, 0.14303, 0.965589, 0.306144, 0.827412, 0.28762, 0.781653], [0.234324, 0, 0.182559, 0.611007, 0.769633, 0.554778, 0.941832, 0.724847, 0.300072, 0.790036, 0.738779, 0.465721, 0.106139, 0.353222, 0.517974], [0.55088, 0.30356, 0, 0.72185, 0.91003, 0.302358, 0.359216, 0.136924, 0.484255, 0.872771, 0.907354, 0.689231, 0.645737, 0.329022, 0.980173], [0.675711, 0.956842, 0.887365, 0, 0.955071, 0.828801, 0.946028, 0.826035, 0.480711, 0.333751, 0.103746, 0.096753, 0.708601, 0.939158, 0.82864], [0.792492, 0.443255, 0.784333, 0.437997, 0, 0.285534, 0.801365, 0.312379, 0.097637, 0.570933, 0.421324, 0.93282, 0.886921, 0.989018, 0.353244], [0.794671, 0.577115, 0.566515, 0.616933, 0.68347, 0, 0.210237, 0.68617, 0.306767, 0.426351, 0.108238, 0.42767, 0.580819, 0.831008, 0.657842], [0.376421, 0.162836, 0.872913, 0.178548, 0.705349, 0.546783, 0, 0.660556, 0.560834, 0.770498, 0.20264, 0.175993, 0.842785, 0.09777, 0.320418], [0.504096, 0.201344, 0.796913, 0.045878, 0.917735, 0.921805, 0.712986, 0, 0.01048, 0.696914, 0.013386, 0.542074, 0.623933, 0.830559, 0.35734], [0.400519, 0.951086, 0.835487, 0.861332, 0.182344, 0.49583, 0.050665, 0.657589, 0, 0.088379, 0.589263, 0.640202, 0.917433, 0.374525, 0.014685], [0.047197, 0.981239, 0.170139, 0.336758, 0.982181, 0.520168, 0.401982, 0.82226, 0.743422, 0, 0.212822, 0.226298, 0.940338, 0.040779, 0.038806], [0.010047, 0.729872, 0.915061, 0.480864, 0.231771, 0.203901, 0.772803, 0.158271, 0.477144, 0.574415, 0, 0.383486, 0.774698, 0.87448, 0.607525], [0.125569, 0.637431, 0.887134, 0.703773, 0.541244, 0.36835, 0.481681, 0.068328, 0.995935, 0.203528, 0.677088, 0, 0.357891, 0.239997, 0.856719], [0.997242, 0.71253, 0.34216, 0.965047, 0.266338, 0.541189, 0.554206, 0.725957, 0.496698, 0.52793, 0.019266, 0.821259, 0, 0.830801, 0.820968], [0.030571, 0.461053, 0.616947, 0.529105, 0.7251, 0.199265, 0.974858, 0.93235, 0.175675, 0.404987, 0.912296, 0.793064, 0.154327, 0, 0.464715], [0.716739, 0.1066, 0.785648, 0.448343, 0.10196, 0.293479, 0.364508, 0.621461, 0.791321, 0.491892, 0.923939, 0.335414, 0.784412, 0.516731, 0]]}