{"v_num": 15, "mat": [[0, 0.885531, 0.941468, 0.004206, 0.002059, 0.619731, 0.730792, 0.785707, 0.266979, 0.372061, 0.310736, 0.453655, 0.803981, 0.467188, 0.824699], [0.266104, 0, 0.605649, 0.485078, 0.984739, 0.514971, 0.289509, 0.317287, 0.351349, 0.207586, 0.001429, 0.15084, 0.824658, 0.159269, 0.709267], [0.992512, 0.872599, 0, 0.130311, 0.317058, 0.615029, 0.163608, 0.841758, 0.041971, 0.390279, 0.883283, 0.701883, 0.372972, 0.009621, 0.757695], [0.852832, 0.624814, 0.555788, 0, 0.661564, 0.168415, 0.014022, 0.407035, 0.810224, 0.954687, 0.553723, 0.433152, 0.717939, 0.12207, 0.213981], [0.33675, 0.398646, 0.07194, 0.71136, 0, 0.782527, 0.071582, 0.946402, 0.532181, 0.79307, 0.133462, 0.932667, 0.067886, 0.779636, 0.254784], [0.052095, 0.125703, 0.461946, 0.23459, 0.804408, 0, 0.396593, 0.757665, 0.524499, 0.469897, 0.301347, 0.551865, 0.032483, 0.637569, 0.84785], [0.702729, 0.913521, 0.92391, 0.500984, 0.176236, 0.829326, 0, 0.418548, 0.560537, 0.118669, 0.137109, 0.458447, 0.276968, 0.778686, 0.176277], [0.160437, 0.307678, 0.661727, 0.212047, 0.747599, 0.421524, 0.688273, 0, 0.255346, 0.414434, 0.139321, 0.866877, 0.241882, 0.958725, 0.37831], [0.678132, 0.247365, 0.693577, 0.983998, 0.120842, 0.086223, 0.377272, 0.985493, 0, 0.553653, 0.93378, 0.739481, 0.135884, 0.601948, 0.980522], [0.926934, 0.719687, 0.161963, 0.317649, 0.233801, 0.431683, 0.083525, 0.764101, 0.918455, 0, 0.9732, 0.659557, 0.967739, 0.798721, 0.655988], [0.719026, 0.264917, 0.764304, 0.010797, 0.4326, 0.877254, 0.696156, 0.08425, 0.319721, 0.29428, 0, 0.378449, 0.197618, 0.911532, 0.435536], [0.535433, 0.365708, 0.39974, 0.142574, 0.733537, 0.683049, 0.418722, 0.372466, 0.878881, 0.168224, 0.669733, 0, 0.570782, 0.449806, 0.811283], [0.203439, 0.21473, 0.607476, 0.262978, 0.411069, 0.277694, 0.883382, 0.90075, 0.51323, 0.964838, 0.426793, 0.288219, 0, 0.909214, 0.981087], [0.874321, 0.049801, 0.935155, 0.326963, 0.379449, 0.960227, 0.912125, 0.800881, 0.038494, 0.281435, 0.087077, 0.987946, 0.059462, 0, 0.545357], [0.464071, 0.838334, 0.408063, 0.214038, 0.041461, 0.108732, 0.410134, 0.442847, 0.883222, 0.73458, 0.075365, 0.289293, 0.069952, 0.347772, 0]]}