{"v_num": 15, "mat": [[0, 0.988423, 0.81244, 0.857694, 0.858299, 0.653423, 0.531782, 0.111933, 0.644615, 0.071759, 0.776433, 0.790529, 0.618277, 0.440497, 0.589411], [0.672102, 0, 0.453117, 0.134808, 0.513935, 0.908012, 0.291028, 0.466251, 0.460681, 0.907917, 0.9825, 0.233152, 0.949673, 0.176494, 0.330589], [0.043988, 0.297135, 0, 0.070002, 0.076642, 0.366899, 0.830644, 0.99543, 0.139239, 0.786231, 0.714095, 0.479959, 0.564938, 0.269715, 0.532536], [0.175399, 0.986843, 0.068759, 0, 0.51564, 0.4142, 0.871659, 0.958415, 0.565177, 0.910422, 0.345154, 0.011306, 0.533022, 0.733822, 0.775803], [0.710088, 0.460533, 0.169389, 0.287066, 0, 0.846243, 0.260157, 0.47288, 0.506324, 0.225009, 0.757413, 0.786898, 0.791272, 0.844496, 0.502155], [0.664863, 0.230044, 0.854621, 0.869405, 0.961758, 0, 0.479494, 0.959142, 0.935608, 0.821937, 0.574092, 0.535052, 0.55694, 0.183947, 0.198945], [0.422629, 0.374888, 0.270567, 0.916621, 0.418611, 0.651566, 0, 0.310026, 0.37789, 0.948397, 0.356607, 0.957435, 0.347612, 0.607401, 0.691218], [0.249752, 0.21006, 0.07505, 0.948448, 0.260787, 0.700034, 0.003921, 0, 0.779588, 0.396177, 0.765339, 0.949032, 0.199222, 0.64105, 0.562473], [0.193536, 0.851032, 0.016028, 0.394302, 0.32275, 0.713238, 0.066501, 0.967859, 0, 0.233001, 0.202598, 0.395634, 0.765735, 0.418541, 0.806449], [0.730843, 0.895658, 0.2103, 0.536892, 0.664875, 0.751885, 0.831487, 0.42808, 0.427614, 0, 0.805389, 0.943958, 0.878381, 0.667689, 0.733507], [0.209979, 0.19826, 0.529475, 0.725484, 0.430327, 0.113717, 0.437648, 0.346267, 0.117625, 0.991439, 0, 0.088245, 0.856173, 0.592769, 0.35887], [0.161861, 0.522699, 0.593464, 1.3e-05, 0.908068, 0.424927, 0.87114, 0.268211, 0.307217, 0.365439, 0.62184, 0, 0.718492, 0.351127, 0.719046], [0.093288, 0.141059, 0.958269, 0.964036, 0.929385, 0.958366, 0.209269, 0.874409, 0.438732, 0.698373, 0.440361, 0.117665, 0, 0.149705, 0.923602], [0.361828, 0.517028, 0.903049, 0.712206, 0.431153, 0.67969, 0.678933, 0.392039, 0.973823, 0.885337, 0.863908, 0.047789, 0.260014, 0, 0.215245], [0.384421, 0.552709, 0.005651, 0.480456, 0.085392, 0.907223, 0.2783, 0.547563, 0.019007, 0.981373, 0.068209, 0.448773, 0.515457, 0.908364, 0]]}