{"v_num": 15, "mat": [[0, 0.978571, 0.441984, 0.295121, 0.324658, 0.086403, 0.159913, 0.234872, 0.260081, 0.923063, 0.470147, 0.158491, 0.730607, 0.544841, 0.765385], [0.267359, 0, 0.635198, 0.740987, 0.079831, 0.345086, 0.369798, 0.685064, 0.881768, 0.67233, 0.744202, 0.650387, 0.331131, 0.886986, 0.44124], [0.545416, 0.64864, 0, 0.06407, 0.333826, 0.298143, 0.473769, 0.5558, 0.013245, 0.4703, 0.811981, 0.731862, 0.018262, 0.312718, 0.758421], [0.373835, 0.251745, 0.570907, 0, 0.724116, 0.918386, 0.411045, 0.276033, 0.845207, 0.605598, 0.14501, 0.974311, 0.090552, 0.474056, 0.786598], [0.372922, 0.244801, 0.838774, 0.761246, 0, 0.610976, 0.513643, 0.687028, 0.095353, 0.610875, 0.075906, 0.924649, 0.740844, 0.541349, 0.989683], [0.852613, 0.686145, 0.266683, 0.826074, 0.026592, 0, 0.98678, 0.638522, 0.91322, 0.439596, 0.511534, 0.942838, 0.853123, 0.873625, 0.432376], [0.037068, 0.189464, 0.326739, 0.065665, 0.806345, 0.877256, 0, 0.998201, 0.571609, 0.685585, 0.559606, 0.155227, 0.959573, 0.006785, 0.510787], [0.229301, 0.330278, 0.064394, 0.961294, 0.801833, 0.955806, 0.556188, 0, 0.704817, 0.846529, 0.543817, 0.846602, 0.963083, 0.984994, 0.270326], [0.285213, 0.654519, 0.612288, 0.437993, 0.914326, 0.177777, 0.091822, 0.209482, 0, 0.403989, 0.878673, 0.605288, 0.986955, 0.745259, 0.484207], [0.685159, 0.541119, 0.702119, 0.799698, 0.753839, 0.901839, 0.52537, 0.91335, 0.206417, 0, 0.910726, 0.13836, 0.93087, 0.8468, 0.821703], [0.26656, 0.815302, 0.377551, 0.997475, 0.256733, 0.376979, 0.428946, 0.801834, 0.913026, 0.206125, 0, 0.079643, 0.612392, 0.705612, 0.411962], [0.560595, 0.584549, 0.475594, 0.222956, 0.209306, 0.59108, 0.253469, 0.45951, 0.402096, 0.857237, 0.269639, 0, 0.461421, 0.431113, 0.103041], [0.376358, 0.897094, 0.85994, 0.836326, 0.912917, 0.727403, 0.717512, 0.681285, 0.659913, 0.53024, 0.503936, 0.38057, 0, 0.195272, 0.925549], [0.703918, 0.137626, 0.825195, 0.575599, 0.982022, 0.265122, 0.562848, 0.980216, 0.718657, 0.946702, 0.187786, 0.796743, 0.768875, 0, 0.561033], [0.74031, 0.242583, 0.963604, 0.469274, 0.668545, 0.127344, 0.577406, 0.778945, 0.292995, 0.519801, 0.280713, 0.76167, 0.984015, 0.742448, 0]]}