{"v_num": 15, "mat": [[0, 0.945242, 0.086663, 0.591253, 0.794102, 0.79013, 0.929275, 0.793037, 0.675641, 0.331296, 0.520286, 0.296402, 0.505436, 0.745301, 0.59402], [0.069735, 0, 0.805691, 0.786937, 0.644293, 0.5027, 0.387718, 0.563055, 0.538806, 0.575311, 0.813294, 0.396805, 0.690481, 0.69771, 0.520112], [0.281625, 0.963051, 0, 0.927052, 0.577733, 0.4736, 0.57035, 0.6051, 0.647405, 0.46785, 0.105563, 0.347425, 0.607453, 0.566249, 0.267882], [0.35094, 0.274747, 0.370876, 0, 0.655795, 0.399956, 0.676799, 0.52055, 0.568093, 0.666905, 0.70454, 0.076961, 0.717914, 0.401603, 0.620119], [0.857057, 0.739986, 0.735673, 0.592636, 0, 0.349903, 0.137718, 0.30883, 0.143265, 0.346185, 0.938782, 0.566385, 0.773157, 0.887644, 0.766006], [0.00081, 0.709161, 0.381528, 0.23298, 0.617695, 0, 0.849278, 0.896141, 0.470778, 0.738766, 0.451718, 0.003553, 0.645888, 0.786672, 0.146946], [0.630906, 0.738862, 0.742537, 0.713281, 0.618983, 0.071745, 0, 0.120437, 0.682872, 0.980046, 0.801437, 0.553265, 0.381947, 0.814729, 0.913032], [0.124453, 0.867118, 0.335642, 0.439672, 0.263906, 0.528612, 0.469945, 0, 0.528998, 0.68605, 0.111552, 0.362724, 0.299509, 0.380908, 0.765062], [0.469589, 0.371664, 0.970401, 0.96643, 0.777737, 0.250267, 0.71866, 0.629121, 0, 0.230791, 0.51939, 0.759368, 0.77056, 0.869821, 0.261055], [0.174675, 0.062344, 0.327555, 0.817347, 0.587792, 0.780527, 0.860374, 0.113515, 0.497214, 0, 0.298042, 0.1011, 0.772922, 0.691181, 0.292449], [0.636699, 0.127726, 0.646695, 0.239641, 0.07039, 0.438553, 0.495919, 0.288201, 0.39132, 0.963841, 0, 0.419691, 0.040447, 0.109637, 0.664837], [0.324182, 0.268035, 0.696186, 0.18706, 0.44527, 0.328738, 0.477143, 0.846651, 0.475664, 0.16804, 0.607098, 0, 0.768262, 0.079366, 0.313544], [0.246337, 0.631992, 0.18458, 0.146851, 0.773724, 0.423328, 0.249555, 0.297858, 0.159634, 0.456067, 0.274048, 0.278216, 0, 0.470755, 0.195237], [0.959351, 0.110898, 0.94901, 0.381254, 0.740871, 0.364029, 0.773944, 0.321665, 0.107813, 0.205689, 0.660394, 0.50864, 0.079994, 0, 0.544098], [0.012966, 0.857105, 0.918194, 0.947577, 0.466103, 0.126769, 0.35105, 0.409516, 0.116835, 0.479253, 0.461578, 0.051346, 0.030933, 0.199169, 0]]}