{"v_num": 15, "mat": [[0, 0.018358, 0.933412, 0.772146, 0.752712, 0.315676, 0.502696, 0.779764, 0.885342, 0.362732, 0.154063, 0.709039, 0.156188, 0.107924, 0.502134], [0.563153, 0, 0.229733, 0.178932, 0.547459, 0.343383, 0.746063, 0.476374, 0.228328, 0.976787, 0.023219, 0.93021, 0.754306, 0.217407, 0.302946], [0.575102, 0.817575, 0, 0.096072, 0.854608, 0.486877, 0.708523, 0.050054, 0.308449, 0.877477, 0.135485, 0.305764, 0.195796, 0.68697, 0.405285], [0.220476, 0.060546, 0.803084, 0, 0.516786, 0.178176, 0.959241, 0.666305, 0.526396, 0.403616, 0.240256, 0.606513, 0.101696, 0.871621, 0.15381], [0.725481, 0.149672, 0.208333, 0.80875, 0, 0.851855, 0.037035, 0.920508, 0.424402, 0.914828, 0.861274, 0.34075, 0.478619, 0.454476, 0.501366], [0.995898, 0.453767, 0.646057, 0.148796, 0.489585, 0, 0.075048, 0.156273, 0.243939, 0.246051, 0.693949, 0.175186, 0.811005, 0.864906, 0.527128], [0.855524, 0.54326, 0.926134, 0.202447, 0.364428, 0.74841, 0, 0.600549, 0.320087, 0.449546, 0.67173, 0.400654, 0.368268, 0.603593, 0.604411], [0.083049, 0.626242, 0.874407, 0.04145, 0.725019, 0.412113, 0.350446, 0, 0.813115, 0.305572, 0.451822, 0.332099, 0.806036, 0.912593, 0.652129], [0.86902, 0.983282, 0.47617, 0.666927, 0.658748, 0.242366, 0.428994, 0.819868, 0, 0.20451, 0.402905, 0.75731, 0.010712, 0.61667, 0.689155], [0.495625, 0.904476, 0.11263, 0.500176, 0.663838, 0.826097, 0.900528, 0.883668, 0.533602, 0, 0.06331, 0.938968, 0.527529, 0.8429, 0.972305], [0.95344, 0.629542, 0.937807, 0.402065, 0.15518, 0.055808, 0.104955, 0.801265, 0.778816, 0.632498, 0, 0.917977, 0.373133, 0.428185, 0.973061], [0.674608, 0.387079, 0.602922, 0.743721, 0.682973, 0.86259, 0.918365, 0.14253, 0.215925, 0.597483, 0.473126, 0, 0.385936, 0.927808, 0.748865], [0.041791, 0.820974, 0.837093, 0.789522, 0.82639, 0.250988, 0.734115, 0.950618, 0.506956, 0.309333, 0.467494, 0.773964, 0, 0.097572, 0.319925], [0.359259, 0.449031, 0.190912, 0.731075, 0.109106, 0.23159, 0.806141, 0.596527, 0.932035, 0.402083, 0.236156, 0.292246, 0.283666, 0, 0.957334], [0.869186, 0.651713, 0.026642, 0.730212, 0.471899, 0.991925, 0.191354, 0.249268, 0.654093, 0.860329, 0.935048, 0.094583, 0.42023, 0.263931, 0]]}