{"v_num": 15, "mat": [[0, 0.354565, 0.574235, 0.33739, 0.352941, 0.180653, 0.574944, 0.603111, 0.605829, 0.471238, 0.218405, 0.726158, 0.484869, 0.573483, 0.644197], [0.11994, 0, 0.288983, 0.663986, 0.609672, 0.892209, 0.112075, 0.387196, 0.956798, 0.959478, 0.249363, 0.812192, 0.688237, 0.331251, 0.946025], [0.219501, 0.234831, 0, 0.724657, 0.40444, 0.24627, 0.091541, 0.138782, 0.477378, 0.345982, 0.62303, 0.040662, 0.602236, 0.711787, 0.347579], [0.026932, 0.017389, 0.014241, 0, 0.78548, 0.258052, 0.322569, 0.949928, 0.598415, 0.155862, 0.380508, 0.306284, 0.949512, 0.712121, 0.122522], [0.266341, 0.791538, 0.487628, 0.440233, 0, 0.78398, 0.527333, 0.853271, 0.834198, 0.617566, 0.972245, 0.580434, 0.467413, 0.161527, 0.072348], [0.61642, 0.06299, 0.972026, 0.660332, 0.349168, 0, 0.679595, 0.3714, 0.981759, 0.405187, 0.953507, 0.695359, 0.092595, 0.772479, 0.27616], [0.174216, 0.868705, 0.269615, 0.573156, 0.825749, 0.59318, 0, 0.02844, 0.513017, 0.455261, 0.001058, 0.161473, 0.477167, 0.445486, 0.204498], [0.209404, 0.834391, 0.968757, 0.566748, 0.936388, 0.2204, 0.484835, 0, 0.57776, 0.241573, 0.004431, 0.65055, 0.110267, 0.124789, 0.237988], [0.263573, 0.87043, 0.108907, 0.453889, 0.575525, 0.130568, 0.050823, 0.152009, 0, 0.879003, 0.795255, 0.876614, 0.46055, 0.767807, 0.200585], [0.919367, 0.983169, 0.47473, 0.726117, 0.747181, 0.93946, 0.049301, 0.732477, 0.390132, 0, 0.8862, 0.066213, 0.844325, 0.481977, 0.352701], [0.035339, 0.985615, 0.652474, 0.784431, 0.406308, 0.395224, 0.741432, 0.586181, 0.378284, 0.238622, 0, 0.95686, 0.977047, 0.912245, 0.60209], [0.853788, 0.02883, 0.157333, 0.900536, 0.819473, 0.296734, 0.657042, 0.775148, 0.235057, 0.985707, 0.934393, 0, 0.871201, 0.933523, 0.98493], [0.067415, 0.017555, 0.439092, 0.009537, 0.16193, 0.541582, 0.567801, 0.060324, 0.68701, 0.556322, 0.266708, 0.337113, 0, 0.979985, 0.165062], [0.568875, 0.738369, 0.21524, 0.459304, 0.254589, 0.985478, 0.848316, 0.507411, 0.34583, 0.052778, 0.398003, 0.474452, 0.345602, 0, 0.055982], [0.400683, 0.005702, 0.876858, 0.448293, 0.125612, 0.139177, 0.738826, 0.62637, 0.621304, 0.849173, 0.506566, 0.676268, 0.054085, 0.313802, 0]]}