{"v_num": 16, "mat": [[0, 0.648535, 0.197584, 0.353761, 0.180749, 0.912481, 0.576953, 0.074366, 0.428259, 0.206244, 0.585369, 0.949289, 0.299876, 0.479569, 0.150563, 0.032532], [0.268812, 0, 0.010402, 0.015849, 0.360244, 0.986118, 0.609317, 0.034992, 0.021933, 0.755665, 0.023899, 0.446236, 0.47004, 0.971655, 0.131062, 0.216736], [0.381164, 0.572271, 0, 0.566348, 0.397964, 0.68658, 0.887115, 0.057534, 0.773893, 0.390189, 0.380475, 0.592262, 0.934631, 0.595255, 0.903004, 0.875447], [0.907648, 0.995659, 0.310429, 0, 0.35702, 0.439663, 0.32841, 0.428213, 0.063913, 0.581467, 0.783437, 0.313731, 0.323375, 0.28527, 0.295412, 0.921637], [0.277903, 0.329982, 0.939318, 0.318437, 0, 0.978561, 0.239376, 0.940198, 0.135105, 0.250491, 0.761649, 0.704753, 0.905981, 0.759337, 0.9924, 0.679272], [0.349579, 0.003598, 0.084985, 0.479943, 0.340435, 0, 0.782846, 0.04121, 0.736848, 0.039269, 0.932921, 0.439625, 0.085902, 0.155035, 0.734494, 0.821957], [0.735866, 0.242868, 0.931875, 0.317098, 0.351693, 0.469331, 0, 0.266709, 0.720916, 0.453597, 0.26006, 0.533167, 0.991142, 0.107982, 0.022433, 0.443009], [0.96302, 0.14606, 0.025001, 0.189313, 0.111833, 0.80997, 0.650203, 0, 0.63496, 0.106261, 0.29685, 0.183831, 0.700052, 0.463461, 0.091803, 0.702481], [0.599078, 0.892079, 0.913851, 0.692471, 0.247975, 0.795303, 0.641309, 0.826751, 0, 0.981467, 0.716991, 0.634689, 0.177103, 0.773621, 0.971633, 0.706428], [0.251363, 0.473501, 0.421961, 0.876197, 0.875931, 0.451946, 0.82113, 0.71791, 0.276583, 0, 0.263969, 0.691945, 0.561908, 0.169761, 0.447522, 0.43953], [0.16967, 0.52193, 0.199204, 0.070575, 0.894917, 0.153843, 0.653477, 0.09344, 0.855566, 0.931054, 0, 0.397231, 0.362592, 0.484844, 0.387847, 0.060527], [0.010462, 0.946958, 0.185249, 0.653217, 0.056486, 0.727855, 0.190867, 0.476471, 0.324248, 0.522846, 0.980206, 0, 0.049846, 0.032731, 0.293166, 0.932571], [0.85879, 0.103259, 0.551774, 0.835019, 0.492748, 0.542962, 0.807966, 0.956443, 0.658331, 0.688398, 0.481401, 0.450204, 0, 0.587352, 0.282047, 0.732247], [0.775929, 0.940493, 0.316136, 0.39716, 0.196111, 0.723013, 0.52785, 0.700227, 0.50071, 0.499243, 0.861626, 0.023284, 0.072397, 0, 0.547183, 0.880749], [0.041866, 0.91956, 0.583516, 0.049843, 0.463451, 0.104189, 0.012532, 0.562536, 0.614273, 0.146042, 0.24959, 0.727362, 0.01008, 0.133986, 0, 0.877655], [0.436998, 0.128184, 0.436163, 0.719967, 0.964523, 0.304187, 0.435588, 0.787138, 0.150822, 0.263008, 0.273055, 0.815267, 0.694474, 0.321317, 0.952109, 0]]}