{"v_num": 16, "mat": [[0, 0.216553, 0.362493, 0.52939, 0.486824, 0.304918, 0.557665, 0.828959, 0.149956, 0.70603, 0.931098, 0.776968, 0.631142, 0.549754, 0.580256, 0.211922], [0.451377, 0, 0.213112, 0.931647, 0.358559, 0.32238, 0.607617, 0.383223, 0.854027, 0.345104, 0.663767, 0.50492, 0.801469, 0.005191, 0.361046, 0.424394], [0.715077, 0.992748, 0, 0.319523, 0.501721, 0.652063, 0.884576, 0.612676, 0.164895, 0.931649, 0.277432, 0.072628, 0.944257, 0.933025, 0.522129, 0.642169], [0.450103, 0.913832, 0.399156, 0, 0.384718, 0.465524, 0.235267, 0.173551, 0.386351, 0.343197, 0.57882, 0.608237, 0.084941, 0.262536, 0.721084, 0.126705], [0.849834, 0.917304, 0.344328, 0.083598, 0, 0.781312, 0.904549, 0.895465, 0.515641, 0.227337, 0.121261, 0.054697, 0.040358, 0.754389, 0.5454, 0.244071], [0.985792, 0.747125, 0.073346, 0.316259, 0.952783, 0, 0.941933, 0.155809, 0.009897, 0.046772, 0.839859, 0.060318, 0.555533, 0.622755, 0.412454, 0.551459], [0.684069, 0.773854, 0.773148, 0.772691, 0.67044, 0.95388, 0, 0.761375, 0.519983, 0.382824, 0.641601, 0.111944, 0.130456, 0.03034, 0.143521, 0.738422], [0.377781, 0.492091, 0.765565, 0.745271, 0.339426, 0.332609, 0.671146, 0, 0.577052, 0.348609, 0.578894, 0.384938, 0.955624, 0.058974, 0.337408, 0.829491], [0.280477, 0.474398, 0.383196, 0.243135, 0.91943, 0.907769, 0.000684, 0.294648, 0, 0.650636, 0.647773, 0.77837, 0.499469, 0.554732, 0.070362, 0.93418], [0.433106, 0.939442, 0.601773, 0.118268, 0.67742, 0.951733, 0.837974, 0.971753, 0.996166, 0, 0.717438, 0.538443, 0.51411, 0.719563, 0.777868, 0.022533], [0.46888, 0.122374, 0.988658, 0.614997, 0.801351, 0.872976, 0.726861, 0.722925, 0.118285, 0.380072, 0, 0.950149, 0.158549, 0.080197, 0.365781, 0.267259], [0.664053, 0.064165, 0.855185, 0.787704, 0.094972, 0.419964, 0.627537, 0.587251, 0.856465, 0.012867, 0.114096, 0, 0.532949, 0.540288, 0.149986, 0.331168], [0.607041, 0.424814, 0.564341, 0.652057, 0.405894, 0.916913, 0.751739, 0.692597, 0.561666, 0.28238, 0.390243, 0.582772, 0, 0.557972, 0.921764, 0.718135], [0.327407, 0.333166, 0.414192, 0.176519, 0.918227, 0.841704, 0.969761, 0.097264, 0.21873, 0.646572, 0.467115, 0.500724, 0.175965, 0, 0.001706, 0.948805], [0.10779, 0.724487, 0.565526, 0.15825, 0.581188, 0.195084, 0.666621, 0.927231, 0.934038, 0.713164, 0.628398, 0.039485, 0.106065, 0.770154, 0, 0.73455], [0.765597, 0.463003, 0.611052, 0.879269, 0.506963, 0.662094, 0.394182, 0.932135, 0.616837, 0.970808, 0.013613, 0.984107, 0.931442, 0.82132, 0.763697, 0]]}