{"v_num": 16, "mat": [[0, 0.605291, 0.866632, 0.960357, 0.017858, 0.020933, 0.816683, 0.161342, 0.318367, 0.945691, 0.152581, 0.986246, 0.891098, 0.406074, 0.69455, 0.77556], [0.830746, 0, 0.329481, 0.013312, 0.684198, 0.817845, 0.338651, 0.458672, 0.217397, 0.769423, 0.352115, 0.795018, 0.352689, 0.077524, 0.863714, 0.211933], [0.944847, 0.538097, 0, 0.277476, 0.746433, 0.790269, 0.383475, 0.894242, 0.549854, 0.137683, 0.809615, 0.013418, 0.507652, 0.104383, 0.957142, 0.085677], [0.987573, 0.745097, 0.079551, 0, 0.360826, 0.437068, 0.298321, 0.033393, 0.87377, 0.660887, 0.673719, 0.382255, 0.77715, 0.617212, 0.480665, 0.204305], [0.223539, 0.475811, 0.218861, 0.700631, 0, 0.005991, 0.66268, 0.834227, 0.985016, 0.194213, 0.066796, 0.676259, 0.923247, 0.443163, 0.539243, 0.696126], [0.994259, 0.07427, 0.109749, 0.226545, 0.736774, 0, 0.095627, 0.34897, 0.919702, 0.445251, 0.01985, 0.871845, 0.313516, 0.632089, 0.139735, 0.622444], [0.026509, 0.765582, 0.287841, 0.831137, 0.230905, 0.183655, 0, 0.30643, 0.118091, 0.614448, 0.388437, 0.886518, 0.374857, 0.673127, 0.463502, 0.472377], [0.189744, 0.130873, 0.985282, 0.610322, 0.327483, 0.631588, 0.246295, 0, 0.390334, 0.651689, 0.078446, 0.88603, 0.33099, 0.524699, 0.223605, 0.0154], [0.031661, 0.856778, 0.001975, 0.180625, 0.254846, 0.918677, 0.908165, 0.785872, 0, 0.050303, 0.804229, 0.159989, 0.599441, 0.981207, 0.444067, 0.844702], [0.430924, 0.922538, 0.529178, 0.873295, 0.5373, 0.469721, 0.562309, 0.890375, 0.990312, 0, 0.788962, 0.217412, 0.612055, 0.640086, 0.202716, 0.794028], [0.974521, 0.250469, 0.511108, 0.697639, 0.495813, 0.573813, 0.400215, 0.872845, 0.639574, 0.082971, 0, 0.964508, 0.699326, 0.549115, 0.296476, 0.191909], [0.412334, 0.406517, 0.19398, 0.640808, 0.220125, 0.323623, 0.979213, 0.278772, 0.712006, 0.927452, 0.362805, 0, 0.332155, 0.319956, 0.679473, 0.878748], [0.540969, 0.887094, 0.201107, 0.805414, 0.496934, 0.983333, 0.46437, 0.638105, 0.153154, 0.587607, 0.217106, 0.499508, 0, 0.432983, 0.920857, 0.956553], [0.670184, 0.832889, 0.678976, 0.985132, 0.085302, 0.167981, 0.611763, 0.112623, 0.014652, 0.889121, 0.732864, 0.411111, 0.96545, 0, 0.151261, 0.329476], [0.361278, 0.845157, 0.675705, 0.559519, 0.478725, 0.4782, 0.319371, 0.042139, 0.448728, 0.684945, 0.114539, 0.352705, 0.647788, 0.84389, 0, 0.35629], [0.288075, 0.026125, 0.086574, 0.987651, 0.829495, 0.230323, 0.432393, 0.060013, 0.510729, 0.693252, 0.862842, 0.931821, 0.827333, 0.683574, 0.503712, 0]]}