{"v_num": 16, "mat": [[0, 0.917857, 0.126365, 0.443576, 0.485054, 0.247047, 0.596839, 0.313574, 0.077522, 0.792487, 0.864871, 0.86076, 0.465959, 0.503031, 0.991022, 0.656203], [0.053322, 0, 0.621403, 0.701962, 0.483248, 0.839717, 0.886493, 0.923211, 0.856609, 0.876285, 0.182212, 0.574087, 0.334371, 0.221516, 0.416984, 0.587641], [0.825931, 0.153247, 0, 0.207525, 0.408267, 0.491671, 0.906788, 0.06685, 0.987982, 0.933686, 0.082876, 0.488745, 0.093827, 0.622939, 0.18896, 0.268321], [0.931069, 0.936258, 0.396329, 0, 0.177448, 0.725922, 0.720956, 0.82956, 0.075703, 0.339854, 0.062502, 0.619881, 0.472372, 0.33073, 0.612438, 0.496235], [0.992281, 0.76314, 0.845484, 0.474054, 0, 0.173855, 0.427349, 0.415941, 0.72444, 0.477421, 0.85512, 0.198892, 0.257687, 0.789173, 0.167408, 0.112846], [0.503007, 0.650835, 0.254916, 0.654736, 0.723914, 0, 0.32149, 0.849224, 0.982882, 0.535692, 0.854965, 0.985646, 0.324512, 0.203001, 0.618888, 0.873141], [0.227725, 0.967024, 0.910509, 0.197775, 0.196879, 0.707758, 0, 0.119175, 0.389004, 0.02671, 0.381422, 0.518227, 0.580191, 0.469309, 0.06621, 0.61519], [0.579099, 0.76665, 0.943531, 0.611327, 0.402725, 0.90004, 0.67469, 0, 0.011782, 0.118732, 0.490977, 0.48072, 0.418416, 0.543853, 0.676942, 0.962764], [0.180319, 0.496728, 0.198852, 0.054169, 0.80255, 0.469697, 0.189041, 0.539212, 0, 0.614879, 0.312532, 0.200212, 0.413999, 0.222592, 0.186138, 0.507764], [0.603599, 0.965036, 0.267992, 0.403528, 0.026073, 0.264051, 0.926875, 0.43523, 0.666333, 0, 0.382418, 0.811029, 0.661078, 0.088889, 0.966114, 0.041547], [0.686176, 0.026717, 0.038115, 0.101352, 0.633648, 0.454088, 0.669025, 0.766975, 0.69493, 0.260243, 0, 0.269218, 0.43457, 0.504983, 0.136911, 0.367151], [0.583402, 0.941458, 0.551338, 0.084872, 0.27283, 0.792309, 0.68879, 0.534475, 0.996615, 0.508719, 0.306969, 0, 0.329784, 0.071335, 0.993898, 0.045111], [0.568879, 0.344945, 0.225797, 0.197387, 0.516077, 0.985157, 0.551985, 0.280181, 0.965582, 0.126031, 0.132414, 0.603404, 0, 0.843354, 0.762369, 0.533053], [0.616421, 0.587274, 0.575265, 0.16401, 0.606472, 0.088387, 0.792015, 0.462823, 0.986604, 0.182809, 0.507525, 0.232992, 0.674861, 0, 0.361271, 0.935289], [0.815295, 0.27205, 0.128446, 0.679087, 0.072172, 0.873176, 0.910865, 0.545675, 0.638719, 0.109584, 0.176116, 0.615181, 0.588887, 0.237378, 0, 0.45924], [0.254925, 0.654761, 0.901344, 0.184051, 0.303864, 0.150265, 0.635344, 0.34442, 0.715566, 0.853021, 0.260176, 0.306442, 0.091624, 0.722771, 0.385936, 0]]}