{"v_num": 16, "mat": [[0, 0.507322, 0.320357, 0.049551, 0.038738, 0.791508, 0.02532, 0.818253, 0.394058, 0.55545, 0.636722, 0.140863, 0.244972, 0.243374, 0.128955, 0.052185], [0.604862, 0, 0.076045, 0.636057, 0.96896, 0.307316, 0.741282, 0.583878, 0.020024, 0.689315, 0.718847, 0.153023, 0.175841, 0.014407, 0.408877, 0.204434], [0.856954, 0.141831, 0, 0.468769, 0.155405, 0.91707, 0.989977, 0.238974, 0.062532, 0.56969, 0.497277, 0.874465, 0.519094, 0.694462, 0.680608, 0.213128], [0.855344, 0.797143, 0.125201, 0, 0.555866, 0.108062, 0.676576, 0.641554, 0.697878, 0.69894, 0.670853, 0.25362, 0.643577, 0.940429, 0.212902, 0.865393], [0.120554, 0.275504, 0.207349, 0.814137, 0, 0.013067, 0.280472, 0.184559, 0.40382, 0.019764, 0.677667, 0.38702, 0.806432, 0.100956, 0.68102, 0.683286], [0.711485, 0.732376, 0.725483, 0.543751, 0.786195, 0, 0.304381, 0.545375, 0.498932, 0.289534, 0.11528, 0.957545, 0.142032, 0.91799, 0.990974, 0.984395], [0.453395, 0.265315, 0.679973, 0.934957, 0.515937, 0.0102, 0, 0.182504, 0.806262, 0.650639, 0.699013, 0.910153, 0.525157, 0.476347, 0.726081, 0.660388], [0.312419, 0.446515, 0.059768, 0.893433, 0.553762, 0.989042, 0.51164, 0, 0.056718, 0.455468, 0.610293, 0.505645, 0.696476, 0.364277, 0.199899, 0.730161], [0.741899, 0.745857, 0.705507, 0.512022, 0.5651, 0.100668, 0.503044, 0.783488, 0, 0.821259, 0.025, 0.41945, 0.492568, 0.108136, 0.434837, 0.150974], [0.870943, 0.755823, 0.801748, 0.598789, 0.755441, 0.600135, 0.741416, 0.216187, 0.279109, 0, 0.952489, 0.734985, 0.727481, 0.242634, 0.482095, 0.773062], [0.264649, 0.307469, 0.551588, 0.665939, 0.268801, 0.142297, 0.680127, 0.130823, 0.126146, 0.838243, 0, 0.807936, 0.51987, 0.423873, 0.319598, 0.698417], [0.495711, 0.030961, 0.429428, 0.464144, 0.109405, 0.231258, 0.130756, 0.652139, 0.566125, 0.224351, 0.519595, 0, 0.246811, 0.918412, 0.87284, 0.76832], [0.94758, 0.473111, 0.421563, 0.551088, 0.224643, 0.753522, 0.485937, 0.039294, 0.775463, 0.478833, 0.403546, 0.176062, 0, 0.994769, 0.670269, 0.519437], [0.878278, 0.509848, 0.529777, 0.112837, 0.864393, 0.477967, 0.12739, 0.582058, 0.367992, 0.418583, 0.222125, 0.520848, 0.886462, 0, 0.051946, 0.219041], [0.634443, 0.538668, 0.789596, 0.182605, 0.692195, 0.771814, 0.673008, 0.837758, 0.457935, 0.88228, 0.417339, 0.327034, 0.329138, 0.131979, 0, 0.275976], [0.464468, 0.199126, 0.748563, 0.312967, 0.354908, 0.233578, 0.330438, 0.164395, 0.939643, 0.862715, 0.597874, 0.359978, 0.968655, 0.756292, 0.682766, 0]]}