{"v_num": 16, "mat": [[0, 0.028664, 0.207149, 0.883632, 0.863807, 0.202229, 0.959823, 0.974127, 0.289211, 0.796675, 0.271781, 0.695382, 0.5773, 0.230357, 0.461968, 0.308544], [0.099366, 0, 0.285344, 0.035446, 0.222732, 0.490935, 0.88555, 0.687502, 0.191464, 0.175483, 0.926092, 0.979204, 0.328151, 0.530026, 0.476585, 0.894642], [0.859649, 0.95388, 0, 0.811232, 0.622184, 0.959175, 0.214035, 0.471439, 0.426517, 0.58455, 0.106594, 0.538681, 0.516678, 0.405926, 0.898683, 0.549306], [0.0825, 0.208061, 0.031423, 0, 0.764218, 0.501633, 0.293071, 0.665986, 0.237981, 0.84704, 0.413326, 0.145696, 0.71085, 0.428205, 0.733348, 0.035653], [0.927555, 0.837438, 0.065931, 0.761439, 0, 0.830984, 0.371952, 0.017492, 0.599971, 0.683113, 0.210913, 0.596173, 0.690997, 0.255953, 0.732818, 0.631266], [0.927925, 0.009226, 0.744668, 0.210258, 0.205206, 0, 0.608562, 0.510969, 0.633491, 0.615788, 0.527776, 0.522554, 0.048513, 0.028747, 0.843935, 0.276041], [0.683939, 0.463803, 0.518608, 0.751942, 0.064039, 0.369455, 0, 0.72803, 0.603395, 0.585665, 0.830636, 0.159519, 0.706865, 0.169945, 0.031016, 0.129854], [0.238734, 0.552754, 0.73983, 0.846412, 0.969574, 0.09286, 0.213026, 0, 0.604743, 0.841316, 0.290879, 0.82791, 0.102376, 0.14569, 0.314867, 0.149869], [0.125217, 0.781284, 0.954071, 0.349318, 0.533317, 0.542041, 0.040102, 0.256578, 0, 0.965796, 0.892253, 0.776996, 0.595528, 0.171594, 0.126291, 0.618755], [0.213151, 0.278924, 0.79045, 0.483663, 0.020167, 0.295973, 0.381498, 0.324618, 0.414548, 0, 0.113456, 0.252244, 0.2496, 0.168331, 0.007657, 0.131467], [0.579044, 0.192354, 0.162476, 0.881279, 0.574023, 0.415798, 0.64088, 0.618621, 0.900051, 0.83309, 0, 0.467103, 0.011819, 0.043002, 0.554731, 0.16146], [0.787685, 0.94102, 0.667895, 0.573627, 0.844088, 0.297139, 0.500602, 0.290714, 0.300494, 0.857232, 0.989063, 0, 0.358662, 0.460481, 0.526447, 0.870725], [0.338512, 0.438615, 0.04811, 0.046318, 0.19358, 0.939561, 0.543207, 0.888117, 0.157104, 0.145759, 0.846268, 0.238164, 0, 0.825951, 0.751134, 0.562801], [0.453273, 0.575429, 0.138453, 0.368741, 0.201546, 0.869604, 0.207056, 0.956171, 0.585068, 0.460727, 0.377783, 0.357967, 0.044944, 0, 0.618574, 0.852772], [0.808406, 0.753381, 0.963779, 0.73073, 0.309567, 0.619898, 0.521765, 0.713367, 0.306237, 0.027706, 0.907105, 0.078909, 0.834278, 0.39018, 0, 0.925217], [0.615665, 0.615698, 0.772499, 0.732695, 0.819829, 0.401955, 0.677216, 0.467781, 0.684308, 0.785559, 0.01952, 0.302892, 0.41638, 0.567063, 0.955158, 0]]}