{"v_num": 16, "mat": [[0, 0.394879, 0.446942, 0.207706, 0.591659, 0.669729, 0.467856, 0.820979, 0.820816, 0.946065, 0.256567, 0.040523, 0.732437, 0.215159, 0.131839, 0.606242], [0.096677, 0, 0.656398, 0.216084, 0.524479, 0.1165, 0.613671, 0.567647, 0.41993, 0.704909, 0.34425, 0.863785, 0.579652, 0.697151, 0.432394, 0.669804], [0.123921, 0.391511, 0, 0.32012, 0.573203, 0.099298, 0.418161, 0.287278, 0.042024, 0.065772, 0.60592, 0.011156, 0.339661, 0.342837, 0.10552, 0.457316], [0.177902, 0.879206, 0.182615, 0, 0.236515, 0.780192, 0.953598, 0.365177, 0.622782, 0.104154, 0.1175, 0.119762, 0.161502, 0.073263, 0.235302, 0.749135], [0.270177, 0.434669, 0.097586, 0.376455, 0, 0.297476, 0.32534, 0.39203, 0.779956, 0.070465, 0.336079, 0.665553, 0.761229, 0.92256, 0.928859, 0.707485], [0.949552, 0.04534, 0.038926, 0.824573, 0.83221, 0, 0.213893, 0.408315, 0.907414, 0.86037, 0.695054, 0.813318, 0.82818, 0.308156, 0.62717, 0.271045], [0.715195, 0.788273, 0.244994, 0.126152, 0.362693, 0.376829, 0, 0.960905, 0.437268, 0.416369, 0.074048, 0.294397, 0.037702, 0.397115, 0.041989, 0.226635], [0.934115, 0.938527, 0.382114, 0.738965, 0.066756, 0.804109, 0.18394, 0, 0.802541, 0.830757, 0.923241, 0.328235, 0.201943, 0.080024, 0.260361, 0.479701], [0.194834, 0.628176, 0.650798, 0.073822, 0.191093, 0.633164, 0.564812, 0.349078, 0, 0.005963, 0.712629, 0.109083, 0.966384, 0.59646, 0.922246, 0.862307], [0.405009, 0.489815, 0.499294, 0.111644, 0.642971, 0.536628, 0.799867, 0.013592, 0.765076, 0, 0.46407, 0.957028, 0.183469, 0.529189, 0.870811, 0.339649], [0.693849, 0.078905, 0.132931, 0.359669, 0.799773, 0.505583, 0.08087, 0.774869, 0.911392, 0.161225, 0, 0.293604, 0.441052, 0.379128, 0.395772, 0.100524], [0.438245, 0.723722, 0.191068, 0.952453, 0.465237, 0.140021, 0.480051, 0.842146, 0.106778, 0.254826, 0.514792, 0, 0.510517, 0.657395, 0.72783, 0.117436], [0.507311, 0.016464, 0.602725, 0.250732, 0.788048, 0.937902, 0.42634, 0.376541, 0.352043, 0.598978, 0.392584, 0.936977, 0, 0.991497, 0.143689, 0.362842], [0.6286, 0.848623, 0.231165, 0.022066, 0.945147, 0.400037, 0.861064, 0.988939, 0.767306, 0.23226, 0.946344, 0.337914, 0.90241, 0, 0.177249, 0.826827], [0.025218, 0.650153, 0.888296, 0.657876, 0.458311, 0.817318, 0.229274, 0.71189, 0.430481, 0.798184, 0.678484, 0.645537, 0.868979, 0.733173, 0, 0.386954], [0.602658, 0.397839, 0.177986, 0.482362, 0.876199, 0.84526, 0.220388, 0.240769, 0.413116, 0.905654, 0.645382, 0.933213, 0.643144, 0.391238, 0.703035, 0]]}