{"v_num": 16, "mat": [[0, 0.719294, 0.40815, 0.721375, 0.362104, 0.994191, 0.62521, 0.093599, 0.37015, 0.551471, 0.928232, 0.81737, 0.754329, 0.75446, 0.676543, 0.646269], [0.907657, 0, 0.92237, 0.066498, 0.731481, 0.427937, 0.428494, 0.215914, 0.613435, 0.580491, 0.826315, 0.794009, 0.551581, 0.516881, 0.68681, 0.41966], [0.184205, 0.630056, 0, 0.38767, 0.111455, 0.57395, 0.687666, 0.661537, 0.831496, 0.146464, 0.635695, 0.627223, 0.722476, 0.891155, 0.575208, 0.186615], [0.16883, 0.992031, 0.516409, 0, 0.846844, 0.737708, 0.410226, 0.905803, 0.791629, 0.073562, 0.624552, 0.173641, 0.578627, 0.58282, 0.417819, 0.986979], [0.948657, 0.143147, 0.396307, 0.051731, 0, 0.036213, 0.697513, 0.701021, 0.813453, 0.539554, 0.164913, 0.973371, 0.180218, 0.614448, 0.858693, 0.492424], [0.680464, 0.686361, 0.839348, 0.05915, 0.650849, 0, 0.302365, 0.643595, 0.792007, 0.137765, 0.014573, 0.682105, 0.287267, 0.456118, 0.157077, 0.275644], [0.75436, 0.707101, 0.561061, 0.088781, 0.425976, 0.092556, 0, 0.983666, 0.112727, 0.680502, 0.328515, 0.576417, 0.71668, 0.601293, 0.767389, 0.798024], [0.234031, 0.267283, 0.978477, 0.923558, 0.352595, 0.234498, 0.134168, 0, 0.744169, 0.565181, 0.262427, 0.093112, 0.09575, 0.698092, 0.289085, 0.152075], [0.270929, 0.962551, 0.128273, 0.49501, 0.676914, 0.666293, 0.60465, 0.075658, 0, 0.39901, 0.529609, 0.90679, 0.791984, 0.764584, 0.681391, 0.925628], [0.473679, 0.720217, 0.608982, 0.310643, 0.009481, 0.635521, 0.979225, 0.118236, 0.642474, 0, 0.030856, 0.535792, 0.264686, 0.350848, 0.795255, 0.567932], [0.980625, 0.499589, 0.70573, 0.681842, 0.152742, 0.385626, 0.795604, 0.064019, 0.489041, 0.455694, 0, 0.431912, 0.641881, 0.571206, 0.651814, 0.85697], [0.50828, 0.084396, 0.603083, 0.949821, 0.917237, 0.773764, 0.191355, 0.727287, 0.366725, 0.406557, 0.57436, 0, 0.704042, 0.49334, 0.262787, 0.202016], [0.224576, 0.008576, 0.968092, 0.036997, 0.961481, 0.559657, 0.732794, 0.780171, 0.576243, 0.454709, 0.93974, 0.690295, 0, 0.977649, 0.422111, 0.276716], [0.059785, 0.811603, 0.682759, 0.413664, 0.896541, 0.10377, 0.398181, 0.196728, 0.471272, 0.110183, 0.928514, 0.437746, 0.044761, 0, 0.533446, 0.996477], [0.355126, 0.612225, 0.793227, 0.087773, 0.285641, 0.088107, 0.61569, 0.38736, 0.513915, 0.201377, 0.146057, 0.445735, 0.647497, 0.27475, 0, 0.719074], [0.86935, 0.542611, 0.33008, 0.832992, 0.546552, 0.478682, 0.114865, 0.775363, 0.787971, 0.59774, 0.62964, 0.134145, 0.407011, 0.309687, 0.355996, 0]]}