{"v_num": 16, "mat": [[0, 0.034279, 0.743153, 0.863866, 0.862608, 0.44779, 0.910168, 0.786424, 0.933409, 0.100563, 0.76221, 0.526481, 0.61869, 0.49322, 0.975069, 0.725429], [0.810015, 0, 0.230397, 0.108188, 0.985907, 0.716363, 0.858362, 0.022799, 0.183088, 0.215501, 0.16574, 0.357718, 0.920328, 0.113164, 0.944234, 0.253394], [0.86118, 0.546546, 0, 0.451124, 0.345733, 0.312187, 0.307561, 0.468528, 0.494734, 0.080553, 0.110667, 0.919749, 0.404572, 0.911499, 0.1227, 0.870894], [0.447237, 0.693048, 0.895603, 0, 0.357719, 0.40825, 0.544997, 0.473749, 0.882132, 0.954056, 0.880787, 0.505909, 0.700167, 0.254661, 0.063408, 0.941892], [0.180262, 0.738268, 0.615593, 0.403189, 0, 0.006159, 0.297554, 0.695531, 0.913439, 0.935413, 0.216439, 0.068846, 0.464918, 0.061979, 0.504457, 0.043326], [0.561385, 0.791611, 0.758936, 0.446504, 0.281538, 0, 0.460034, 0.319715, 0.971487, 0.60529, 0.840423, 0.315399, 0.556039, 0.75312, 0.131496, 0.294033], [0.197321, 0.024256, 0.228988, 0.467295, 0.224705, 0.154897, 0, 0.83694, 0.306675, 0.996516, 0.998916, 0.024216, 0.096097, 0.914202, 0.018964, 0.96512], [0.518246, 0.461217, 0.854359, 0.378652, 0.92389, 0.255596, 0.486771, 0, 0.681365, 0.266804, 0.790725, 0.442264, 0.976311, 0.093281, 0.01377, 0.766044], [0.696744, 0.315645, 0.137109, 0.796472, 0.926579, 0.033903, 0.705076, 0.166881, 0, 0.029714, 0.609932, 0.334102, 0.85567, 0.261004, 0.699665, 0.403125], [0.138916, 0.599781, 0.595966, 0.985454, 0.4913, 0.807051, 0.189354, 0.603996, 0.532007, 0, 0.422656, 0.442702, 0.246751, 0.674492, 0.059452, 0.284725], [0.7448, 0.127536, 0.632378, 0.679278, 0.839405, 0.669989, 0.05943, 0.205217, 0.313979, 0.991592, 0, 0.605173, 0.966377, 0.429259, 0.545709, 0.822734], [0.746532, 0.611766, 0.822285, 0.532141, 0.974966, 0.042469, 0.942884, 0.284526, 0.191268, 0.940759, 0.243861, 0, 0.52142, 0.12032, 0.846117, 0.359593], [0.705725, 0.832574, 0.17149, 0.814629, 0.006582, 0.22852, 0.787667, 0.292559, 0.814338, 0.399799, 0.099328, 0.405557, 0, 0.789254, 0.449241, 0.438642], [0.640323, 0.008291, 0.095576, 0.997861, 0.531441, 0.582035, 0.159475, 0.670995, 0.977101, 0.269102, 0.576643, 0.185702, 0.091206, 0, 0.682258, 0.838266], [0.725157, 0.372437, 0.181616, 0.508445, 0.036926, 0.365109, 0.525809, 0.909962, 0.611545, 0.283189, 0.68653, 0.904675, 0.834683, 0.289249, 0, 0.292669], [0.188601, 0.736367, 0.412302, 0.938515, 0.757888, 0.586349, 0.13286, 0.902118, 0.415536, 0.798198, 0.381454, 0.899303, 0.711198, 0.95167, 0.598759, 0]]}