{"v_num": 16, "mat": [[0, 0.934222, 0.808316, 0.43226, 0.583983, 0.854292, 0.750682, 0.599292, 0.076595, 0.977885, 0.556371, 0.901425, 0.893791, 0.360821, 0.565645, 0.318453], [0.687171, 0, 0.866841, 0.455539, 0.083673, 0.733412, 0.848298, 0.316707, 0.904031, 0.050955, 0.109203, 0.98541, 0.577393, 0.63158, 0.251409, 0.544099], [0.887599, 0.233111, 0, 0.4582, 0.97849, 0.450933, 0.970616, 0.093842, 0.817284, 0.683065, 0.568148, 0.4765, 0.080483, 0.184312, 0.052487, 0.198282], [0.25084, 0.36633, 0.663841, 0, 0.207802, 0.826405, 0.530216, 0.992837, 0.666866, 0.482068, 0.521933, 0.993518, 0.069814, 0.44839, 0.06157, 0.080998], [0.034951, 0.139902, 0.050708, 0.314434, 0, 0.152376, 0.482815, 0.494941, 0.684248, 0.435612, 0.33211, 0.966265, 0.96494, 0.069325, 0.325348, 0.603369], [0.433735, 0.644279, 0.512093, 0.70972, 0.394584, 0, 0.310714, 0.035286, 0.53209, 0.087144, 0.825528, 0.423872, 0.533158, 0.534115, 0.84365, 0.053952], [0.337775, 0.680763, 0.872022, 0.79456, 0.983303, 0.561822, 0, 0.739783, 0.703472, 0.493908, 0.034, 0.713761, 0.278487, 0.556733, 0.230536, 0.998031], [0.450594, 0.142283, 0.379158, 0.404079, 0.976107, 0.459913, 0.323956, 0, 0.180817, 0.002443, 0.756615, 0.610649, 0.636106, 0.971596, 0.865209, 0.60116], [0.72598, 0.620857, 0.964512, 0.009877, 0.690525, 0.929127, 0.427303, 0.213103, 0, 0.697994, 0.480833, 0.40609, 0.91152, 0.544034, 0.810126, 0.93637], [0.756238, 0.043715, 0.567751, 0.503858, 0.917791, 0.700308, 0.151476, 0.595296, 0.492524, 0, 0.057043, 0.352813, 0.369169, 0.138295, 0.18519, 0.135499], [0.290671, 0.210224, 0.687469, 0.410609, 0.271882, 0.761855, 0.967743, 0.007156, 0.958959, 0.04288, 0, 0.769474, 0.166155, 0.981095, 0.333748, 0.629471], [0.207579, 0.602892, 0.519156, 0.525484, 0.82492, 0.835323, 0.119905, 0.345102, 0.325082, 0.813385, 0.10872, 0, 0.342674, 0.205962, 0.630128, 0.493246], [0.081637, 0.202875, 0.702746, 0.27006, 0.219074, 0.01683, 0.946851, 0.825583, 0.495577, 0.444244, 0.3483, 0.706304, 0, 0.313398, 0.212753, 0.114219], [0.354411, 0.596773, 0.540723, 0.671115, 0.455932, 0.832906, 0.231922, 0.999852, 0.064418, 0.57463, 0.183939, 0.120122, 0.474263, 0, 0.831587, 0.313652], [0.987416, 0.007455, 0.79106, 0.787183, 0.282421, 0.191524, 0.72995, 0.574391, 0.013215, 0.306067, 0.259381, 0.97451, 0.690519, 0.081438, 0, 0.821067], [0.948843, 0.290664, 0.657714, 0.452694, 0.688765, 0.97541, 0.80788, 0.79512, 0.125268, 0.933242, 0.766498, 0.38677, 0.625787, 0.583863, 0.82438, 0]]}