{"v_num": 16, "mat": [[0, 0.16341, 0.32983, 0.461023, 0.67997, 0.491627, 0.732268, 0.608254, 0.231485, 0.471196, 0.371302, 0.875891, 0.981301, 0.930554, 0.618254, 0.056779], [0.548449, 0, 0.062307, 0.359371, 0.559302, 0.681927, 0.030985, 0.934839, 0.31795, 0.70048, 0.323981, 0.88806, 0.892007, 0.449459, 0.911258, 0.344575], [0.698831, 0.143822, 0, 0.74567, 0.014112, 0.427239, 0.566548, 0.070223, 0.211896, 0.605218, 0.977566, 0.190657, 0.023783, 0.825413, 0.178921, 0.59365], [0.252626, 0.719809, 0.796969, 0, 0.614462, 0.512072, 0.468875, 0.965213, 0.799189, 0.214869, 0.587061, 0.042248, 0.026326, 0.345897, 0.195952, 0.169625], [0.605585, 0.020446, 0.047636, 0.487749, 0, 0.985419, 0.179804, 0.857737, 0.811869, 0.251064, 0.832446, 0.52401, 0.140154, 0.299738, 0.828154, 0.303865], [0.814448, 0.692778, 0.606371, 0.598167, 0.083263, 0, 0.802218, 0.225681, 0.490705, 0.018125, 0.399994, 0.412229, 0.099746, 0.943942, 0.777463, 0.952541], [0.586641, 0.530394, 0.932896, 0.417726, 0.05005, 0.418215, 0, 0.914738, 0.574047, 0.24639, 0.782673, 0.231145, 0.172094, 0.572912, 0.826595, 0.656244], [0.593785, 0.596547, 0.411917, 0.219248, 0.920971, 0.864704, 0.336063, 0, 0.203301, 0.966289, 0.780151, 0.04221, 0.028883, 0.510526, 0.030999, 0.907105], [0.526635, 0.449268, 0.081551, 0.894351, 0.700565, 0.064756, 0.81363, 0.493962, 0, 0.49808, 0.540128, 0.557097, 0.023513, 0.074751, 0.209933, 0.758272], [0.009212, 0.45814, 0.42364, 0.594911, 0.254569, 0.8346, 0.708825, 0.404242, 0.117182, 0, 0.99833, 0.276784, 0.773406, 0.532081, 0.293315, 0.477186], [0.504671, 0.148387, 0.912936, 0.001792, 0.200987, 0.166811, 0.078338, 0.74766, 0.954321, 0.851084, 0, 0.426048, 0.906589, 0.58478, 0.984877, 0.450802], [0.999044, 0.080619, 0.034894, 0.697417, 0.999665, 0.849576, 0.469312, 0.807174, 0.579174, 0.731616, 0.105289, 0, 0.571477, 0.946663, 0.388305, 0.578294], [0.011836, 0.646103, 0.89636, 0.584257, 0.879506, 0.468557, 0.52676, 0.442412, 0.822601, 0.56254, 0.470666, 0.155969, 0, 0.575544, 0.030386, 0.985019], [0.964114, 0.995701, 0.560043, 0.225361, 0.167835, 0.916669, 0.42552, 0.194033, 0.462639, 0.478904, 0.50481, 0.385811, 0.766931, 0, 0.592198, 0.864624], [0.811391, 0.620691, 0.227987, 0.445408, 0.313117, 0.322557, 0.668269, 0.013426, 0.677612, 0.936691, 0.678998, 0.069369, 0.824604, 0.844785, 0, 0.393552], [0.779588, 0.066566, 0.976309, 0.618483, 0.319717, 0.317538, 0.78953, 0.234763, 0.455212, 0.642507, 0.005605, 0.269903, 0.964212, 0.260463, 0.875872, 0]]}