{"v_num": 16, "mat": [[0, 0.327858, 0.421522, 0.339557, 0.445667, 0.071189, 0.122597, 0.537761, 0.888736, 0.964591, 0.706568, 0.416835, 0.172882, 0.726883, 0.619402, 0.180183], [0.566179, 0, 0.606817, 0.133035, 0.161141, 0.380084, 0.547631, 0.211641, 0.665021, 0.113263, 0.42167, 0.537819, 0.332006, 0.861396, 0.052306, 0.120529], [0.7709, 0.725023, 0, 0.37, 0.612207, 0.656668, 0.864085, 0.48644, 0.79194, 0.378352, 0.412463, 0.374885, 0.733052, 0.496091, 0.101117, 0.564055], [0.323935, 0.784839, 0.567428, 0, 0.015838, 0.734757, 0.627956, 0.522163, 0.527268, 0.932226, 0.611843, 0.166477, 0.629582, 0.196418, 0.773217, 0.22519], [0.657216, 0.446493, 0.997372, 0.56729, 0, 0.065686, 0.417087, 0.295207, 0.963115, 0.512298, 0.085857, 0.020993, 0.555047, 0.75576, 0.979689, 0.32099], [0.272164, 0.539889, 0.419255, 0.209782, 0.581731, 0, 0.859908, 0.38328, 0.822695, 0.426932, 0.612098, 0.953025, 0.309934, 0.856842, 0.472736, 0.933976], [0.467502, 0.424828, 0.392843, 0.151371, 0.119472, 0.002892, 0, 0.839783, 0.482733, 0.939551, 0.213818, 0.171868, 0.154154, 0.740001, 0.399181, 0.785505], [0.234406, 0.674577, 0.494926, 0.428761, 0.364444, 0.646467, 0.921826, 0, 0.645416, 0.877228, 0.181627, 0.871479, 0.31718, 0.114376, 0.100035, 0.827474], [0.109371, 0.361261, 0.223095, 0.61995, 0.445878, 0.200705, 0.939374, 0.821805, 0, 0.942583, 0.88397, 0.092583, 0.613145, 0.133721, 0.344075, 0.761693], [0.982385, 0.26366, 0.507001, 0.093889, 0.29036, 0.367139, 0.803191, 0.254518, 0.264373, 0, 0.407325, 0.748289, 0.501968, 0.067318, 0.039212, 0.418289], [0.393362, 0.688114, 0.77971, 0.84918, 0.383499, 0.880197, 0.001638, 0.812619, 0.320141, 0.688176, 0, 0.232081, 0.565278, 0.0188, 0.822019, 0.41726], [0.239487, 0.707461, 0.445345, 0.236058, 0.070556, 0.400429, 0.716864, 0.464734, 0.413562, 0.63765, 0.956649, 0, 0.698032, 0.952077, 0.28246, 0.672238], [0.305701, 0.791289, 0.116301, 0.042001, 0.514276, 0.783626, 0.658446, 0.86922, 0.238242, 0.771836, 0.831199, 0.322495, 0, 0.200923, 0.921197, 0.589294], [0.295352, 0.73594, 0.500918, 0.351475, 0.379816, 0.447083, 0.419581, 0.53299, 0.575695, 0.278186, 0.81192, 0.157452, 0.910144, 0, 0.265865, 0.336785], [0.150171, 0.058229, 0.266893, 0.855756, 0.792124, 0.250196, 0.287052, 0.720131, 0.374805, 0.897857, 0.619607, 0.366515, 0.477038, 0.655075, 0, 0.791182], [0.662074, 0.107746, 0.438998, 0.543204, 0.590001, 0.244823, 0.233813, 0.108394, 0.336961, 0.538081, 0.468026, 0.770213, 0.125299, 0.779722, 0.547375, 0]]}