{"v_num": 16, "mat": [[0, 0.819136, 0.947515, 0.53457, 0.582383, 0.318579, 0.4856, 0.441397, 0.29446, 0.212135, 0.614887, 0.413044, 0.14858, 0.178269, 0.573869, 0.949992], [0.397654, 0, 0.005005, 0.612676, 0.924093, 0.786861, 0.011439, 0.845294, 0.56746, 0.392286, 0.261781, 0.084254, 0.567044, 0.160531, 0.07679, 0.617228], [0.63555, 0.828636, 0, 0.628498, 0.863525, 0.870032, 0.737725, 0.662092, 0.095772, 0.060391, 0.693113, 0.563147, 0.296146, 0.963286, 0.23351, 0.028385], [0.385662, 0.447266, 0.086958, 0, 0.451131, 0.087153, 0.875921, 0.938817, 0.27735, 0.756377, 0.370455, 0.054731, 0.536465, 0.350919, 0.903275, 0.027726], [0.726165, 0.673478, 0.387439, 0.488064, 0, 0.19814, 0.408073, 0.186988, 0.960585, 0.014153, 0.877491, 0.422718, 0.628611, 0.022388, 0.407331, 0.612365], [0.924068, 0.015134, 0.948954, 0.904047, 0.826019, 0, 0.514827, 0.41738, 0.295526, 0.920727, 0.857966, 0.521742, 0.815792, 0.95196, 0.039448, 0.296348], [0.269125, 0.846093, 0.395726, 0.778286, 0.451135, 0.425576, 0, 0.228322, 0.407545, 0.627455, 0.966796, 0.467006, 0.256617, 0.958728, 0.822054, 0.892567], [0.477143, 0.92203, 0.841516, 0.083866, 0.500893, 0.714051, 0.718637, 0, 0.640266, 0.067027, 0.063686, 0.50251, 0.278105, 0.751459, 0.593325, 0.682879], [0.363932, 0.045513, 0.389024, 0.211775, 0.467695, 0.72887, 0.110993, 0.859631, 0, 0.156797, 0.981102, 0.249271, 0.746622, 0.827455, 0.590425, 0.898755], [0.595621, 0.196433, 0.738215, 0.070238, 0.639522, 0.406277, 0.37337, 0.035825, 0.968215, 0, 0.897732, 0.350795, 0.139194, 0.159943, 0.599382, 0.75619], [0.150417, 0.623475, 0.945834, 0.338147, 0.780745, 0.459621, 0.543901, 0.007255, 0.243206, 0.031331, 0, 0.797588, 0.130277, 0.665478, 0.926904, 0.696996], [0.666815, 0.525221, 0.104061, 0.582221, 0.182507, 0.852789, 0.685146, 0.330597, 0.693105, 0.149386, 0.226977, 0, 0.880236, 0.155687, 0.648912, 0.302569], [0.680155, 0.559352, 0.32895, 0.443999, 0.631179, 0.977735, 0.165746, 0.456964, 0.8341, 0.725624, 0.242568, 0.190726, 0, 0.456427, 0.879607, 0.443144], [0.350192, 0.040188, 0.43794, 0.312608, 0.929382, 0.879134, 0.168136, 0.134178, 0.738151, 0.864664, 0.837273, 0.840235, 0.90556, 0, 0.12215, 0.093403], [0.087043, 0.79783, 0.111021, 0.251221, 0.879602, 0.413055, 0.429867, 0.158604, 0.181315, 0.090582, 0.329466, 0.754876, 0.194364, 0.465285, 0, 0.205142], [0.986914, 0.97769, 0.174488, 0.845258, 0.957579, 0.731557, 0.426602, 0.209459, 0.106778, 0.371323, 0.697514, 0.584557, 0.962187, 0.940956, 0.179377, 0]]}