{"v_num": 16, "mat": [[0, 0.170607, 0.707947, 0.357015, 0.146739, 0.511302, 0.187093, 0.906206, 0.535118, 0.10606, 0.705809, 0.387261, 0.7118, 0.428491, 0.74898, 0.3636], [0.532867, 0, 0.067392, 0.930364, 0.780125, 0.001992, 0.868966, 0.70722, 0.545584, 0.534813, 0.241715, 0.119608, 0.846726, 0.583738, 0.597363, 0.584624], [0.392151, 0.26965, 0, 0.018755, 0.72968, 0.746573, 0.53769, 0.988587, 0.585813, 0.977836, 0.346827, 0.779353, 0.32045, 0.035221, 0.483856, 0.633338], [0.284219, 0.004417, 0.2653, 0, 0.201063, 0.612291, 0.979791, 0.44619, 0.000665, 0.128427, 0.515316, 0.61129, 0.55642, 0.144818, 0.019226, 0.497101], [0.867167, 0.337381, 0.257132, 0.927696, 0, 0.185055, 0.738417, 0.325168, 0.226817, 0.647253, 0.004611, 0.320452, 0.081928, 0.119966, 0.759179, 0.928191], [0.846778, 0.185088, 0.533197, 0.833705, 0.71725, 0, 0.659666, 0.549255, 0.257927, 0.37787, 0.506576, 0.404987, 0.397441, 0.83393, 0.947925, 0.260037], [0.014977, 0.568808, 0.274279, 0.030228, 0.782515, 0.312713, 0, 0.451678, 0.097947, 0.714672, 0.831893, 0.704862, 0.707205, 0.095576, 0.993911, 0.849225], [0.295791, 0.761465, 0.473966, 0.204631, 0.203648, 0.833415, 0.520006, 0, 0.963046, 0.288736, 0.088009, 0.730179, 0.465663, 0.930292, 0.379192, 0.935512], [0.287378, 0.677119, 0.079194, 0.16323, 0.393265, 0.203847, 0.909384, 0.26055, 0, 0.319253, 0.404773, 0.330039, 0.401617, 0.564045, 0.931838, 0.838016], [0.500276, 0.76834, 0.575678, 0.139348, 0.175554, 0.447362, 0.849878, 0.944919, 0.347487, 0, 0.888118, 0.240213, 0.536972, 0.838723, 0.223134, 0.517737], [0.289423, 0.77268, 0.237704, 0.861638, 0.509442, 0.987897, 0.102098, 0.754516, 0.323551, 0.623318, 0, 0.60053, 0.868578, 0.522302, 0.997553, 0.080765], [0.444785, 0.431544, 0.426862, 0.335484, 0.382343, 0.746901, 0.243982, 0.089631, 0.412555, 0.584676, 0.253496, 0, 0.846557, 0.393876, 0.956141, 0.958592], [0.102037, 0.296588, 0.20947, 0.178923, 0.968671, 0.537392, 0.64443, 0.040528, 0.29583, 0.9996, 0.361417, 0.599409, 0, 0.329074, 0.346692, 0.233521], [0.035533, 0.52084, 0.52071, 0.329871, 0.292335, 0.849402, 0.051915, 0.557869, 0.108666, 0.810626, 0.447641, 0.391938, 0.360997, 0, 0.568016, 0.917507], [0.233797, 0.674923, 0.176384, 0.626137, 0.483066, 0.458176, 0.53457, 0.510001, 6.8e-05, 0.317692, 0.243975, 0.121206, 0.736233, 0.695448, 0, 0.179771], [0.626888, 0.876338, 0.51639, 0.630083, 0.894717, 0.255736, 0.002854, 0.963889, 0.192182, 0.094934, 0.312813, 0.6905, 0.483614, 0.04623, 0.774308, 0]]}