{"v_num": 16, "mat": [[0, 0.108515, 0.519603, 0.57586, 0.295006, 0.295727, 0.723587, 0.516625, 0.725137, 0.471988, 0.916432, 0.977404, 0.994411, 0.973189, 0.532622, 0.732677], [0.656264, 0, 0.006554, 0.161833, 0.603188, 0.622696, 0.585428, 0.074313, 0.536588, 0.215512, 0.924472, 0.33551, 0.09658, 0.615922, 0.568848, 0.526353], [0.389152, 0.436628, 0, 0.444056, 0.502459, 0.205963, 0.224628, 0.889421, 0.70979, 0.866664, 0.363516, 0.209347, 0.035276, 0.48975, 0.017032, 0.900281], [0.084628, 0.315255, 0.446997, 0, 0.751045, 0.677758, 0.319547, 0.62242, 0.58554, 0.389938, 0.592925, 0.350178, 0.290703, 0.004632, 0.203014, 0.639081], [0.683999, 0.606501, 0.420659, 0.175496, 0, 0.964269, 0.047312, 0.239288, 0.967684, 0.790299, 0.992986, 0.627376, 0.919935, 0.960061, 0.489351, 0.870888], [0.037259, 0.565871, 0.059519, 0.31758, 0.861942, 0, 0.586611, 0.961695, 0.359844, 0.98616, 0.41715, 0.13485, 0.506198, 0.600325, 0.688104, 0.185764], [0.574952, 0.584174, 0.452321, 0.694707, 0.606951, 0.03815, 0, 0.795897, 0.128336, 0.280454, 0.880239, 0.740283, 0.053432, 0.658333, 0.63528, 0.096941], [0.49051, 0.904292, 0.859729, 0.857014, 0.114023, 0.53098, 0.113673, 0, 0.557436, 0.054059, 0.195035, 0.313823, 0.415168, 0.944488, 0.200968, 0.893728], [0.205739, 0.497037, 0.967887, 0.19393, 0.019081, 0.260278, 0.341336, 0.425248, 0, 0.132942, 0.670855, 0.456412, 0.380092, 0.114253, 0.045601, 0.553503], [0.867246, 0.934879, 0.340713, 0.303192, 0.536292, 0.491826, 0.107448, 0.509549, 0.844099, 0, 0.683607, 0.080879, 0.108817, 0.072066, 0.821607, 0.556121], [0.484285, 0.639171, 0.93216, 0.624357, 0.22077, 0.444673, 0.26945, 0.837536, 0.435128, 0.530922, 0, 0.394325, 0.450758, 0.072127, 0.557508, 0.590439], [0.287957, 0.964936, 0.219699, 0.839971, 0.728123, 0.589844, 0.484959, 0.481248, 0.764061, 0.448791, 0.464172, 0, 0.251608, 0.051242, 0.065486, 0.951789], [0.628127, 0.87129, 0.924566, 0.147675, 0.945431, 0.752589, 0.505281, 0.278188, 0.325413, 0.086422, 0.229842, 0.614874, 0, 0.518815, 0.84651, 0.494125], [0.233697, 0.749144, 0.391882, 0.894918, 0.453514, 0.22504, 0.77193, 0.227211, 0.34428, 0.38436, 0.542464, 0.038295, 0.867977, 0, 0.363143, 0.052765], [0.795153, 0.874274, 0.967334, 0.762016, 0.151093, 0.764199, 0.521583, 0.668057, 0.75879, 0.468343, 0.488637, 0.125365, 0.088947, 0.71797, 0, 0.149299], [0.650807, 0.141168, 0.146156, 0.920782, 0.10303, 0.251374, 0.796414, 0.383875, 0.11692, 0.305882, 0.678118, 0.67019, 0.031736, 0.50249, 0.855057, 0]]}