{"v_num": 16, "mat": [[0, 0.379981, 0.825294, 0.301827, 0.346899, 0.852036, 0.996854, 0.618156, 0.728566, 0.40745, 0.675969, 0.866833, 0.384827, 0.312209, 0.557668, 0.724372], [0.028667, 0, 0.629544, 0.775009, 0.259779, 0.609165, 0.413796, 0.134339, 0.334036, 0.974671, 0.350638, 0.093268, 0.275631, 0.111367, 0.659746, 0.936725], [0.849548, 0.319142, 0, 0.630681, 0.614502, 0.786374, 0.428864, 0.388486, 0.911614, 0.588126, 0.632752, 0.992535, 0.151158, 0.94289, 0.900296, 0.296553], [0.892291, 0.561487, 0.381671, 0, 0.26021, 0.898554, 0.750972, 0.393239, 0.910223, 0.695603, 0.916455, 0.044447, 0.395781, 0.358928, 0.898567, 0.497325], [0.110312, 0.848228, 0.397062, 0.480425, 0, 0.06631, 0.938528, 0.180518, 0.53457, 0.642105, 0.064416, 0.452285, 0.701257, 0.100127, 0.920323, 0.344939], [0.636575, 0.639848, 0.609491, 0.934869, 0.413921, 0, 0.457058, 0.518536, 0.963124, 0.535002, 0.670225, 0.20378, 0.894548, 0.829509, 0.552077, 0.104953], [0.709292, 0.592791, 0.353587, 0.364422, 0.845188, 0.392239, 0, 0.138248, 0.632833, 0.370311, 0.965057, 0.716449, 0.691479, 0.508247, 0.693972, 0.180001], [0.684674, 0.406012, 0.162099, 0.618499, 0.086618, 0.47843, 0.322925, 0, 0.84556, 0.085882, 0.061044, 0.092143, 0.322077, 0.524551, 0.361045, 0.020073], [0.98518, 0.934589, 0.194767, 0.165204, 0.88224, 0.790887, 0.509053, 0.753692, 0, 0.343051, 0.071928, 0.950098, 0.186253, 0.848405, 0.06995, 0.309566], [0.633892, 0.85435, 0.342714, 0.668838, 0.697279, 0.446885, 0.198751, 0.7017, 0.887011, 0, 0.245453, 0.87994, 0.812388, 0.364189, 0.96335, 0.945474], [0.953924, 0.119474, 0.769923, 0.759545, 0.943872, 0.07511, 0.609261, 0.50702, 0.457964, 0.946261, 0, 0.379531, 0.735683, 0.024192, 0.033164, 0.28762], [0.024305, 0.596177, 0.763113, 0.009659, 0.634872, 0.345905, 0.131169, 0.176764, 0.052389, 0.2641, 0.842471, 0, 0.158057, 0.339234, 0.885409, 0.358173], [0.826938, 0.678763, 0.522553, 0.992902, 0.223449, 0.210933, 0.266105, 0.449488, 0.865038, 0.227967, 0.190615, 0.038187, 0, 0.514802, 0.6724, 0.050013], [0.371394, 0.177858, 0.114222, 0.327455, 0.426364, 0.908188, 0.196121, 0.2755, 0.56414, 0.198833, 0.375731, 0.745255, 0.388157, 0, 0.588308, 0.731536], [0.264478, 0.579425, 0.254613, 0.597862, 0.630752, 0.992629, 0.636906, 0.457852, 0.707603, 0.290145, 0.311466, 0.881079, 0.253221, 0.154899, 0, 0.12547], [0.977874, 0.955977, 0.769053, 0.445066, 0.693277, 0.244032, 0.189894, 0.445936, 0.935344, 0.99134, 0.713261, 0.426502, 0.826919, 0.073171, 0.34043, 0]]}