{"v_num": 16, "mat": [[0, 0.343942, 0.3064, 0.508701, 0.725947, 0.987352, 0.492308, 0.303769, 0.251, 0.728516, 0.9043, 0.693401, 0.352683, 0.438383, 0.016653, 0.995356], [0.699489, 0, 0.075331, 0.547384, 0.821249, 0.297373, 0.289221, 0.060461, 0.38293, 0.7791, 0.364477, 0.168764, 0.564492, 0.00644, 0.229011, 0.221745], [0.36918, 0.788489, 0, 0.773923, 0.475303, 0.965397, 0.16001, 0.933342, 0.022398, 0.745958, 0.127819, 0.015895, 0.903085, 0.490922, 0.343057, 0.785331], [0.069573, 0.854428, 0.450844, 0, 0.820092, 0.716462, 0.175548, 0.357762, 0.621212, 0.571033, 0.140316, 0.968956, 0.963778, 0.480964, 0.802058, 0.467738], [0.612053, 0.031773, 0.543506, 0.704152, 0, 0.69364, 0.500392, 0.304228, 0.580591, 0.624947, 0.679984, 0.954301, 0.329397, 0.278543, 0.064168, 0.687499], [0.028008, 0.55471, 0.307575, 0.088926, 0.339158, 0, 0.943235, 0.200813, 0.753844, 0.90923, 0.617192, 0.31384, 0.650291, 0.671841, 0.353166, 0.864979], [0.172031, 0.664196, 0.644174, 0.125834, 0.911828, 0.017412, 0, 0.281252, 0.585524, 0.947689, 0.247258, 0.534229, 0.963898, 0.117377, 0.220441, 0.519791], [0.356588, 0.46092, 0.752633, 0.011534, 0.983015, 0.822015, 0.73415, 0, 0.165255, 0.392161, 0.136913, 0.971765, 0.587437, 0.32692, 0.478713, 0.451439], [0.901557, 0.259821, 0.013313, 0.168168, 0.288622, 0.762312, 0.089072, 0.130551, 0, 0.739273, 0.504595, 0.4427, 0.406492, 0.441046, 0.873458, 0.754733], [0.479249, 0.552221, 0.757577, 0.707252, 0.934969, 0.679798, 0.355129, 0.890648, 0.849847, 0, 0.736582, 0.263648, 0.78277, 0.658288, 0.405325, 0.926891], [0.116232, 0.042781, 0.430182, 0.699861, 0.235749, 0.768857, 0.556369, 0.237616, 0.204479, 0.803756, 0, 0.77658, 0.991051, 0.720528, 0.455972, 0.089395], [0.100115, 0.622718, 0.879663, 0.085359, 0.234164, 0.582609, 0.286574, 0.871519, 0.011131, 0.303045, 0.690743, 0, 0.616799, 0.547589, 0.69991, 0.412797], [0.033121, 0.251152, 0.875443, 0.244585, 0.767626, 0.387685, 0.142422, 0.781312, 0.821768, 0.716664, 0.216804, 0.162154, 0, 0.130783, 0.000611, 0.569368], [0.622586, 0.820083, 0.551751, 0.338722, 0.550154, 0.075974, 0.363212, 0.096581, 0.807876, 0.077611, 0.81128, 0.286909, 0.974812, 0, 0.019315, 0.889202], [0.656661, 0.337145, 0.671899, 0.097697, 0.905582, 0.448772, 0.855777, 0.542813, 0.448841, 0.116959, 0.61293, 0.47837, 0.868712, 0.955013, 0, 0.120346], [0.009288, 0.841384, 0.501565, 0.604103, 0.306134, 0.854624, 0.570844, 0.966835, 0.871715, 0.235125, 0.894562, 0.994805, 0.311742, 0.142712, 0.003793, 0]]}