{"v_num": 16, "mat": [[0, 0.367627, 0.598158, 0.397306, 0.402536, 0.904574, 0.070856, 0.49615, 0.806345, 0.793641, 0.589652, 0.592688, 0.05942, 0.458624, 0.312233, 0.92146], [0.931552, 0, 0.875082, 0.043867, 0.543999, 0.125148, 0.999614, 0.467219, 0.961717, 0.519129, 0.772692, 0.00635, 0.075703, 0.665316, 0.684339, 0.554321], [0.492291, 0.299113, 0, 0.271388, 0.422327, 0.633782, 0.847215, 0.175424, 0.7942, 0.910182, 0.061581, 0.087288, 0.816897, 0.427567, 0.236988, 0.790802], [0.960876, 0.314253, 0.01073, 0, 0.738919, 0.757307, 0.886309, 0.658476, 0.820036, 0.946349, 0.846619, 0.745573, 0.325638, 0.149036, 0.129782, 0.535398], [0.61759, 0.759497, 0.540338, 0.540735, 0, 0.471435, 0.554928, 0.713343, 0.113728, 0.102431, 0.617268, 0.815835, 0.973259, 0.15872, 0.104944, 0.753909], [0.793848, 0.655589, 0.593832, 0.740938, 0.642465, 0, 0.892741, 0.690727, 0.08054, 0.531978, 0.186619, 0.165742, 0.85951, 0.521216, 0.871572, 0.12392], [0.671474, 0.537342, 0.451271, 0.515535, 0.989656, 0.461084, 0, 0.804407, 0.565957, 0.39517, 0.495441, 0.67091, 0.090796, 0.856506, 0.270574, 0.674773], [0.844908, 0.172356, 0.285824, 0.68355, 0.304115, 0.405957, 0.317861, 0, 0.778772, 0.322707, 0.433994, 0.751619, 0.954409, 0.778333, 0.907824, 0.433993], [0.209891, 0.987284, 0.037105, 0.251298, 0.661538, 0.908917, 0.864425, 0.939281, 0, 0.854555, 0.343467, 0.98239, 0.700069, 0.271281, 0.320551, 0.531944], [0.4565, 0.371042, 0.00135, 0.250434, 0.94937, 0.324273, 0.999151, 0.247391, 0.058065, 0, 0.936295, 0.641618, 0.394225, 0.049541, 0.510159, 0.897306], [0.824639, 0.017295, 0.483154, 0.758797, 0.197448, 0.496536, 0.545607, 0.190522, 0.54492, 0.815016, 0, 0.899297, 0.847562, 0.321144, 0.943689, 0.096846], [0.52271, 0.405699, 0.192328, 0.820911, 0.139468, 0.945296, 0.405531, 0.932028, 0.973391, 0.683359, 0.994573, 0, 0.010863, 0.104342, 0.511364, 0.90293], [0.168501, 0.18336, 0.410148, 0.513791, 0.19833, 0.463329, 0.257829, 0.70781, 0.690038, 0.074211, 0.951031, 0.308479, 0, 0.246498, 0.174309, 0.238846], [0.002895, 0.340646, 0.756635, 0.834927, 0.852293, 0.015701, 0.199274, 0.865531, 0.441078, 0.460443, 0.99693, 0.473136, 0.399421, 0, 0.073219, 0.011201], [0.04254, 0.854724, 0.389673, 0.18493, 0.486056, 0.918511, 0.812042, 0.599864, 0.431494, 0.190636, 0.685557, 0.6267, 0.748555, 0.838001, 0, 0.170066], [0.577045, 0.262777, 0.61428, 0.16103, 0.874152, 0.916426, 0.998834, 0.97293, 0.17073, 0.677478, 0.573278, 0.506449, 0.184852, 0.916575, 0.904161, 0]]}