{"v_num": 16, "mat": [[0, 0.223224, 0.471833, 0.342567, 0.252868, 0.049416, 0.920738, 0.534126, 0.137834, 0.104878, 0.477433, 0.520377, 0.153323, 0.631721, 0.863805, 0.618401], [0.923769, 0, 0.003786, 0.760652, 0.00763, 0.984519, 0.411686, 0.033374, 0.958138, 0.26854, 0.918006, 0.754767, 0.87923, 0.102139, 0.400168, 0.022224], [0.663009, 0.905653, 0, 0.019839, 0.549138, 0.654542, 0.105017, 0.679633, 0.631895, 0.759247, 0.518458, 0.879913, 0.994899, 0.315189, 0.287281, 0.268898], [0.340921, 0.965134, 0.97219, 0, 0.275731, 0.153233, 0.443198, 0.430415, 0.841483, 0.676345, 0.253757, 0.583188, 0.78815, 0.6492, 0.747588, 0.915847], [0.146828, 0.559815, 0.474451, 0.127729, 0, 0.606886, 0.19091, 0.583867, 0.619259, 0.800662, 0.247252, 0.949663, 0.152724, 0.446881, 0.304978, 0.397475], [0.809573, 0.111388, 0.063353, 0.980377, 0.954112, 0, 0.022975, 0.926318, 0.538293, 0.62593, 0.085125, 0.577578, 0.967042, 0.643048, 0.533059, 0.618254], [0.406683, 0.923544, 0.695745, 0.545278, 0.339419, 0.967406, 0, 0.601835, 0.111416, 0.351593, 0.238844, 0.454775, 0.700877, 0.297871, 0.751667, 0.259296], [0.067739, 0.09801, 0.335594, 0.763612, 0.810405, 0.991263, 0.84344, 0, 0.006868, 0.076027, 0.311642, 0.047204, 0.616248, 0.572236, 0.340106, 0.230859], [0.959654, 0.312209, 0.782783, 0.355832, 0.151889, 0.340518, 0.669827, 0.807711, 0, 0.818514, 0.300227, 0.523131, 0.355291, 0.27263, 0.954259, 0.935832], [0.902333, 0.028908, 0.158824, 0.458207, 0.778197, 0.235083, 0.400636, 0.2313, 0.212072, 0, 0.81943, 0.707395, 0.388136, 0.891258, 0.354989, 0.437993], [0.082374, 0.315885, 0.961424, 0.172608, 0.714418, 0.823294, 0.688805, 0.214843, 0.07254, 0.384584, 0, 0.140553, 0.762239, 0.451967, 0.772538, 0.521152], [0.829834, 0.14295, 0.731652, 0.755014, 0.700154, 0.754418, 0.864347, 0.474181, 0.600943, 0.527509, 0.578601, 0, 0.521368, 0.642185, 0.739181, 0.11855], [0.258833, 0.251081, 0.421225, 0.855835, 0.521942, 0.074549, 0.825967, 0.872229, 0.952749, 0.339671, 0.285329, 0.645538, 0, 0.474955, 0.017486, 0.110189], [0.515501, 0.765695, 0.206935, 0.786841, 0.190619, 0.241405, 0.892627, 0.611128, 0.336974, 0.172779, 0.55941, 0.088806, 0.457113, 0, 0.721004, 0.734976], [0.74127, 0.747444, 0.462757, 0.58115, 0.845795, 0.041109, 0.231806, 0.804292, 0.567603, 0.390026, 0.932561, 0.397451, 0.905349, 0.998249, 0, 0.353862], [0.611438, 0.388974, 0.046631, 0.809821, 0.674005, 0.379257, 0.94196, 0.64695, 0.627983, 0.087422, 0.213664, 0.139177, 0.155859, 0.547742, 0.395882, 0]]}