{"v_num": 16, "mat": [[0, 0.687451, 0.854984, 0.251758, 0.982389, 0.759176, 0.047824, 0.606294, 0.050989, 0.068106, 0.698254, 0.199079, 0.141617, 0.73317, 0.411847, 0.95082], [0.507327, 0, 0.116859, 0.243172, 0.695888, 0.371029, 0.682464, 0.164344, 0.970231, 0.872564, 0.561853, 0.316472, 0.903782, 0.247841, 0.848169, 0.292893], [0.089545, 0.568439, 0, 0.52022, 0.48543, 0.412627, 0.579692, 0.09586, 0.020258, 0.749703, 0.946747, 0.248772, 0.593195, 0.615862, 0.34362, 0.209478], [0.083612, 0.270018, 0.427552, 0, 0.722202, 0.481866, 0.867707, 0.535265, 0.468735, 0.051398, 0.846601, 0.232189, 0.23876, 0.262706, 0.89489, 0.723922], [0.557562, 0.338913, 0.009308, 0.110582, 0, 0.556749, 0.333256, 0.846679, 0.374638, 0.521029, 0.742308, 0.424819, 0.34617, 0.66433, 0.063073, 0.426556], [0.967536, 0.742654, 0.447263, 0.70141, 0.412409, 0, 0.71966, 0.060722, 0.333318, 0.838907, 0.19692, 0.523915, 0.517262, 0.114732, 0.79728, 0.977039], [0.737049, 0.71343, 0.571811, 0.338267, 0.137183, 0.21914, 0, 0.271919, 0.185158, 0.277811, 0.651261, 0.012298, 0.197611, 0.939398, 0.571514, 0.985008], [0.600676, 0.578428, 0.553411, 0.282387, 0.14172, 0.807485, 0.095176, 0, 0.575445, 0.466161, 0.47025, 0.599753, 0.489875, 0.021018, 0.913092, 0.082285], [0.329286, 0.366931, 0.857019, 0.996561, 0.326874, 0.647462, 0.320963, 0.68636, 0, 0.937041, 0.685494, 0.258842, 0.548505, 0.192841, 0.717738, 0.512548], [0.497562, 0.220704, 0.410952, 0.336309, 0.693749, 0.188202, 0.802316, 0.178273, 0.885651, 0, 0.044722, 0.157688, 0.806188, 0.15031, 0.458676, 0.147931], [0.908272, 0.477512, 0.297498, 0.296314, 0.39132, 0.432635, 0.933595, 0.096996, 0.141551, 0.607204, 0, 0.810997, 0.022301, 0.533989, 0.585122, 0.893033], [0.84533, 0.769429, 0.884399, 0.471386, 0.077252, 0.907963, 0.984684, 0.25994, 0.221032, 0.352741, 0.421098, 0, 0.106938, 0.178788, 0.345627, 0.348278], [0.707091, 0.5259, 0.245541, 0.63417, 0.773006, 0.274573, 0.357468, 0.668139, 0.294884, 0.898204, 0.324725, 0.542766, 0, 0.837256, 0.897625, 0.534901], [0.738224, 0.035827, 0.120755, 0.963506, 0.083415, 0.319769, 0.575491, 0.041488, 0.609471, 0.53142, 0.637632, 0.272096, 0.325886, 0, 0.34586, 0.19091], [0.469506, 0.255787, 0.743521, 0.3761, 0.330927, 0.353866, 0.878798, 0.939901, 0.519845, 0.606845, 0.232872, 0.957514, 0.389744, 0.795204, 0, 0.707639], [0.988087, 0.396126, 0.909738, 0.837872, 0.548606, 0.072055, 0.130332, 0.741412, 0.904267, 0.371139, 0.746774, 0.981402, 0.434219, 0.575716, 0.421564, 0]]}