{"v_num": 16, "mat": [[0, 0.889808, 0.570067, 0.69777, 0.022518, 0.327644, 0.093963, 0.318111, 0.898911, 0.824546, 0.738896, 0.974574, 0.96595, 0.467553, 0.962071, 0.507175], [0.031284, 0, 0.247041, 0.657496, 0.860271, 0.143971, 0.876546, 0.005789, 0.598438, 0.651908, 0.389521, 0.532256, 0.938851, 0.32765, 0.580084, 0.945724], [0.496057, 0.814917, 0, 0.557179, 0.947018, 0.165923, 0.743499, 0.395398, 0.927484, 0.94033, 0.85608, 0.72162, 0.372348, 0.000967, 0.127477, 0.957162], [0.19939, 0.388647, 0.849933, 0, 0.732488, 0.610804, 0.918154, 0.883184, 0.985711, 0.492722, 0.781111, 0.598216, 0.169155, 0.595507, 0.671919, 0.179369], [0.407381, 0.492004, 0.073819, 0.528441, 0, 0.570078, 0.439209, 0.671509, 0.662197, 0.710553, 0.21499, 0.631185, 0.244324, 0.371629, 0.643487, 0.116493], [0.420511, 0.070062, 0.425508, 0.561139, 0.014407, 0, 0.309689, 0.31145, 0.692727, 0.185854, 0.672756, 0.71933, 0.85625, 0.249254, 0.433946, 0.18992], [0.750187, 0.200037, 0.515665, 0.230115, 0.079804, 0.613852, 0, 0.333742, 0.667627, 0.890947, 0.696354, 0.527181, 0.631273, 0.121265, 0.029412, 0.288773], [0.629591, 0.261783, 0.76545, 0.696334, 0.57049, 0.32233, 0.556626, 0, 0.82486, 0.427494, 0.118189, 0.444432, 0.521067, 0.614101, 0.863611, 0.378056], [0.35279, 0.046291, 0.21167, 0.728633, 0.422663, 0.557268, 0.324915, 0.764654, 0, 0.195908, 0.574746, 0.637557, 0.690375, 0.180139, 0.292851, 0.102144], [0.168043, 0.198218, 0.637987, 0.67727, 0.533624, 0.378604, 0.728839, 0.564883, 0.698368, 0, 0.327978, 0.212316, 0.399796, 0.913178, 0.211166, 0.181662], [0.310773, 0.466121, 0.133762, 0.923156, 0.023223, 0.57759, 0.504954, 0.062709, 0.818918, 0.030531, 0, 0.07662, 0.843901, 0.371145, 0.605842, 0.63698], [0.853613, 0.85221, 0.410681, 0.750749, 0.489088, 0.524551, 0.348568, 0.260557, 0.656024, 0.667523, 0.589631, 0, 0.710591, 0.958756, 0.528463, 0.089131], [0.283673, 0.991396, 0.059961, 0.820979, 0.591945, 0.620801, 0.903541, 0.920149, 0.6198, 0.295052, 0.962383, 0.34459, 0, 0.539346, 0.159194, 0.794081], [0.532352, 0.209065, 0.034949, 0.793824, 0.577311, 0.019451, 0.63176, 0.903287, 0.704076, 0.559697, 0.94117, 0.359027, 0.330899, 0, 0.583261, 0.663444], [0.473686, 0.591158, 0.01837, 0.631983, 0.791016, 0.847539, 0.731633, 0.379106, 0.713598, 0.910152, 0.924754, 0.999974, 0.418868, 0.114728, 0, 0.22855], [0.106376, 0.001319, 0.204201, 0.988804, 0.783232, 0.756028, 0.95645, 0.448434, 0.312665, 0.178337, 0.92575, 0.465763, 0.889196, 0.68793, 0.787624, 0]]}