{"v_num": 16, "mat": [[0, 0.733849, 0.076953, 0.097233, 0.55445, 0.627578, 0.896593, 0.510652, 0.798663, 0.501941, 0.148321, 0.911993, 0.458053, 0.281558, 0.754822, 0.764618], [0.954674, 0, 0.226625, 0.018428, 0.937337, 0.191522, 0.693039, 0.302027, 0.460216, 0.317647, 0.347884, 0.099983, 0.782395, 0.910723, 0.599216, 0.398772], [0.986861, 0.984627, 0, 0.171578, 0.074133, 0.316267, 0.628892, 0.216619, 0.92615, 0.797737, 0.001596, 0.529751, 0.255783, 0.690831, 0.302292, 0.806427], [0.653896, 0.642517, 0.791231, 0, 0.259673, 0.471743, 0.20101, 0.381889, 0.026657, 0.949891, 0.316223, 0.446399, 0.813468, 0.922993, 0.516944, 0.117496], [0.702972, 0.07428, 0.240008, 0.21952, 0, 0.652215, 0.167398, 0.488151, 0.741489, 0.171067, 0.244877, 0.364821, 0.874586, 0.888048, 0.223859, 0.633774], [0.647722, 0.152685, 0.340816, 0.803937, 0.62752, 0, 0.930653, 0.098914, 0.659282, 0.629381, 0.678801, 0.743686, 0.128206, 0.856042, 0.384157, 0.473138], [0.31098, 0.172669, 0.305427, 0.470603, 0.34978, 0.511905, 0, 0.042998, 0.137903, 0.380239, 0.343384, 0.055547, 0.191979, 0.324536, 0.037168, 0.726957], [0.362409, 0.553072, 0.933492, 0.764588, 0.524958, 0.316457, 0.777896, 0, 0.066481, 0.660416, 0.73854, 0.528797, 0.064982, 0.352047, 0.941576, 0.200187], [0.373505, 0.235672, 0.595969, 0.422955, 0.048355, 0.754125, 0.918685, 0.166858, 0, 0.347331, 0.719843, 0.253838, 0.217688, 0.070309, 0.127153, 0.912589], [0.991915, 0.858275, 0.921885, 0.21583, 0.487499, 0.779907, 0.126917, 0.622977, 0.40108, 0, 0.41485, 0.274694, 0.151327, 0.820058, 0.356793, 0.23316], [0.366667, 0.372307, 0.32713, 0.225376, 0.537663, 0.560027, 0.971371, 0.488221, 0.067015, 0.26926, 0, 0.635559, 0.319584, 0.22599, 0.569718, 0.961878], [0.116069, 0.167336, 0.999042, 0.870465, 0.526538, 0.918789, 0.964004, 0.759521, 0.57434, 0.250609, 0.297904, 0, 0.566427, 0.580829, 0.713626, 0.805749], [0.463068, 0.766752, 0.887347, 0.311478, 0.621975, 0.500058, 0.293395, 0.167956, 0.065241, 0.922477, 0.343305, 0.667666, 0, 0.829695, 0.239449, 0.823214], [0.784237, 0.140103, 0.695509, 0.693266, 0.491652, 0.78777, 0.184189, 0.404532, 0.85168, 0.366719, 0.744943, 0.738861, 0.62567, 0, 0.846849, 0.308654], [0.75858, 0.857218, 0.93958, 0.294276, 0.093578, 0.790707, 0.588233, 0.103378, 0.630073, 0.169267, 0.056856, 0.703187, 0.575955, 0.048546, 0, 0.423504], [0.706322, 0.713964, 0.6048, 0.994733, 0.961366, 0.097378, 0.949982, 0.500809, 0.071404, 0.966922, 0.247285, 0.847104, 0.032891, 0.54315, 0.155454, 0]]}