{"v_num": 16, "mat": [[0, 0.349533, 0.709344, 0.253423, 0.991698, 0.38114, 0.757244, 0.240507, 0.326942, 0.992253, 0.273695, 0.60613, 0.948095, 0.87789, 0.199292, 0.408796], [0.778864, 0, 0.647582, 0.816384, 0.679652, 0.30107, 0.255082, 0.914908, 0.616689, 0.514833, 0.673608, 0.099694, 0.938806, 0.079487, 0.270007, 0.589249], [0.083489, 0.55313, 0, 0.991065, 0.052171, 0.548568, 0.04368, 0.938914, 0.14655, 0.814216, 0.69565, 0.733581, 0.488734, 0.224604, 0.848943, 0.51524], [0.46714, 0.911488, 0.322592, 0, 0.843355, 0.007664, 0.804699, 0.079574, 0.219556, 0.897663, 0.308952, 0.948304, 0.930505, 0.327388, 0.131002, 0.486083], [0.880108, 0.917517, 0.181542, 0.952467, 0, 0.99064, 0.216448, 0.710141, 0.563221, 0.747673, 0.291617, 0.249567, 0.293837, 0.65748, 0.518312, 0.201426], [0.615879, 0.448228, 0.513594, 0.106085, 0.631983, 0, 0.174418, 0.811912, 0.194717, 0.345217, 0.169233, 0.692887, 0.093964, 0.981573, 0.684218, 0.820563], [0.896429, 0.05632, 0.892517, 0.849596, 0.047201, 0.42529, 0, 0.431595, 0.68365, 0.118697, 0.559641, 0.298698, 0.347519, 0.922634, 0.783634, 0.36804], [0.168323, 0.43535, 0.345413, 0.108283, 0.141631, 0.084699, 0.4772, 0, 0.336192, 0.654754, 0.859342, 0.580138, 0.773887, 0.523308, 0.800569, 0.018145], [0.331812, 0.889755, 0.91131, 0.48995, 0.0523, 0.963311, 0.879134, 0.473421, 0, 0.770644, 0.701099, 0.025986, 0.307807, 0.435858, 0.901015, 0.506287], [0.252263, 0.544309, 0.509095, 0.277545, 0.450794, 0.035956, 0.24202, 0.248939, 0.193674, 0, 0.71478, 0.521009, 0.132391, 0.941192, 0.013952, 0.782654], [0.354172, 0.606667, 0.051237, 0.836584, 0.396563, 0.642907, 0.383381, 0.848562, 0.713278, 0.414085, 0, 0.435444, 0.019188, 0.822118, 0.570753, 0.568397], [0.443104, 0.297579, 0.415982, 0.593745, 0.400273, 0.739128, 0.968394, 0.881069, 0.41608, 0.058082, 0.902992, 0, 0.738875, 0.974687, 0.207528, 0.278628], [0.419482, 0.744793, 0.859693, 0.258238, 0.008355, 0.116459, 0.811054, 0.60045, 0.028255, 0.516369, 0.516606, 0.825058, 0, 0.994026, 0.744053, 0.277591], [0.036228, 0.719594, 0.171769, 0.263055, 0.141028, 0.331224, 0.517849, 0.078539, 0.944148, 0.767242, 0.631534, 0.004756, 0.864934, 0, 0.172902, 0.750699], [0.083202, 0.399208, 0.989301, 0.338528, 0.074853, 0.837961, 0.461716, 0.402337, 0.328755, 0.953793, 0.209918, 0.767537, 0.26064, 0.782627, 0, 0.844174], [0.969755, 0.755057, 0.341998, 0.046153, 0.570248, 0.70663, 0.793399, 0.701746, 0.558256, 0.926593, 0.575956, 0.705527, 0.523358, 0.934436, 0.076073, 0]]}