{"v_num": 16, "mat": [[0, 0.065103, 0.015134, 0.928814, 0.626393, 0.541442, 0.810741, 0.41331, 0.487751, 0.545556, 0.234585, 0.163245, 0.459816, 0.161577, 0.609473, 0.369162], [0.165604, 0, 0.902859, 0.791007, 0.465644, 0.344275, 0.109483, 0.24096, 0.220862, 0.719577, 0.59956, 0.44342, 0.726193, 0.485915, 0.076294, 0.582183], [0.503469, 0.436249, 0, 0.300155, 0.330316, 0.74549, 0.845724, 0.562103, 0.713003, 0.538892, 0.973778, 0.766655, 0.061221, 0.129518, 0.87228, 0.363862], [0.338929, 0.98208, 0.126022, 0, 0.246598, 0.909938, 0.8048, 0.492116, 0.598127, 0.10949, 0.466758, 0.541616, 0.24129, 0.814632, 0.969322, 0.17974], [0.753166, 0.655803, 0.472428, 0.09131, 0, 0.054821, 0.201211, 0.740678, 0.257129, 0.524276, 0.877059, 0.462042, 0.042282, 0.57746, 0.929962, 0.829189], [0.654718, 0.978336, 0.923509, 0.877857, 0.05907, 0, 0.941078, 0.125005, 0.284627, 0.712464, 0.125188, 0.225451, 0.872316, 0.669117, 0.64258, 0.627946], [0.76435, 0.446471, 0.533376, 0.32611, 0.784979, 0.417583, 0, 0.983973, 0.054458, 0.390923, 0.362807, 0.049274, 0.338702, 0.675756, 0.977085, 0.75887], [0.124733, 0.573291, 0.633113, 0.321221, 0.881938, 0.258815, 0.635364, 0, 0.332055, 0.034901, 0.710501, 0.370973, 0.884435, 0.899552, 0.997086, 0.281111], [0.806409, 0.278229, 0.151382, 0.593099, 0.963844, 0.454431, 0.37791, 0.650033, 0, 0.384647, 0.392694, 0.273351, 0.649946, 0.614209, 0.697039, 0.614787], [0.512822, 0.554249, 0.800968, 0.866285, 0.898149, 0.400954, 0.409375, 0.748794, 0.931311, 0, 0.314165, 0.417025, 0.586424, 0.075399, 0.535853, 0.341084], [0.769719, 0.691153, 0.361673, 0.216522, 0.905488, 0.303039, 0.517619, 0.750387, 0.272004, 0.297387, 0, 0.438995, 0.513015, 0.85776, 0.423886, 0.766611], [0.026506, 0.461083, 0.958397, 0.864672, 0.519299, 0.962668, 0.002665, 0.462413, 0.994964, 0.169383, 0.932679, 0, 0.05248, 0.012671, 0.107768, 0.471679], [0.737206, 0.401055, 0.683208, 0.683194, 0.318675, 0.095861, 0.544482, 0.5348, 0.66071, 0.887792, 0.654098, 0.370598, 0, 0.83722, 0.908909, 0.813491], [0.250853, 0.115434, 0.34159, 0.169681, 0.006736, 0.679637, 0.873757, 0.980443, 0.729366, 0.003787, 0.751113, 0.287381, 0.367852, 0, 0.390286, 0.553621], [0.642203, 0.189151, 0.172816, 0.563469, 0.939853, 0.600994, 0.332617, 0.754396, 0.053637, 0.882727, 0.701081, 0.902931, 0.256525, 0.045161, 0, 0.112403], [0.077013, 0.982808, 0.033643, 0.099934, 0.756474, 0.440552, 0.684851, 0.216217, 0.352908, 0.788635, 0.360745, 0.559682, 0.761323, 0.16181, 0.167549, 0]]}