{"v_num": 16, "mat": [[0, 0.479446, 0.200837, 0.371317, 0.368294, 0.04779, 0.526336, 0.494004, 0.978164, 0.626801, 0.779021, 0.707653, 0.583816, 0.125075, 0.961008, 0.293166], [0.571205, 0, 0.609832, 0.552381, 0.609449, 0.545072, 0.287711, 0.246075, 0.501491, 0.559703, 0.122274, 0.726124, 0.955982, 0.481253, 0.728299, 0.162058], [0.828359, 0.453562, 0, 0.476909, 0.311256, 0.923982, 0.719516, 0.626492, 0.077097, 0.444087, 0.501454, 0.402243, 0.90645, 0.96175, 0.083413, 0.533913], [0.729157, 0.262467, 0.223892, 0, 0.071322, 0.212668, 0.619692, 0.192095, 0.306885, 0.141958, 0.359464, 0.206255, 0.295452, 0.011809, 0.103962, 0.12584], [0.654383, 0.094883, 0.241431, 0.296903, 0, 0.88584, 0.712174, 0.963557, 0.162775, 0.30704, 0.613269, 0.851835, 0.397022, 0.932295, 0.590797, 0.920588], [0.646956, 0.724275, 0.79667, 0.302599, 0.584549, 0, 0.543258, 0.808142, 0.903038, 0.444033, 0.495891, 0.938976, 0.612067, 0.866114, 0.855926, 0.269031], [0.450838, 0.211198, 0.941559, 0.556768, 0.855924, 0.694635, 0, 0.650784, 0.917397, 0.9593, 0.898506, 0.399379, 0.057668, 0.796508, 0.729499, 0.197445], [0.644151, 0.820643, 0.466228, 0.463322, 0.26146, 0.588966, 0.588549, 0, 0.242222, 0.733833, 0.805307, 0.359779, 0.881529, 0.762319, 0.632324, 0.202289], [0.856518, 0.091311, 0.002357, 0.975067, 0.757055, 0.343714, 0.758493, 0.401617, 0, 0.752444, 0.425558, 0.719103, 0.125699, 0.06192, 0.773999, 0.905589], [0.962797, 0.06882, 0.480456, 0.148516, 0.612335, 0.074249, 0.028844, 0.108542, 0.209782, 0, 0.004356, 0.10338, 0.487195, 0.487496, 0.973997, 0.826436], [0.537747, 0.022026, 0.100879, 0.431169, 0.639887, 0.629762, 0.960302, 0.252416, 0.591416, 0.332073, 0, 0.261599, 0.114499, 0.309489, 0.972068, 0.040978], [0.359445, 0.347655, 0.666901, 0.172574, 0.885872, 0.656587, 0.56787, 0.289082, 0.488443, 0.843797, 0.592652, 0, 0.717509, 0.621563, 0.019232, 0.2917], [0.281668, 0.422972, 0.441635, 0.394098, 0.666986, 0.217836, 0.82474, 0.304823, 0.9698, 0.152464, 0.637954, 0.13861, 0, 0.693238, 0.256296, 0.492695], [0.892801, 0.294677, 0.91766, 0.473391, 0.566811, 0.337837, 0.360748, 0.995107, 0.09889, 0.441549, 0.475587, 0.318039, 0.200706, 0, 0.510658, 0.291771], [0.040109, 0.898773, 0.707182, 0.830731, 0.78259, 0.84931, 0.40617, 0.358129, 0.979258, 0.602297, 0.683016, 0.583118, 0.160144, 0.314479, 0, 0.958699], [0.860187, 0.872764, 0.169573, 0.861789, 0.634592, 0.172549, 0.125082, 0.475074, 0.180662, 0.620108, 0.21212, 0.104709, 0.731172, 0.75325, 0.228182, 0]]}