{"v_num": 16, "mat": [[0, 0.255257, 0.249374, 0.71152, 0.550429, 0.471307, 0.487976, 0.988119, 0.219503, 0.092852, 0.946658, 0.942413, 0.142782, 0.707112, 0.290401, 0.322761], [0.390737, 0, 0.146483, 0.527513, 0.263848, 0.364769, 0.382201, 0.459863, 0.463336, 0.325297, 0.606105, 0.623772, 0.254328, 0.396294, 0.501154, 0.640291], [0.177585, 0.422598, 0, 0.902159, 0.11589, 0.832169, 0.3782, 0.552059, 0.497367, 0.151685, 0.187186, 0.711556, 0.604611, 0.590841, 0.316511, 0.308052], [0.042895, 0.779424, 0.195876, 0, 0.490675, 0.76196, 0.362468, 0.534914, 0.928024, 0.807016, 0.161758, 0.900379, 0.711472, 0.86521, 0.922338, 0.889032], [0.371791, 0.274901, 0.427271, 0.358094, 0, 0.077504, 0.869125, 0.023646, 0.117445, 0.217363, 0.557925, 0.430645, 0.827235, 0.081951, 0.999637, 0.649744], [0.725487, 0.306812, 0.40009, 0.047007, 0.8098, 0, 0.438108, 0.594891, 0.33563, 0.863793, 0.909274, 0.007726, 0.156554, 0.307857, 0.198921, 0.281478], [0.764968, 0.3051, 0.714398, 0.349841, 0.372977, 0.20892, 0, 0.371654, 0.191994, 0.431819, 0.934628, 0.710406, 0.845769, 0.518493, 0.522662, 0.23057], [0.733582, 0.740053, 0.122317, 0.570726, 0.444458, 0.161728, 0.855911, 0, 0.645714, 0.85746, 0.916514, 0.420791, 0.930644, 0.183516, 0.150477, 0.342372], [0.619816, 0.244128, 0.526841, 0.992722, 0.833596, 0.878239, 0.971143, 0.850399, 0, 0.024264, 0.198388, 0.013307, 0.917656, 0.485285, 0.323558, 0.760628], [0.335789, 0.580298, 0.433541, 0.788196, 0.22992, 0.987412, 0.258415, 0.385417, 0.745223, 0, 0.507131, 0.453906, 0.060546, 0.16479, 0.661438, 0.255594], [0.048229, 0.344548, 0.260691, 0.707704, 0.371136, 0.706022, 0.12707, 0.888489, 0.568141, 0.035793, 0, 0.677139, 0.531171, 0.759238, 0.503523, 0.535905], [0.403082, 0.03312, 0.672031, 0.376938, 0.308462, 0.860467, 0.220604, 0.455155, 0.344955, 0.822964, 0.590406, 0, 0.523601, 0.042678, 0.155736, 0.537384], [0.753906, 0.664896, 0.346051, 0.620972, 0.308607, 0.265995, 0.863647, 0.881334, 0.323546, 0.470645, 0.049088, 0.128916, 0, 0.472525, 0.612773, 0.63697], [0.564414, 0.533173, 0.696192, 0.649178, 0.727027, 0.875773, 0.013321, 0.865702, 0.451524, 0.844309, 0.818449, 0.622494, 0.380593, 0, 0.06479, 0.286866], [0.363618, 0.15473, 0.830374, 0.237052, 0.48197, 0.240615, 0.389741, 0.056794, 0.321022, 0.392349, 0.597222, 0.42362, 0.792907, 0.369362, 0, 0.337497], [0.858763, 0.893504, 0.506721, 0.126384, 0.443739, 0.729599, 0.753952, 0.442783, 0.098104, 0.843655, 0.963952, 0.250079, 0.86581, 0.139016, 0.268852, 0]]}