{"v_num": 16, "mat": [[0, 0.37502, 0.56246, 0.639993, 0.150993, 0.526221, 0.585606, 0.771708, 0.292646, 0.087572, 0.808114, 0.137055, 0.769517, 0.708179, 0.768226, 0.885926], [0.541652, 0, 0.858671, 0.874414, 0.314987, 0.87994, 0.358601, 0.775253, 0.590343, 0.961864, 0.946172, 0.126602, 0.242448, 0.942217, 0.006309, 0.991382], [0.408007, 0.221898, 0, 0.444402, 0.355442, 0.087757, 0.721847, 0.511161, 0.17707, 0.628529, 0.673949, 0.977538, 0.143311, 0.256736, 0.297153, 0.851173], [0.973813, 0.264705, 0.664322, 0, 0.220152, 0.587366, 0.096575, 0.374785, 0.504789, 0.36286, 0.719523, 0.144548, 0.18759, 0.377345, 0.078893, 0.866744], [0.758545, 0.663797, 0.548417, 0.730529, 0, 0.794663, 0.080405, 0.545184, 0.950256, 0.367875, 0.622159, 0.461319, 0.728273, 0.397028, 0.025139, 0.353876], [0.575102, 0.21432, 0.230404, 0.161333, 0.877128, 0, 0.887417, 0.616338, 0.427766, 0.601919, 0.83532, 0.798022, 0.751427, 0.456442, 0.57728, 0.493794], [0.339609, 0.811353, 0.341177, 0.16891, 0.363209, 0.915568, 0, 0.621951, 0.217504, 0.333552, 0.044139, 0.449118, 0.561029, 0.843285, 0.943831, 0.691633], [0.395411, 0.031437, 0.115639, 0.635179, 0.123706, 0.570181, 0.20683, 0, 0.283177, 0.804089, 0.141883, 0.254221, 0.914954, 0.145361, 0.873683, 0.82281], [0.187356, 0.318582, 0.627023, 0.014938, 0.967516, 0.588151, 0.448074, 0.661367, 0, 0.137982, 0.130125, 0.761626, 0.883037, 0.835753, 0.027435, 0.503887], [0.429282, 0.084146, 0.809964, 0.245372, 0.555561, 0.894351, 0.604902, 0.892071, 0.399272, 0, 0.682587, 0.260886, 0.686959, 0.789153, 0.617362, 0.310206], [0.419878, 0.834326, 0.678415, 0.970635, 0.371196, 0.950936, 0.946223, 0.394089, 0.25316, 0.124281, 0, 0.111568, 0.228953, 0.446298, 0.880619, 0.567864], [0.341466, 0.605001, 0.608558, 0.697626, 0.80597, 0.285697, 0.358343, 0.072122, 0.593366, 0.304002, 0.000165, 0, 0.655168, 0.02225, 0.875464, 0.373511], [0.311316, 0.844583, 0.326577, 0.398469, 0.916371, 0.87551, 0.933953, 0.868054, 0.858387, 0.213856, 0.615261, 0.223695, 0, 0.876103, 0.986805, 0.362183], [0.320601, 0.648619, 0.74974, 0.637856, 0.52291, 0.7474, 0.068811, 0.092868, 0.381575, 0.791359, 0.842961, 0.491707, 0.655537, 0, 0.985926, 0.59365], [0.714799, 0.120119, 0.842625, 0.000772, 0.965905, 0.681815, 0.750481, 0.384622, 0.633272, 0.946161, 0.900737, 0.450247, 0.139262, 0.703909, 0, 0.7159], [0.818855, 0.959185, 0.005843, 0.043993, 0.900778, 0.399225, 0.829678, 0.505057, 0.228202, 0.525302, 0.435919, 0.131107, 0.515717, 0.991561, 0.008792, 0]]}