{"v_num": 16, "mat": [[0, 0.377446, 0.862884, 0.551732, 0.135388, 0.56888, 0.65728, 0.529886, 0.912302, 0.590189, 0.563142, 0.020574, 0.446028, 0.307261, 0.974723, 0.944401], [0.453578, 0, 0.229477, 0.538229, 0.810975, 0.156412, 0.543697, 0.119567, 0.734099, 0.445568, 0.496938, 0.783107, 0.384966, 0.086552, 0.006991, 0.558798], [0.701676, 0.834147, 0, 0.29476, 0.680241, 0.781453, 0.721734, 0.418566, 0.466519, 0.022897, 0.160043, 0.218291, 0.589413, 0.382321, 0.552064, 0.808991], [0.476132, 0.609479, 0.547827, 0, 0.790009, 0.828555, 0.874313, 0.306998, 0.913405, 0.808972, 0.095543, 0.53694, 0.901164, 0.347717, 0.291987, 0.092396], [0.649731, 0.458374, 0.99203, 0.222546, 0, 0.496046, 0.32555, 0.065426, 0.716221, 0.575704, 0.991683, 0.712232, 0.883165, 0.460286, 0.428458, 0.715861], [0.400673, 0.773895, 0.796335, 0.577991, 0.674208, 0, 0.38971, 0.73022, 0.125792, 0.64011, 0.828514, 0.45184, 0.727088, 0.15134, 0.85653, 0.234636], [0.63617, 0.715126, 0.184447, 0.890367, 0.649685, 0.294113, 0, 0.122748, 0.388945, 0.831411, 0.735246, 0.289517, 0.057364, 0.189553, 0.74379, 0.049855], [0.118891, 0.986588, 0.445027, 0.766229, 0.236753, 0.702829, 0.524743, 0, 0.553773, 0.606097, 0.844358, 0.065145, 0.544851, 0.677555, 0.4094, 0.479762], [0.640857, 0.474467, 0.907116, 0.076497, 0.899111, 0.809792, 0.742335, 0.44863, 0, 0.943435, 0.743568, 0.671567, 0.305698, 0.133301, 0.080253, 0.022078], [0.609125, 0.451879, 0.952098, 0.997441, 0.668456, 0.255372, 0.621203, 0.23975, 0.46979, 0, 0.625883, 0.269947, 0.05453, 0.126772, 0.157527, 0.232783], [0.557031, 0.870243, 0.186783, 0.401869, 0.634868, 0.404003, 0.315106, 0.570839, 0.271543, 0.128336, 0, 0.584828, 0.810984, 0.542564, 0.04933, 0.988494], [0.996765, 0.766929, 0.342707, 0.506837, 0.360025, 0.322004, 0.518036, 0.957278, 0.093536, 0.255001, 0.082385, 0, 0.563493, 0.533911, 0.473688, 0.189674], [0.852455, 0.271104, 0.120186, 0.522259, 0.758161, 0.522986, 0.936443, 0.363721, 0.65055, 0.91528, 0.662173, 0.341392, 0, 0.274232, 0.561587, 0.15598], [0.537724, 0.242442, 0.710481, 0.965823, 0.305685, 0.995375, 0.607412, 0.326426, 0.742204, 0.794697, 0.110306, 0.524729, 0.588075, 0, 0.318805, 0.758113], [0.03587, 0.064551, 0.691698, 0.132008, 0.08565, 0.824537, 0.332594, 0.239057, 0.996408, 0.557049, 0.961167, 0.301684, 0.549925, 0.716258, 0, 0.810219], [0.041107, 0.713837, 0.69776, 0.07715, 0.984028, 0.115323, 0.596793, 0.441493, 0.510156, 0.007257, 0.306081, 0.592897, 0.787358, 0.083909, 0.349175, 0]]}