{"v_num": 16, "mat": [[0, 0.661768, 0.080354, 0.254437, 0.956753, 0.087619, 0.286736, 0.718412, 0.736424, 0.983057, 0.577981, 0.389412, 0.396692, 0.695384, 0.530712, 0.316225], [0.862411, 0, 0.667102, 0.516162, 0.110643, 0.23864, 0.201164, 0.191112, 0.798259, 0.350279, 0.257938, 0.194993, 0.426582, 0.460898, 0.072428, 0.439685], [0.856696, 0.286834, 0, 0.368105, 0.872264, 0.829424, 0.651131, 0.439976, 0.052157, 0.743083, 0.933526, 0.631729, 0.048037, 0.692031, 0.912521, 0.889748], [0.077685, 0.145774, 0.009229, 0, 0.182755, 0.43186, 0.732375, 0.859018, 0.667601, 0.183173, 0.479602, 0.590076, 0.038136, 0.53494, 0.861992, 0.596578], [0.809866, 0.247398, 0.941853, 0.699597, 0, 0.180801, 0.851939, 0.711399, 0.442681, 0.216595, 0.671513, 0.613601, 0.114915, 0.953398, 0.940008, 0.11502], [0.185659, 0.776583, 0.806086, 0.04894, 0.967351, 0, 0.809926, 0.845799, 0.191119, 0.333785, 0.834707, 0.488474, 0.819123, 0.045329, 0.383613, 0.934855], [0.304016, 0.120824, 0.771779, 0.326583, 0.364253, 0.353871, 0, 0.245412, 0.417748, 0.295532, 0.276778, 0.260143, 0.378524, 0.932438, 0.355099, 0.473668], [0.964067, 0.495938, 0.123245, 0.036909, 0.416165, 0.627068, 0.481712, 0, 0.760433, 0.665916, 0.788418, 0.103986, 0.735896, 0.012716, 0.920326, 0.421727], [0.859928, 0.708878, 0.274086, 0.945652, 0.783658, 0.637101, 0.276752, 0.588233, 0, 0.877272, 0.643858, 0.853867, 0.466204, 0.532153, 0.129621, 0.199559], [0.864396, 0.095683, 0.142063, 0.676472, 0.936989, 0.517056, 0.725977, 0.002316, 0.679402, 0, 0.051849, 0.110116, 0.303232, 0.850927, 0.717817, 0.142525], [0.914425, 0.592705, 0.341866, 0.146893, 0.540331, 0.751504, 0.105928, 0.196412, 0.786537, 0.543849, 0, 0.343397, 0.344121, 0.556377, 0.028598, 0.932109], [0.183188, 0.46728, 0.749463, 0.224991, 0.845392, 0.298693, 0.825866, 0.774977, 0.509319, 0.989125, 0.127865, 0, 0.778897, 0.641646, 0.84626, 0.435803], [0.430966, 0.497133, 0.683859, 0.617875, 0.102371, 0.536474, 0.253681, 0.397598, 0.676194, 0.260105, 0.498299, 0.730883, 0, 0.6423, 0.679517, 0.980025], [0.714802, 0.936304, 0.177555, 0.679493, 0.395218, 0.237181, 0.448353, 0.090849, 0.578477, 0.739528, 0.958788, 0.633852, 0.589577, 0, 0.312475, 0.691455], [0.982882, 0.499669, 0.13576, 0.902654, 0.388922, 0.552189, 0.151963, 0.71743, 0.676501, 0.064337, 0.608779, 0.849648, 0.854064, 0.230578, 0, 0.31507], [0.864335, 0.65713, 0.603762, 0.581796, 0.992478, 0.105761, 0.889469, 0.609101, 0.400585, 0.830297, 0.970998, 0.363659, 0.063537, 0.377437, 0.555655, 0]]}