{"v_num": 16, "mat": [[0, 0.803741, 0.790334, 0.190153, 0.291813, 0.741438, 0.30483, 0.624598, 0.988228, 0.956775, 0.16457, 0.075452, 0.055269, 0.154694, 0.343813, 0.275486], [0.793561, 0, 0.360418, 0.883606, 0.693777, 0.643272, 0.634991, 0.934448, 0.539217, 0.280185, 0.620015, 0.138575, 0.343598, 0.289481, 0.121263, 0.591718], [0.080929, 0.59762, 0, 0.649383, 0.771425, 0.932855, 0.807794, 0.891445, 0.090303, 0.629091, 0.463717, 0.994989, 0.837731, 0.283952, 0.423736, 0.359908], [0.541571, 0.997531, 0.259007, 0, 0.780131, 0.425964, 0.341362, 0.68511, 0.444238, 0.21347, 0.89602, 0.819892, 0.883211, 0.138021, 0.232849, 0.391281], [0.374985, 0.544561, 0.406336, 0.962649, 0, 0.788937, 0.394519, 0.293826, 0.708546, 0.479933, 0.495581, 0.139598, 0.839171, 0.617781, 0.694684, 0.286061], [0.151359, 0.001416, 0.959243, 0.611108, 0.820185, 0, 0.447315, 0.583303, 0.64941, 0.24976, 0.891181, 0.703273, 0.239366, 0.99597, 0.919753, 0.567087], [0.403406, 0.767227, 0.028975, 0.321756, 0.693913, 0.570211, 0, 0.34562, 0.213743, 0.748061, 0.906834, 0.373428, 0.887819, 0.805596, 0.439573, 0.906183], [0.170072, 0.901462, 0.401799, 0.202752, 0.598373, 0.413783, 0.041722, 0, 0.821982, 0.757176, 0.596771, 0.748197, 0.100839, 0.635595, 0.705645, 0.240715], [0.176739, 0.535592, 0.829517, 0.341454, 0.47064, 0.551436, 0.001178, 0.414963, 0, 0.880916, 0.416, 0.644013, 0.089054, 0.142305, 0.934664, 0.873869], [0.824432, 0.886526, 0.919763, 0.121604, 0.067092, 0.159664, 0.847958, 0.676657, 0.093466, 0, 0.313331, 0.018621, 0.807062, 0.759741, 0.419394, 0.461465], [0.534967, 0.677472, 0.662011, 0.834181, 0.220235, 0.986025, 0.329106, 0.87434, 0.261192, 0.846558, 0, 0.523769, 0.926257, 0.010768, 0.816786, 0.21767], [0.851872, 0.603673, 0.497278, 0.083321, 0.556509, 0.679552, 0.369503, 0.673594, 0.573137, 0.47051, 0.189956, 0, 0.911353, 0.285673, 0.013696, 0.341139], [0.325762, 0.419651, 0.809034, 0.308081, 0.07589, 0.180823, 0.096082, 0.67073, 0.914712, 0.631368, 0.809563, 0.300559, 0, 0.27724, 0.192314, 0.862903], [0.129619, 0.239289, 0.507346, 0.583858, 0.026123, 0.794921, 0.622459, 0.361265, 0.280125, 0.577313, 0.951559, 0.711157, 0.738161, 0, 0.718546, 0.727418], [0.206282, 0.201146, 0.817082, 0.3958, 0.18726, 0.352361, 0.674035, 0.911054, 0.291725, 0.559428, 0.011202, 0.407494, 0.864512, 0.880697, 0, 0.917158], [0.880646, 0.788633, 0.236459, 0.028783, 0.033298, 0.195508, 0.903084, 0.671247, 0.99362, 0.274109, 0.308052, 0.210151, 0.072649, 0.271855, 0.530608, 0]]}