{"v_num": 16, "mat": [[0, 0.304141, 0.078806, 0.265924, 0.18994, 0.666878, 0.696737, 0.651067, 0.826988, 0.611816, 0.04631, 0.89348, 0.304736, 0.726048, 0.043067, 0.947563], [0.876995, 0, 0.34891, 0.469356, 0.38337, 0.660147, 0.549163, 0.463441, 0.601038, 0.311379, 0.75842, 0.366413, 0.716637, 0.297005, 0.494004, 0.154012], [0.218429, 0.330148, 0, 0.910656, 0.415659, 0.553065, 0.760802, 0.689443, 0.92885, 0.568147, 0.001398, 0.230784, 0.180054, 0.331288, 0.261812, 0.214563], [0.246005, 0.899953, 0.99359, 0, 0.300265, 0.602326, 0.037653, 0.658641, 0.359581, 0.206171, 0.044012, 0.136774, 0.876183, 0.313885, 0.972221, 0.713177], [0.198057, 0.284541, 0.538053, 0.531477, 0, 0.963691, 0.493372, 0.718684, 0.735318, 0.12975, 0.990494, 0.042749, 0.994898, 0.533002, 0.063283, 0.203305], [0.646732, 0.802144, 0.659718, 0.337095, 0.248813, 0, 0.052917, 0.581996, 0.606035, 0.258117, 0.771063, 0.181953, 0.208615, 0.414217, 0.92273, 0.376071], [0.465475, 0.151459, 0.992463, 0.521776, 0.763828, 0.324721, 0, 0.538559, 0.894128, 0.371305, 0.773955, 0.217542, 0.762743, 0.156776, 0.19088, 0.798173], [0.836945, 0.580815, 0.669769, 0.775196, 0.26165, 0.486745, 0.59004, 0, 0.560659, 0.871785, 0.14716, 0.350066, 0.025019, 0.281297, 0.511368, 0.502609], [0.508509, 0.838748, 0.303342, 0.227402, 0.613903, 0.69621, 0.746999, 0.519988, 0, 0.011813, 0.579755, 0.549752, 0.905598, 0.547656, 0.191342, 0.522288], [0.486321, 0.645257, 0.226673, 0.923534, 0.044016, 0.266903, 0.511933, 0.145044, 0.944184, 0, 0.134044, 0.259978, 0.003573, 0.978243, 0.895867, 0.596035], [0.913398, 0.986136, 0.882352, 0.163264, 0.638534, 0.270549, 0.029639, 0.179358, 0.756995, 0.889674, 0, 0.768868, 0.139941, 0.526348, 0.921547, 0.921201], [0.84602, 0.689392, 0.188333, 0.049139, 0.294896, 0.496087, 0.606912, 0.526049, 0.550423, 0.068579, 0.389994, 0, 0.093455, 0.481371, 0.413261, 0.997596], [0.025015, 0.772929, 0.248873, 0.546351, 0.608512, 0.718234, 0.873259, 0.349824, 0.380959, 0.144308, 0.132874, 0.495036, 0, 0.034821, 0.492246, 0.212176], [0.784383, 0.415967, 0.715825, 0.927876, 0.150203, 0.13544, 0.875368, 0.275367, 0.025872, 0.165816, 0.49343, 0.396633, 0.772155, 0, 0.893457, 0.802784], [0.016764, 0.135339, 0.164382, 0.987104, 0.784744, 0.806537, 0.923718, 0.107796, 0.36801, 0.368449, 0.442357, 0.053665, 0.398715, 0.806872, 0, 0.727571], [0.389621, 0.855509, 0.78166, 0.199796, 0.033289, 0.028623, 0.295961, 0.147231, 0.794421, 0.411639, 0.084523, 0.657916, 0.604649, 0.847988, 0.535849, 0]]}