{"v_num": 16, "mat": [[0, 0.583616, 0.131323, 0.482163, 0.776872, 0.110307, 0.676161, 0.637529, 0.281048, 0.743759, 0.009722, 0.866814, 0.513282, 0.206051, 0.063348, 0.529801], [0.094847, 0, 0.12068, 0.52518, 0.747332, 0.838092, 0.027527, 0.845033, 0.638529, 0.130226, 0.19074, 0.918753, 0.5235, 0.156486, 0.452914, 0.063461], [0.24394, 0.400651, 0, 0.828402, 0.915885, 0.68714, 0.718088, 0.305059, 0.97405, 0.501876, 0.469317, 0.23871, 0.860842, 0.854277, 0.933474, 0.538678], [0.717236, 0.980882, 0.102782, 0, 0.41248, 0.822734, 0.787905, 0.922976, 0.478078, 0.021901, 0.176724, 0.346436, 0.952054, 0.190032, 0.885365, 0.057207], [0.536569, 0.827872, 0.817521, 0.094981, 0, 0.139423, 0.493882, 0.699955, 0.367691, 0.758793, 0.766645, 0.156367, 0.716948, 0.982527, 0.794295, 0.863555], [0.284774, 0.289229, 0.518428, 0.221136, 0.951728, 0, 0.240206, 0.443341, 0.744538, 0.065986, 0.199315, 0.025051, 0.330272, 0.883039, 0.23324, 0.768394], [0.520314, 0.073557, 0.243074, 0.848606, 0.031056, 0.016114, 0, 0.753203, 0.005305, 0.323729, 0.558908, 0.519953, 0.971478, 0.854251, 0.277126, 0.596591], [0.82131, 0.324698, 0.902866, 0.924473, 0.594541, 0.084472, 0.160846, 0, 0.632213, 0.348873, 0.165484, 0.09324, 0.371059, 0.537547, 0.528583, 0.529791], [0.560269, 0.991019, 0.662848, 0.055497, 0.604555, 0.761234, 0.927975, 0.681397, 0, 0.937435, 0.995763, 0.961821, 0.536004, 0.878327, 0.544753, 0.484197], [0.214583, 0.204572, 0.212505, 0.294663, 0.73083, 0.575734, 0.407319, 0.830048, 0.169528, 0, 0.18239, 0.990231, 0.045611, 0.460752, 0.61341, 0.244689], [0.019854, 0.004978, 0.983362, 0.477031, 0.090294, 0.388158, 0.881925, 0.574577, 0.545962, 0.923646, 0, 0.744088, 0.708845, 0.420422, 0.661215, 0.834131], [0.913741, 0.532637, 0.576344, 0.079886, 0.511114, 0.030612, 0.334418, 0.240501, 0.018603, 0.75541, 0.416592, 0, 0.291677, 0.39406, 0.758504, 0.9341], [0.523283, 0.478551, 0.511031, 0.464632, 0.734692, 0.524231, 0.402088, 0.113314, 0.975508, 0.627774, 0.262107, 0.351943, 0, 0.199385, 0.633934, 0.692104], [0.580111, 0.951219, 0.735941, 0.070235, 0.378422, 0.989717, 0.691887, 0.248911, 0.869103, 0.201728, 0.642451, 0.356489, 0.008098, 0, 0.793594, 0.439301], [0.123061, 0.339479, 0.807316, 0.266945, 0.470969, 0.361545, 0.372579, 0.08285, 0.623187, 0.890137, 0.656247, 0.329249, 0.600126, 0.600481, 0, 0.552243], [0.561742, 0.593141, 0.22754, 0.766892, 0.181059, 0.460407, 0.07142, 0.165018, 0.007999, 0.602675, 0.61107, 0.644772, 0.115769, 0.941212, 0.741412, 0]]}