{"v_num": 16, "mat": [[0, 0.240239, 0.304278, 0.227024, 0.185064, 0.970228, 0.087392, 0.409014, 0.510351, 0.137347, 0.37581, 0.818912, 0.69521, 0.483701, 0.981238, 0.723081], [0.828105, 0, 0.353899, 0.467234, 0.083321, 0.795595, 0.186103, 0.106175, 0.153486, 0.381852, 0.3923, 0.654287, 0.697603, 0.156958, 0.699142, 0.243977], [0.495691, 0.733342, 0, 0.224549, 0.176251, 0.557464, 0.262156, 0.501132, 0.643229, 0.378862, 0.05823, 0.75666, 0.541686, 0.430132, 0.300691, 0.682958], [0.308531, 0.323414, 0.636522, 0, 0.779305, 0.94586, 0.311508, 0.81627, 0.56305, 0.548911, 0.475488, 0.712369, 0.776509, 0.292251, 0.764252, 0.080584], [0.154357, 0.317515, 0.091156, 0.11235, 0, 0.117522, 0.999064, 0.664668, 0.012355, 0.589759, 0.053452, 0.173911, 0.128676, 0.811887, 0.313873, 0.39455], [0.776093, 0.147787, 0.220452, 0.992656, 0.582454, 0, 0.786376, 0.042016, 0.100534, 0.888595, 0.308698, 0.78559, 0.618906, 0.236943, 0.461272, 0.143816], [0.281447, 0.711826, 0.05993, 0.044085, 0.062547, 0.374669, 0, 0.31028, 0.32212, 0.828922, 0.032064, 0.857841, 0.225466, 0.283638, 0.326128, 0.52324], [0.253677, 0.102381, 0.378581, 0.388453, 0.580545, 0.100948, 0.058022, 0, 0.043809, 0.115376, 0.954582, 0.027141, 0.890314, 0.752035, 0.882443, 0.434434], [0.438964, 0.050305, 0.357781, 0.077051, 0.902846, 0.377451, 0.475741, 0.295554, 0, 0.525798, 0.857625, 0.758955, 0.741009, 0.921442, 0.442673, 0.6267], [0.833025, 0.47585, 0.536506, 0.520564, 0.983657, 0.533258, 0.265258, 0.316897, 0.268637, 0, 0.534917, 0.37341, 0.999877, 0.715216, 0.717937, 0.632291], [0.033008, 0.038282, 0.584823, 0.377449, 0.855613, 0.143458, 0.064209, 0.005693, 0.108909, 0.316193, 0, 0.974237, 0.562282, 0.857224, 0.422346, 0.465229], [0.838384, 0.419493, 0.729568, 0.83852, 0.303977, 0.488243, 0.167899, 0.162071, 0.250482, 0.36809, 0.514525, 0, 0.494432, 0.181188, 0.08582, 0.707619], [0.04518, 0.271052, 0.417193, 0.380689, 0.337649, 0.430515, 0.995279, 0.734015, 0.90668, 0.119421, 0.916493, 0.438586, 0, 0.870542, 0.454241, 0.057645], [0.288221, 0.402961, 0.396499, 0.844963, 0.401384, 0.285833, 0.229058, 0.378154, 0.316023, 0.756311, 0.12049, 0.133506, 0.298415, 0, 0.175577, 0.618721], [0.92924, 0.940254, 0.319693, 0.604376, 0.435324, 0.760037, 0.030473, 0.607093, 0.447163, 0.007754, 0.656238, 0.394761, 0.175861, 0.173261, 0, 0.252988], [0.133005, 0.629142, 0.362111, 0.298759, 0.514479, 0.479839, 0.812394, 0.99065, 0.889851, 0.849399, 0.00744, 0.939169, 0.45297, 0.819793, 0.547963, 0]]}