{"v_num": 16, "mat": [[0, 0.912324, 0.094983, 0.297991, 0.963226, 0.512881, 0.706291, 0.007333, 0.537328, 0.028486, 0.513249, 0.736972, 0.629534, 0.319494, 0.003495, 0.668828], [0.081684, 0, 0.323219, 0.874019, 0.181748, 0.977688, 0.39574, 0.918723, 0.292859, 0.972569, 0.146736, 0.095947, 0.603899, 0.762659, 0.273626, 0.64599], [0.691761, 0.181126, 0, 0.895005, 0.579155, 0.732595, 0.812524, 0.416613, 0.974294, 0.656313, 0.74197, 0.046319, 0.946137, 0.030146, 0.998924, 0.125103], [0.295514, 0.667105, 0.148606, 0, 0.839054, 0.600814, 0.636534, 0.651118, 0.780168, 0.440276, 0.112243, 0.879617, 0.285973, 0.601979, 0.355056, 0.20532], [0.838684, 0.738323, 0.351647, 0.056642, 0, 0.411909, 0.174462, 0.938335, 0.45083, 0.517792, 0.324451, 0.338659, 0.44254, 0.12853, 0.047902, 0.476415], [0.868008, 0.907382, 0.695213, 0.391964, 0.615012, 0, 0.841746, 0.423555, 0.365884, 0.75067, 0.612161, 0.20245, 0.362047, 0.483549, 0.960622, 0.807051], [0.554978, 0.023091, 0.219863, 0.35606, 0.192564, 0.50074, 0, 0.339816, 0.483419, 0.097382, 0.145767, 0.037098, 0.15778, 0.447971, 0.620379, 0.631572], [0.336334, 0.826015, 0.838646, 0.971375, 0.8243, 0.04255, 0.974, 0, 0.378139, 0.315029, 0.691215, 0.199925, 0.685873, 0.082379, 0.006072, 0.991001], [0.717889, 0.069338, 0.845143, 0.478796, 0.357554, 0.31861, 0.209111, 0.831804, 0, 0.701123, 0.564987, 0.168024, 0.138501, 0.131799, 0.630048, 0.105208], [0.776647, 0.707608, 0.784096, 0.547759, 0.349622, 0.817067, 0.399378, 0.201239, 0.093668, 0, 0.884623, 0.262087, 0.502908, 0.394082, 0.665772, 0.51479], [0.641107, 0.110986, 0.468547, 0.24969, 0.549113, 0.425473, 0.384014, 0.820801, 0.389389, 0.127023, 0, 0.591472, 0.111889, 0.305584, 0.679166, 0.892971], [0.598594, 0.024088, 0.927608, 0.20066, 0.887171, 0.738547, 0.48907, 0.120477, 0.655711, 0.927242, 0.337171, 0, 0.955848, 0.093772, 0.165879, 0.661292], [0.523621, 0.262486, 0.554356, 0.632222, 0.624833, 0.402441, 0.53737, 0.483653, 0.710473, 0.354377, 0.405116, 0.916426, 0, 0.561886, 0.979632, 0.241708], [0.169592, 0.433298, 0.089693, 0.006337, 0.807168, 0.833223, 0.497121, 0.428063, 0.477238, 0.73637, 0.338829, 0.729619, 0.140269, 0, 0.682058, 0.837468], [0.373587, 0.584427, 0.809219, 0.240638, 0.481919, 0.3242, 0.540373, 0.322704, 0.569804, 0.378093, 0.796209, 0.233852, 0.254136, 0.282367, 0, 0.02163], [0.661333, 0.817889, 0.283256, 0.833574, 0.415194, 0.31432, 0.911025, 0.024079, 0.719642, 0.074067, 0.095677, 0.995846, 0.07297, 0.387856, 0.796674, 0]]}