{"v_num": 16, "mat": [[0, 0.7434, 0.260993, 0.751456, 0.375249, 0.041769, 0.749, 0.603256, 0.176274, 0.436028, 0.902307, 0.503978, 0.297777, 0.077178, 0.186366, 0.066859], [0.031157, 0, 0.204925, 0.793376, 0.063952, 0.810086, 0.32419, 0.703573, 0.019332, 0.519659, 0.884358, 0.68088, 0.133459, 0.144819, 0.256914, 0.16587], [0.093378, 0.04696, 0, 0.148312, 0.436628, 0.869945, 0.992033, 0.481858, 0.026062, 0.917234, 0.429579, 0.283224, 0.957758, 0.656929, 0.859768, 0.216888], [0.188745, 0.191509, 0.873403, 0, 0.707692, 0.721664, 0.180793, 0.508321, 0.762549, 0.727895, 0.81673, 0.753941, 0.205608, 0.645457, 0.363227, 0.55152], [0.199019, 0.6776, 0.500512, 0.789815, 0, 0.002384, 0.370367, 0.165728, 0.721481, 0.727813, 0.287922, 0.403034, 0.174705, 0.905851, 0.507536, 0.300422], [0.504072, 0.874882, 0.229473, 0.304832, 0.561031, 0, 0.81522, 0.096244, 0.93379, 0.976937, 0.807756, 0.402005, 0.484801, 0.3298, 0.898515, 0.579815], [0.532453, 0.964118, 0.000315, 0.230789, 0.788773, 0.933137, 0, 0.105495, 0.512252, 0.494693, 0.075058, 0.574631, 0.534079, 0.477022, 0.860555, 0.711712], [0.566148, 0.533972, 0.714511, 0.554391, 0.338097, 0.657326, 0.990164, 0, 0.875066, 0.049369, 0.827011, 0.691836, 0.363118, 0.686467, 0.986884, 0.391407], [0.21343, 0.373224, 0.090338, 0.879375, 0.591744, 0.527455, 0.674915, 0.655613, 0, 0.172066, 0.324835, 0.276836, 0.759257, 0.10408, 0.449097, 0.126441], [0.792754, 0.234327, 0.888865, 0.676705, 0.392545, 0.717839, 0.993156, 0.85625, 0.481095, 0, 0.512391, 0.219839, 0.473718, 0.464399, 0.153782, 0.484844], [0.070212, 0.286241, 0.600193, 0.376391, 0.073433, 0.414966, 0.279381, 0.228776, 0.409476, 0.727545, 0, 0.746814, 0.397897, 0.692597, 0.428198, 0.778983], [0.768436, 0.367823, 0.448234, 0.594898, 0.665265, 0.070873, 0.792746, 0.078192, 0.443023, 0.067039, 0.779097, 0, 0.292894, 0.844077, 0.838163, 0.119304], [0.999259, 0.084205, 0.440519, 0.053119, 0.837735, 0.549466, 0.37605, 0.638377, 0.913338, 0.180012, 0.784304, 0.551686, 0, 0.325809, 0.154579, 0.916372], [0.189728, 0.353263, 0.249161, 0.786053, 0.45516, 0.716851, 0.403689, 0.557156, 0.599091, 0.796856, 0.861944, 0.141446, 0.576756, 0, 0.810645, 0.024839], [0.633246, 0.188136, 0.710242, 0.211445, 0.795012, 0.974473, 0.72567, 0.498544, 0.353122, 0.434438, 0.935382, 0.821532, 0.674087, 0.928321, 0, 0.852946], [0.7719, 0.141723, 0.082978, 0.870964, 0.551563, 0.522795, 0.253781, 0.582328, 0.945823, 0.99274, 0.949707, 0.927951, 0.005446, 0.523044, 0.187106, 0]]}