{"v_num": 16, "mat": [[0, 0.073615, 0.775922, 0.848426, 0.306645, 0.843448, 0.426575, 0.95234, 0.110256, 0.702291, 0.554025, 0.199498, 0.747588, 0.508908, 0.093951, 0.28011], [0.856101, 0, 0.748489, 0.828297, 0.964413, 0.303353, 0.057318, 0.306292, 0.094587, 0.995382, 0.788903, 0.548312, 0.725786, 0.381413, 0.85636, 0.646476], [0.647634, 0.692324, 0, 0.180347, 0.610541, 0.976614, 0.605354, 0.50564, 0.112598, 0.163606, 0.052657, 0.482803, 0.275364, 0.767231, 0.637602, 0.643796], [0.616392, 0.689172, 0.942439, 0, 0.424124, 0.892724, 0.820066, 0.369406, 0.056769, 0.552475, 0.811793, 0.620957, 0.69583, 0.452221, 0.841669, 0.535406], [0.827716, 0.385084, 0.803897, 0.741256, 0, 0.602661, 0.863256, 0.617878, 0.19929, 0.513988, 0.962436, 0.177649, 0.020627, 0.100246, 0.529457, 0.722863], [0.72107, 0.760654, 0.531838, 0.242192, 0.836384, 0, 0.119622, 0.297984, 0.917834, 0.677336, 0.609648, 0.352762, 0.714951, 0.289393, 0.083847, 0.309375], [0.872068, 0.170231, 0.556294, 0.734042, 0.748587, 0.069923, 0, 0.288609, 0.377549, 0.777449, 0.380483, 0.805892, 0.639998, 0.919577, 0.817009, 0.352192], [0.552202, 0.180036, 0.052609, 0.484521, 0.458247, 0.651893, 0.400509, 0, 0.34788, 0.214737, 0.986251, 0.23296, 0.19976, 0.95825, 0.934238, 0.621904], [0.150935, 0.084366, 0.259191, 0.826882, 0.185949, 0.125582, 0.768603, 0.526102, 0, 0.556445, 0.464384, 0.524896, 0.833883, 0.607324, 0.109239, 0.40908], [0.415141, 0.954673, 0.996678, 0.367616, 0.884423, 0.387958, 0.687187, 0.484796, 0.780612, 0, 0.365366, 0.537751, 0.166065, 0.484453, 0.066476, 0.39699], [0.518497, 0.625338, 0.249119, 0.562974, 0.949149, 0.893895, 0.708686, 0.121697, 0.853556, 0.165778, 0, 0.233713, 0.188133, 0.912036, 0.843941, 0.29621], [0.258649, 0.191042, 0.209659, 0.126267, 0.259773, 0.819858, 0.815297, 0.057639, 0.949048, 0.626075, 0.720994, 0, 0.7755, 0.939831, 0.548821, 0.014382], [0.67894, 0.79043, 0.43916, 0.631395, 0.412748, 0.694769, 0.843159, 0.443265, 0.855833, 0.697953, 0.21094, 0.29438, 0, 0.469316, 0.524881, 0.531654], [0.803544, 0.657976, 0.111687, 0.740687, 0.195681, 0.153532, 0.288444, 0.802281, 0.84634, 0.666393, 0.700468, 0.917959, 0.845637, 0, 0.261299, 0.764167], [0.578533, 0.741146, 0.734423, 0.821029, 0.156463, 0.159929, 0.719521, 0.051783, 0.648889, 0.832805, 0.486355, 0.3228, 0.351969, 0.651212, 0, 0.149351], [0.84446, 0.906338, 0.290668, 0.080624, 0.777518, 0.881282, 0.311929, 0.262529, 0.811106, 0.520919, 0.138334, 0.763575, 0.452787, 0.621746, 0.292915, 0]]}