{"v_num": 16, "mat": [[0, 0.14795, 0.194569, 0.410732, 0.962856, 0.510788, 0.94291, 0.65547, 0.433919, 0.060262, 0.816415, 0.949766, 0.390371, 0.446532, 0.230429, 0.891939], [0.394568, 0, 0.773064, 0.700318, 0.385761, 0.91284, 0.591185, 0.352929, 0.094664, 0.763916, 0.328454, 0.880795, 0.695688, 0.413556, 0.891158, 0.976173], [0.838297, 0.301473, 0, 0.688097, 0.583763, 0.466693, 0.416504, 0.473811, 0.577311, 0.110386, 0.172051, 0.636055, 0.795269, 0.32521, 0.625446, 0.480411], [0.961773, 0.119737, 0.525266, 0, 0.818959, 0.266089, 0.948368, 0.490935, 0.232111, 0.759466, 0.008404, 0.326604, 0.4646, 0.139237, 0.10512, 0.744435], [0.55184, 0.622145, 0.913681, 0.090313, 0, 0.186256, 0.073096, 0.114603, 0.904306, 0.301436, 0.580975, 0.836063, 0.28695, 0.176678, 0.442285, 0.071756], [0.554434, 0.057903, 0.873873, 0.502683, 0.113791, 0, 0.39647, 0.524203, 0.359242, 0.880868, 0.857688, 0.136321, 0.95332, 0.339417, 0.397316, 0.732469], [0.718598, 0.628256, 0.231167, 0.821576, 0.02578, 0.041925, 0, 0.201801, 0.957688, 0.597372, 0.908748, 0.406638, 0.999164, 0.371816, 0.262195, 0.497774], [0.372969, 0.872957, 0.151983, 0.078378, 0.918842, 0.332571, 0.859543, 0, 0.575344, 0.130198, 0.630372, 0.625716, 0.088435, 0.031545, 0.375007, 0.090907], [0.776231, 0.244544, 0.369824, 0.266594, 0.185276, 0.827237, 0.889935, 0.06692, 0, 0.312365, 0.300475, 0.702326, 0.725775, 0.806806, 0.151542, 0.259579], [0.159111, 0.71739, 0.568128, 0.723358, 0.645937, 0.900002, 0.724837, 0.668509, 0.07495, 0, 0.737689, 0.270873, 0.713575, 0.614159, 0.482639, 0.431009], [0.233028, 0.538049, 0.03159, 0.034985, 0.365377, 0.932675, 0.935192, 0.997779, 0.894303, 0.604122, 0, 0.034795, 0.541155, 0.996827, 0.091001, 0.524161], [0.401089, 0.339456, 0.159877, 0.976012, 0.296652, 0.617618, 0.976858, 0.810391, 0.402564, 0.95178, 0.879164, 0, 0.64377, 0.291524, 0.65885, 0.443893], [0.863456, 0.611838, 0.350422, 0.843208, 0.564512, 0.017363, 0.525505, 0.97112, 0.228604, 0.025607, 0.78129, 0.411751, 0, 0.691215, 0.437096, 0.167973], [0.933906, 0.476425, 0.987598, 0.565745, 0.089881, 0.324318, 0.056899, 0.231856, 0.197583, 0.666365, 0.366894, 0.052828, 0.842585, 0, 0.226298, 0.221067], [0.553398, 0.217048, 0.741661, 0.323634, 0.74275, 0.816216, 0.808661, 0.936547, 0.978088, 0.385496, 0.212399, 0.972637, 0.859321, 0.615149, 0, 0.203534], [0.46142, 0.520756, 0.182051, 0.071839, 0.088639, 0.394895, 0.083999, 0.64771, 0.267665, 0.17345, 0.341833, 0.130834, 0.206833, 0.0628, 0.814171, 0]]}