{"v_num": 16, "mat": [[0, 0.024632, 0.911894, 0.776712, 0.290712, 0.374367, 0.434678, 0.480365, 0.967355, 0.798456, 0.513084, 0.174151, 0.314277, 0.207766, 0.511456, 0.787954], [0.198925, 0, 0.758088, 0.486397, 0.076635, 0.263111, 0.238384, 0.163617, 0.612714, 0.523177, 0.906544, 0.354717, 0.614718, 0.004005, 0.472813, 0.722294], [0.707062, 0.453842, 0, 0.872418, 0.22943, 0.194037, 0.699498, 0.854826, 0.690744, 0.771493, 0.141026, 0.403577, 0.859094, 0.187025, 0.738217, 0.809988], [0.664314, 0.758042, 0.448962, 0, 0.17999, 0.945156, 0.945584, 0.295805, 0.659646, 0.956062, 0.059618, 0.69599, 0.742698, 0.581328, 0.733011, 0.401116], [0.719232, 0.418619, 0.25426, 0.292544, 0, 0.434917, 0.159436, 0.294284, 0.628989, 0.482137, 0.236861, 0.356066, 0.023425, 0.427999, 0.906208, 0.78729], [0.245547, 0.514355, 0.63068, 0.251344, 0.957186, 0, 0.750896, 0.544197, 0.871295, 0.098949, 0.417827, 0.201097, 0.33098, 0.897091, 0.597486, 0.28778], [0.211025, 0.139017, 0.973128, 0.292772, 0.240243, 0.359429, 0, 0.233256, 0.168331, 0.522288, 0.628565, 0.4506, 0.800921, 0.39603, 0.613131, 0.271486], [0.252417, 0.616103, 0.357693, 0.41138, 0.267917, 0.865195, 0.392274, 0, 0.122174, 0.897069, 0.818351, 0.199103, 0.418524, 0.547145, 0.154376, 0.195909], [0.161486, 0.645377, 0.046078, 0.724999, 0.048989, 0.204018, 0.801522, 0.88711, 0, 0.46569, 0.992343, 0.984546, 0.65893, 0.772763, 0.412275, 0.220428], [0.48614, 0.964423, 0.526277, 0.78026, 0.438956, 0.915646, 0.923385, 0.967194, 0.474931, 0, 0.799859, 0.097936, 0.28783, 0.284388, 0.709424, 0.723914], [0.878812, 0.225246, 0.783015, 0.842351, 0.67369, 0.999653, 0.532979, 0.563849, 0.827308, 0.919822, 0, 0.906283, 0.565185, 0.207881, 0.818605, 0.673605], [0.98236, 0.695119, 0.271494, 0.348437, 0.056079, 0.676962, 0.276895, 0.802986, 0.189739, 0.6133, 0.221554, 0, 0.102071, 0.230576, 0.720399, 0.807915], [0.946199, 0.256172, 0.270618, 0.641596, 0.141207, 0.614273, 0.142721, 0.345787, 0.934154, 0.833925, 0.161893, 0.343476, 0, 0.655255, 0.087793, 0.188596], [0.9507, 0.046031, 0.9324, 0.894306, 0.00657, 0.998615, 0.643593, 0.846623, 0.346226, 0.821115, 0.580255, 0.684348, 0.983362, 0, 0.323372, 0.999971], [0.139792, 0.029228, 0.876177, 0.648869, 0.823559, 0.440301, 0.026553, 0.512638, 0.40728, 0.44758, 0.607276, 0.283535, 0.449579, 0.737523, 0, 0.190532], [0.213058, 0.305348, 0.567053, 0.395812, 0.837899, 0.993839, 0.59303, 0.598022, 0.80297, 0.849407, 0.832235, 0.454079, 0.131396, 0.355031, 0.337368, 0]]}