{"v_num": 16, "mat": [[0, 0.07277, 0.627621, 0.216941, 0.528965, 0.736058, 0.244924, 0.265016, 0.934522, 0.358125, 0.936639, 0.568111, 0.53954, 0.945172, 0.794802, 0.98319], [0.994261, 0, 0.450905, 0.709871, 0.603322, 0.701854, 0.033621, 0.191036, 0.184713, 0.181956, 0.077632, 0.313372, 0.715298, 0.74801, 0.400642, 0.973379], [0.675675, 0.765434, 0, 0.370629, 0.55543, 0.577428, 0.60073, 0.574285, 0.140707, 0.871062, 0.041584, 0.44044, 0.864189, 0.440992, 0.001785, 0.491709], [0.073559, 0.899271, 0.722632, 0, 0.443957, 0.491202, 0.887644, 0.76675, 0.268512, 0.266061, 0.530216, 0.385091, 0.057178, 0.113885, 0.890224, 0.294268], [0.941327, 0.658904, 0.128891, 0.17694, 0, 0.024654, 0.844105, 0.460782, 0.133275, 0.28492, 0.033451, 0.562451, 0.852036, 0.713629, 0.622128, 0.555308], [0.758911, 0.474363, 0.112304, 0.248184, 0.198323, 0, 0.276033, 0.293415, 0.207785, 0.770915, 0.696091, 0.102182, 0.528152, 0.057431, 0.579971, 0.135949], [0.574923, 0.365283, 0.98244, 0.889243, 0.574854, 0.948833, 0, 0.086728, 0.616391, 0.506856, 0.676984, 0.551116, 0.330537, 0.008472, 0.682417, 0.084209], [0.171933, 0.110666, 0.587711, 0.071701, 0.973635, 0.029305, 0.242034, 0, 0.785926, 0.67415, 0.11095, 0.024053, 0.960563, 0.367854, 0.040097, 0.429278], [0.881507, 0.355167, 0.096631, 0.495116, 0.605295, 0.383955, 0.693317, 0.712903, 0, 0.735027, 0.213785, 0.564525, 0.084948, 0.27942, 0.558394, 0.316995], [0.849572, 0.063522, 0.371425, 0.182659, 0.531112, 0.744789, 0.419622, 0.733462, 0.066549, 0, 0.653906, 0.52998, 0.045752, 0.311345, 0.578359, 0.955418], [0.751293, 0.510336, 0.993715, 0.460694, 0.555628, 0.987225, 0.979339, 0.813399, 0.316023, 0.045051, 0, 0.271448, 0.636127, 0.37885, 0.738861, 0.371456], [0.530201, 0.604591, 0.738356, 0.927431, 0.511876, 0.929667, 0.412078, 0.221559, 0.38276, 0.544924, 0.193885, 0, 0.963272, 0.099551, 0.591146, 0.111431], [0.308893, 0.57142, 0.81457, 0.834725, 0.132415, 0.507144, 0.589285, 0.156087, 0.195258, 0.999309, 0.74805, 0.495774, 0, 0.421774, 0.472081, 0.636934], [0.273783, 0.804192, 0.473338, 0.996756, 0.207162, 0.14606, 0.679908, 0.960587, 0.139461, 0.910531, 0.396531, 0.391402, 0.905195, 0, 0.025709, 0.303098], [0.241245, 0.47941, 0.734001, 0.958955, 0.560022, 0.060463, 0.3013, 0.248559, 0.485566, 0.355343, 0.305455, 0.891887, 0.089576, 0.910411, 0, 0.256441], [0.025987, 0.178483, 0.16516, 0.51179, 0.750954, 0.895301, 0.646262, 0.105947, 0.048156, 0.266393, 0.32978, 0.354314, 0.19792, 0.06149, 0.237456, 0]]}