{"v_num": 16, "mat": [[0, 0.620373, 0.046276, 0.409274, 0.42712, 0.685026, 0.757538, 0.835214, 0.614873, 0.601684, 0.638112, 0.074601, 0.19612, 0.058761, 0.404748, 0.604339], [0.351986, 0, 0.725577, 0.96708, 0.762954, 0.301967, 0.534727, 0.601141, 0.457704, 0.067245, 0.128987, 0.740953, 0.339562, 0.194503, 0.762727, 0.303363], [0.153003, 0.5624, 0, 0.004544, 0.571237, 0.629543, 0.114794, 0.301031, 0.340516, 0.768984, 0.724231, 0.833917, 0.210709, 0.937022, 0.264504, 0.094655], [0.879258, 0.699392, 0.933177, 0, 0.456511, 0.153636, 0.940063, 0.73513, 0.642048, 0.429645, 0.809941, 0.206826, 0.939982, 0.629281, 0.329653, 0.807249], [0.331885, 0.17818, 0.140839, 0.571393, 0, 0.94821, 0.974431, 0.461532, 0.243305, 0.052612, 0.266521, 0.073325, 0.717854, 0.220217, 0.526406, 0.262968], [0.082051, 0.127788, 0.147311, 0.74961, 0.071987, 0, 0.749291, 0.571066, 0.413787, 0.787717, 0.781073, 0.550786, 0.125938, 0.966589, 0.64705, 0.231091], [0.524011, 0.817617, 0.890755, 0.457549, 0.002661, 0.584455, 0, 0.815954, 0.69333, 0.283105, 0.321643, 0.233166, 0.774113, 0.242559, 0.493949, 0.166223], [0.395698, 0.541173, 0.268125, 0.675337, 0.443881, 0.057543, 0.909201, 0, 0.061131, 0.641548, 0.772815, 0.733561, 0.194007, 0.001304, 0.555891, 0.603962], [0.544774, 0.381444, 0.538317, 0.831954, 0.470228, 0.408684, 0.768671, 0.723222, 0, 0.466744, 0.815331, 0.613464, 0.612194, 0.549315, 0.510666, 0.281235], [0.433298, 0.258511, 0.348599, 0.255912, 0.907773, 0.970395, 0.798036, 0.821613, 0.256988, 0, 0.176061, 0.600758, 0.985932, 0.633661, 0.942637, 0.562117], [0.981613, 0.314361, 0.886271, 0.164993, 0.255345, 0.90503, 0.559455, 0.28301, 0.511922, 0.37981, 0, 0.400641, 0.324349, 0.971763, 0.125395, 0.085067], [0.761838, 0.028808, 0.623873, 0.620993, 0.320645, 0.381239, 0.001626, 0.840913, 0.611029, 0.700175, 0.994802, 0, 0.086202, 0.723583, 0.528825, 0.184755], [0.799238, 0.434701, 0.375601, 0.439672, 0.393965, 0.038318, 0.389874, 0.890896, 0.744547, 0.188737, 0.247347, 0.407764, 0, 0.984601, 0.771196, 0.578081], [0.619427, 0.192919, 0.544639, 0.49749, 0.162604, 0.383938, 0.233078, 0.961697, 0.514424, 0.331943, 0.994922, 0.059259, 0.980373, 0, 0.972335, 0.544864], [0.507235, 0.413483, 0.219967, 0.178848, 0.502018, 0.906921, 0.065083, 0.205155, 0.721395, 0.740133, 0.278503, 0.967504, 0.528687, 0.454612, 0, 0.306151], [0.120581, 0.754674, 0.592194, 0.577677, 0.795763, 0.878605, 0.029427, 0.032022, 0.747911, 0.713936, 0.825837, 0.365967, 0.026712, 0.894297, 0.115671, 0]]}