{"v_num": 16, "mat": [[0, 0.783013, 0.632334, 0.5594, 0.665208, 0.883385, 0.995165, 0.228752, 0.877189, 0.106101, 0.592502, 0.370339, 0.134829, 0.323971, 0.790824, 0.830004], [0.871339, 0, 0.17187, 0.434515, 0.366809, 0.911993, 0.249715, 0.735771, 0.453505, 0.604747, 0.635023, 0.118381, 0.798006, 0.307302, 0.090067, 0.488504], [0.204103, 0.992833, 0, 0.606093, 0.264016, 0.282597, 0.060318, 0.863685, 0.448686, 0.294006, 0.272446, 0.917924, 0.999963, 0.185878, 0.859545, 0.166394], [0.838564, 0.963653, 0.848637, 0, 0.507539, 0.728035, 0.925646, 0.260631, 0.811593, 0.460282, 0.587407, 0.061806, 0.718515, 0.075866, 0.956952, 0.352101], [0.869026, 0.047586, 0.60094, 0.631629, 0, 0.663989, 0.978661, 0.656431, 0.956978, 0.455491, 0.153638, 0.156596, 0.141104, 0.135286, 0.583452, 0.382913], [0.056654, 0.063054, 0.307002, 0.736802, 0.854626, 0, 0.694312, 0.345716, 0.474174, 0.040931, 0.713224, 0.919771, 0.156926, 0.857642, 0.148523, 0.262756], [0.259011, 0.280778, 0.161081, 0.291454, 0.274774, 0.831862, 0, 0.845981, 0.298689, 0.235781, 0.124476, 0.82955, 0.953631, 0.827844, 0.85304, 0.968748], [0.145709, 0.26293, 0.212583, 0.755698, 0.760078, 0.642407, 0.933236, 0, 0.260358, 0.13756, 0.842588, 0.409574, 0.073572, 0.695182, 0.098201, 0.286573], [0.470873, 0.19338, 0.891465, 0.691194, 0.271248, 0.959124, 0.429135, 0.012854, 0, 0.216675, 0.504647, 0.759811, 0.166755, 0.130165, 0.846551, 0.914511], [0.914719, 0.369706, 0.280951, 0.460607, 0.270059, 0.363378, 0.414908, 0.696945, 0.422925, 0, 0.05618, 0.854874, 0.260053, 0.348173, 0.256042, 0.669244], [0.047822, 0.001132, 0.097919, 0.375907, 0.049873, 0.576128, 0.000966, 0.01199, 0.723796, 0.151551, 0, 0.96897, 0.312161, 0.268472, 0.621046, 0.821625], [0.33927, 0.320707, 0.695241, 0.215639, 0.934601, 0.713636, 0.482098, 0.82176, 0.389697, 0.339917, 0.217076, 0, 0.915098, 0.297258, 0.867991, 0.327326], [0.105692, 0.324512, 0.64634, 0.654338, 0.59401, 0.809955, 0.413841, 0.992389, 0.243133, 0.993344, 0.902072, 0.779373, 0, 0.9991, 0.399691, 0.238742], [0.119196, 0.104063, 0.31771, 0.277867, 0.593696, 0.448971, 0.431877, 0.737056, 0.746819, 0.62128, 0.975869, 0.227831, 0.233237, 0, 0.234164, 0.381317], [0.560371, 0.710677, 0.156302, 0.327153, 0.645293, 0.524427, 0.140304, 0.754243, 0.78035, 0.204005, 0.464189, 0.997496, 0.428627, 0.288736, 0, 0.556328], [0.696549, 0.842572, 0.185548, 0.356563, 0.921151, 0.23066, 0.259739, 0.598202, 0.483601, 0.372822, 0.356944, 0.760736, 0.815865, 0.903224, 0.898857, 0]]}