{"v_num": 16, "mat": [[0, 0.509957, 0.001059, 0.577979, 0.90204, 0.382282, 0.793021, 0.758618, 0.714255, 0.143876, 0.902384, 0.685755, 0.179666, 0.526138, 0.876824, 0.17307], [0.530663, 0, 0.493308, 0.861411, 0.237352, 0.537073, 0.038108, 0.672131, 0.253713, 0.653057, 0.412742, 0.381644, 0.935776, 0.041414, 0.074895, 0.557413], [0.518472, 0.623883, 0, 0.033906, 0.403266, 0.677096, 0.267687, 0.254517, 0.736326, 0.051507, 0.456867, 0.730365, 0.27331, 0.272679, 0.570089, 0.547306], [0.832362, 0.40627, 0.370073, 0, 0.592419, 0.683661, 0.203145, 0.88708, 0.838142, 0.204795, 0.051585, 0.211026, 0.151311, 0.233441, 0.255976, 0.800605], [0.777144, 0.109278, 0.318299, 0.190932, 0, 0.059405, 0.358498, 0.457962, 0.466182, 0.268397, 0.287796, 0.123183, 0.256652, 0.933382, 0.44238, 0.458139], [0.48845, 0.118962, 0.678133, 0.978418, 0.557733, 0, 0.473621, 0.631285, 0.994618, 0.088573, 0.412628, 0.546315, 0.285988, 0.943615, 0.298553, 0.905456], [0.152439, 0.730213, 0.066877, 0.92412, 0.546189, 0.188097, 0, 0.517812, 0.321275, 0.872107, 0.783728, 0.878942, 0.783151, 0.246561, 0.229132, 0.414203], [0.495826, 0.030233, 0.286829, 0.996676, 0.600109, 0.627918, 0.764023, 0, 0.73307, 0.887791, 0.09531, 0.911554, 0.748235, 0.848932, 0.508507, 0.594179], [0.961629, 0.859498, 0.232422, 0.449853, 0.857927, 0.826671, 0.914752, 0.107919, 0, 0.159158, 0.473695, 0.488295, 0.262421, 0.121422, 0.852187, 0.315834], [0.569344, 0.552535, 0.365984, 0.481309, 0.961972, 0.05886, 0.548584, 0.364676, 0.355426, 0, 0.382952, 0.836081, 0.790127, 0.066831, 0.588493, 0.483576], [0.538836, 0.172299, 0.210472, 0.156098, 0.065979, 0.687854, 0.737342, 0.47493, 0.60208, 0.454245, 0, 0.353418, 0.82924, 0.933648, 0.060788, 0.143852], [0.493489, 0.695658, 0.136366, 0.289374, 0.363286, 0.023544, 0.665388, 0.394758, 0.459653, 0.729816, 0.62311, 0, 0.622243, 0.07101, 0.69903, 0.924931], [0.74285, 0.640547, 0.733512, 0.331693, 0.993059, 0.565871, 0.763352, 0.210561, 0.837683, 0.541486, 0.571972, 0.769038, 0, 0.278524, 0.817905, 0.68339], [0.418945, 0.697365, 0.985936, 0.808416, 0.194737, 0.245892, 0.655788, 0.466154, 0.885915, 0.557077, 0.208975, 0.905158, 0.305051, 0, 0.943162, 0.974014], [0.569883, 0.421855, 0.758244, 0.913094, 0.384745, 0.961973, 0.841783, 0.584569, 0.028781, 0.154764, 0.66591, 0.252632, 0.409197, 0.251748, 0, 0.388049], [0.943907, 0.472373, 0.919827, 0.031917, 0.660491, 0.016663, 0.408652, 0.521157, 0.19629, 0.46447, 0.2198, 0.712772, 0.360398, 0.616213, 0.989881, 0]]}