{"v_num": 16, "mat": [[0, 0.812031, 0.036874, 0.636098, 0.038633, 0.74441, 0.240045, 0.381432, 0.956923, 0.686198, 0.944869, 0.788101, 0.220521, 0.800169, 0.270876, 0.21018], [0.066483, 0, 0.369384, 0.452416, 0.17966, 0.644908, 0.941563, 0.787063, 0.008323, 0.397543, 0.614464, 0.321767, 0.617838, 0.850551, 0.710912, 0.548133], [0.36705, 0.587683, 0, 0.479903, 0.712766, 0.914376, 0.262913, 0.662788, 0.912858, 0.595933, 0.67371, 0.157289, 0.250379, 0.226997, 0.75176, 0.66704], [0.820999, 0.800047, 0.802712, 0, 0.709594, 0.184221, 0.433542, 0.463381, 0.206186, 0.907081, 0.35941, 0.653073, 0.800217, 0.320277, 0.841608, 0.611034], [0.943907, 0.137543, 0.757122, 0.643584, 0, 0.772656, 0.149585, 0.241043, 0.313455, 0.393333, 0.496048, 0.564159, 0.091451, 0.911008, 0.001871, 0.25452], [0.488719, 0.794706, 0.772667, 0.30011, 0.833507, 0, 0.736324, 0.964977, 0.534678, 0.337108, 0.613901, 0.669827, 0.474094, 0.28938, 0.817502, 0.720289], [0.112264, 0.280365, 0.687556, 0.67617, 0.583138, 0.639978, 0, 0.622692, 0.630013, 0.802642, 0.882355, 0.933061, 0.568841, 0.190315, 0.643764, 0.231322], [0.974275, 0.885152, 0.692858, 0.106162, 0.944183, 0.633644, 0.221909, 0, 0.085484, 0.642285, 0.079806, 0.796051, 0.784322, 0.772713, 0.513869, 0.400237], [0.163346, 0.892707, 0.916379, 0.772742, 0.435871, 0.202848, 0.566292, 0.352355, 0, 0.807994, 0.129589, 0.67741, 0.40695, 0.058037, 0.425961, 0.031645], [0.642149, 0.243194, 0.254882, 0.248855, 0.305504, 0.701819, 0.875756, 0.521224, 0.298464, 0, 0.185487, 0.75554, 0.374778, 0.667815, 0.681789, 0.285943], [0.615383, 0.532113, 0.616349, 0.059424, 0.047922, 0.772863, 0.64334, 0.874199, 0.878489, 0.908926, 0, 0.311182, 0.546783, 0.230537, 0.440132, 0.281179], [0.044622, 0.47964, 0.757949, 0.422547, 0.440079, 0.591991, 0.252225, 0.412133, 0.186886, 0.027681, 0.89037, 0, 0.547727, 0.573466, 0.440059, 0.254396], [0.951846, 0.409097, 0.734692, 0.430266, 0.106986, 0.095603, 0.23112, 0.740982, 0.278006, 0.872788, 0.860018, 0.106843, 0, 0.509797, 0.001126, 0.289013], [0.168093, 0.079097, 0.91071, 0.255855, 0.201502, 0.596814, 0.429803, 0.537974, 0.553777, 0.245814, 0.81538, 0.751168, 0.825324, 0, 0.675012, 0.709428], [0.525692, 0.021608, 0.979892, 0.684876, 0.867379, 0.683802, 0.425534, 0.75749, 0.79038, 0.870639, 0.949906, 0.109942, 0.300838, 0.310486, 0, 0.8001], [0.482505, 0.757048, 0.112553, 0.403045, 0.481203, 0.82526, 0.958575, 0.057709, 0.283202, 0.222312, 0.870161, 0.928077, 0.227064, 0.045957, 0.607871, 0]]}