{"v_num": 16, "mat": [[0, 0.757753, 0.78755, 0.690954, 0.388954, 0.328153, 0.449275, 0.32634, 0.666017, 0.494904, 0.035337, 0.903386, 0.953972, 0.455529, 0.794132, 0.835417], [0.790494, 0, 0.383837, 0.412633, 0.713751, 0.66971, 0.802504, 0.057731, 0.345233, 0.876704, 0.320661, 0.071551, 0.273464, 0.158602, 0.346578, 0.65018], [0.590929, 0.023639, 0, 0.807375, 0.753042, 0.766101, 0.859207, 0.332311, 0.542892, 0.100745, 0.133337, 0.066807, 0.378621, 0.684019, 0.370251, 0.468463], [0.02003, 0.425395, 0.762899, 0, 0.339293, 0.161748, 0.580152, 0.544114, 0.584955, 0.721319, 0.220683, 0.54945, 0.259488, 0.823263, 0.289609, 0.326279], [0.800805, 0.295724, 0.467861, 0.652147, 0, 0.000404, 0.815604, 0.686955, 0.845003, 0.80442, 0.082432, 0.442789, 0.407564, 0.951834, 0.112371, 0.080801], [0.208511, 0.339594, 0.364339, 0.465994, 0.242387, 0, 0.053623, 0.295232, 0.597071, 0.121549, 0.931856, 0.478527, 0.891553, 0.411066, 0.027545, 0.844974], [0.42141, 0.824548, 0.674005, 0.738387, 0.814615, 0.581655, 0, 0.648359, 0.885583, 0.714762, 0.810042, 0.035849, 0.762906, 0.065929, 0.619343, 0.994622], [0.249046, 0.759246, 0.585428, 0.515393, 0.510776, 0.000878, 0.788001, 0, 0.944683, 0.943697, 0.909525, 0.913556, 0.920199, 0.181699, 0.034537, 0.156823], [0.034332, 0.644902, 0.269432, 0.406664, 0.514703, 0.647484, 0.728873, 0.692139, 0, 0.686007, 0.95002, 0.594485, 0.710267, 0.581638, 0.289754, 0.115079], [0.508549, 0.644065, 0.663994, 0.504765, 0.082847, 0.112005, 0.017982, 0.955553, 0.447155, 0, 0.422716, 0.956308, 0.833853, 0.073633, 0.086933, 0.229852], [0.69667, 0.745781, 0.12598, 0.305448, 0.682902, 0.739554, 0.076338, 0.306102, 0.674639, 0.558458, 0, 0.834659, 0.542716, 0.851899, 0.880832, 0.090347], [0.039191, 0.239146, 0.226349, 0.036936, 0.341521, 0.112995, 0.788305, 0.40055, 0.592733, 0.456125, 0.54677, 0, 0.234919, 0.209769, 0.141084, 0.642183], [0.94277, 0.944465, 0.250124, 0.256497, 0.037769, 0.532239, 0.249557, 0.658976, 0.44814, 0.803941, 0.634697, 0.974589, 0, 0.894853, 0.272667, 0.626231], [0.654896, 0.146913, 0.873011, 0.073253, 0.544817, 0.496271, 0.134717, 0.588529, 0.769808, 0.752457, 0.931971, 0.084214, 0.411805, 0, 0.148546, 0.435129], [0.037652, 0.984365, 0.861361, 0.822627, 0.949794, 0.02231, 0.602968, 0.189545, 0.814978, 0.2058, 0.9366, 0.968147, 0.164758, 0.478906, 0, 0.044311], [0.35601, 0.149759, 0.10768, 0.375101, 0.270481, 0.794188, 0.485791, 0.549051, 0.564262, 0.570545, 0.694617, 0.876368, 0.354792, 0.299741, 0.284565, 0]]}