{"v_num": 16, "mat": [[0, 0.800736, 0.525376, 0.509206, 0.9274, 0.953631, 0.185612, 0.227302, 0.600121, 0.659846, 0.827803, 0.915909, 0.142467, 0.598081, 0.005496, 0.207217], [0.480468, 0, 0.282036, 0.354333, 0.189937, 0.794077, 0.190568, 0.608487, 0.232211, 0.46263, 0.299978, 0.226076, 0.202123, 0.146564, 0.298181, 0.102694], [0.87301, 0.847908, 0, 0.340625, 0.39336, 0.234225, 0.44828, 0.209869, 0.738422, 0.825137, 0.003033, 0.11148, 0.081798, 0.660999, 0.11849, 0.232578], [0.658825, 0.006507, 0.460112, 0, 0.77964, 0.111636, 0.889146, 0.954039, 0.242123, 0.564451, 0.087311, 0.819575, 0.873, 0.308735, 0.819362, 0.203853], [0.588726, 0.030133, 0.335938, 0.03407, 0, 0.374704, 0.465354, 0.079139, 0.540259, 0.08624, 0.663247, 0.592452, 0.130691, 0.446613, 0.694586, 0.27196], [0.242437, 0.125891, 0.073952, 0.05983, 0.90348, 0, 0.807787, 0.804768, 0.486376, 0.948641, 0.45116, 0.240707, 0.109738, 0.990553, 0.31308, 0.566855], [0.108574, 0.309619, 0.261135, 0.985671, 0.646243, 0.422088, 0, 0.602561, 0.240564, 0.88629, 0.242585, 0.02121, 0.162679, 0.125947, 0.257255, 0.567973], [0.053562, 0.026182, 0.198977, 0.337251, 0.263798, 0.886705, 0.574653, 0, 0.331119, 0.283845, 0.864032, 0.988971, 0.94897, 0.250511, 0.739306, 0.07411], [0.235149, 0.202802, 0.541205, 0.719143, 0.374223, 0.377444, 0.920211, 0.997754, 0, 0.820337, 0.682918, 0.937875, 0.511903, 0.74107, 0.349941, 0.864264], [0.817511, 0.204959, 0.43518, 0.030456, 0.956112, 0.498342, 0.788072, 0.920528, 0.627134, 0, 0.792187, 0.930867, 0.543579, 0.12043, 0.760827, 0.199958], [0.53106, 0.801311, 0.82326, 0.770786, 0.615175, 0.755082, 0.794395, 0.919122, 0.380249, 0.76928, 0, 0.858432, 0.864998, 0.326822, 0.799967, 0.602372], [0.02219, 0.984205, 0.831709, 0.956175, 0.964526, 0.046438, 0.599962, 0.756468, 0.43307, 0.853966, 0.766339, 0, 0.620692, 0.73562, 0.955246, 0.510703], [0.959125, 0.588213, 0.766556, 0.028134, 0.128335, 0.43217, 0.877237, 0.865342, 0.605806, 0.386962, 0.665968, 0.702173, 0, 0.794703, 0.716482, 0.999614], [0.322646, 0.062699, 0.147368, 0.004721, 0.954521, 0.23616, 0.872847, 0.767569, 0.11017, 0.041703, 0.603814, 0.725734, 0.503759, 0, 0.734941, 0.470426], [0.097146, 0.807569, 0.245396, 0.77708, 0.185676, 0.526554, 0.530362, 0.74533, 0.996221, 0.627556, 0.447218, 0.046195, 0.598597, 0.383241, 0, 0.044343], [0.415324, 0.920391, 0.695365, 0.674504, 0.14424, 0.184438, 0.026553, 0.38786, 0.314408, 0.675912, 0.028737, 0.983644, 0.045316, 0.864878, 0.411409, 0]]}