{"v_num": 16, "mat": [[0, 0.921426, 0.019278, 0.369649, 0.605497, 0.360827, 0.387819, 0.261515, 0.390837, 0.307522, 0.332742, 0.177944, 0.600033, 0.318709, 0.54973, 0.608714], [0.459168, 0, 0.526792, 0.428705, 0.978318, 0.860736, 0.360553, 0.987237, 0.249958, 0.424924, 0.099025, 0.955154, 0.261827, 0.967714, 0.865296, 0.990635], [0.576282, 0.140726, 0, 0.55516, 0.544393, 0.983176, 0.009037, 0.189364, 0.764573, 0.9493, 0.018079, 0.083565, 0.297478, 0.308257, 0.779604, 0.631632], [0.275418, 0.493938, 0.372464, 0, 0.741695, 0.601064, 0.475637, 0.553181, 0.024064, 0.837107, 0.496082, 0.271672, 0.601977, 0.661944, 0.958509, 0.385451], [0.810506, 0.102268, 0.517301, 0.287427, 0, 0.368908, 0.400756, 0.524556, 0.058584, 0.510738, 0.625122, 0.409198, 0.931909, 0.861811, 0.183206, 0.917528], [0.200492, 0.361103, 0.195769, 0.780723, 0.171223, 0, 0.337502, 0.669708, 0.287918, 0.087685, 0.080914, 0.670846, 0.303102, 0.585793, 0.008927, 0.891715], [0.098608, 0.320364, 0.016004, 0.65875, 0.12932, 0.689285, 0, 0.801293, 0.038576, 0.168002, 0.107094, 0.042698, 0.444838, 0.5847, 0.346533, 0.474094], [0.515318, 0.461351, 0.156988, 0.891714, 0.393368, 0.516843, 0.663597, 0, 0.013299, 0.689494, 0.049674, 0.235175, 0.348297, 0.047527, 0.551235, 0.575467], [0.331052, 0.087305, 0.554042, 0.454644, 0.293986, 0.582257, 0.567865, 0.277459, 0, 0.019295, 0.655106, 0.559233, 0.947824, 0.900885, 0.883451, 0.861387], [0.232877, 0.647518, 0.372315, 0.056147, 0.942711, 0.25696, 0.948804, 0.554267, 0.220323, 0, 0.707848, 0.63467, 0.463079, 0.275939, 0.370716, 0.189424], [0.734327, 0.350266, 0.56644, 0.233528, 0.130723, 0.062765, 0.543645, 0.916508, 0.82232, 0.181173, 0, 0.320993, 0.613734, 0.895475, 0.199349, 0.069272], [0.068116, 0.350484, 0.280891, 0.255209, 0.855639, 0.503617, 0.423947, 0.616267, 0.654588, 0.190194, 0.535434, 0, 0.823609, 0.675347, 0.831392, 0.821792], [0.566787, 0.343234, 0.775082, 0.711694, 0.528913, 0.099412, 0.807381, 0.092741, 0.713708, 0.211861, 0.46553, 0.227959, 0, 0.110366, 0.97412, 0.686934], [0.857025, 0.865356, 0.826939, 0.764539, 0.397087, 0.288136, 0.753116, 0.329383, 0.710425, 0.650412, 0.995978, 0.537179, 0.039579, 0, 0.743076, 0.459739], [0.870376, 0.204821, 0.151724, 0.063336, 0.797119, 0.24591, 0.590898, 0.323417, 0.647279, 0.356881, 0.179178, 0.350262, 0.440104, 0.774986, 0, 0.227209], [0.920484, 0.272336, 0.466284, 0.525986, 0.571707, 0.115065, 0.864129, 0.145367, 0.580819, 0.432951, 0.157349, 0.507391, 0.782457, 0.811393, 0.483785, 0]]}