{"v_num": 16, "mat": [[0, 0.084224, 0.117619, 0.183461, 0.307991, 0.977944, 0.575725, 0.636985, 0.39147, 0.379924, 0.246272, 0.583322, 0.561673, 0.016829, 0.557617, 0.276058], [0.683675, 0, 0.42617, 0.882214, 0.440752, 0.440064, 0.069046, 0.077641, 0.071971, 0.543396, 0.635819, 0.533081, 0.007802, 0.415756, 0.505953, 0.643807], [0.524659, 0.784449, 0, 0.796485, 0.118134, 0.198108, 0.998207, 0.26523, 0.60253, 0.398436, 0.640758, 0.286299, 0.525156, 0.540344, 0.117473, 0.932503], [0.636095, 0.757085, 0.690994, 0, 0.435612, 0.076238, 0.473479, 0.490573, 0.781616, 0.690196, 0.570126, 0.595525, 0.412305, 0.574463, 0.915789, 0.156341], [0.556515, 0.779113, 0.323334, 0.390357, 0, 0.68938, 0.386374, 0.626997, 0.388395, 0.918835, 0.300693, 0.264643, 0.46504, 0.078005, 0.15237, 0.493646], [0.424565, 0.188698, 0.120691, 0.152958, 0.676551, 0, 0.660928, 0.975507, 0.928874, 0.957248, 0.243825, 0.987312, 0.839594, 0.892838, 0.760208, 0.954466], [0.676603, 0.596465, 0.691624, 0.574634, 0.820976, 0.688754, 0, 0.542948, 0.743531, 0.623882, 0.817136, 0.106372, 0.415459, 0.008082, 0.992433, 0.843885], [0.943186, 0.148971, 0.037994, 0.740076, 0.840872, 0.911864, 0.733395, 0, 0.74679, 0.40936, 0.477426, 0.542505, 0.873939, 0.636921, 0.596445, 0.441562], [0.517699, 0.423668, 0.420892, 0.602787, 0.212189, 0.750392, 0.717498, 0.232023, 0, 0.578384, 0.169454, 0.742422, 0.62963, 0.052179, 0.031056, 0.200749], [0.475093, 0.110498, 0.356703, 0.697188, 0.926901, 0.743735, 0.543252, 0.75554, 0.571934, 0, 0.301149, 0.554322, 0.14938, 0.332606, 0.978701, 0.542241], [0.249862, 0.594173, 0.911439, 0.38274, 0.194005, 0.072591, 0.15362, 0.475284, 0.081286, 0.453636, 0, 0.934784, 0.913735, 0.820644, 0.477075, 0.019006], [0.693023, 0.586946, 0.16964, 0.877853, 0.857481, 0.659624, 0.710164, 0.038658, 0.028355, 0.048326, 0.42259, 0, 0.324274, 0.100383, 0.023363, 0.108286], [0.882462, 0.656959, 0.024074, 0.928897, 0.011894, 0.562402, 0.451575, 0.839161, 0.652009, 0.939297, 0.924896, 0.020989, 0, 0.35385, 0.011919, 0.749096], [0.10034, 0.908201, 0.253174, 0.526781, 0.503296, 0.818384, 0.940662, 0.672988, 0.39927, 0.397839, 0.989207, 0.876321, 0.242642, 0, 0.420162, 0.8669], [0.427837, 0.889943, 0.253382, 0.824223, 0.370688, 0.505803, 0.266175, 0.317397, 0.489628, 0.402596, 0.255551, 0.653335, 0.674298, 0.826888, 0, 0.598978], [0.108071, 0.861524, 0.564593, 0.812996, 0.261575, 0.416692, 0.880632, 0.897937, 0.328068, 0.157867, 0.370159, 0.799666, 0.880936, 0.410387, 0.689052, 0]]}