{"v_num": 16, "mat": [[0, 0.733567, 0.075011, 0.29832, 0.893804, 0.759422, 0.244065, 0.943443, 0.568962, 0.158596, 0.784825, 0.603517, 0.679522, 0.821992, 0.30673, 0.331782], [0.150668, 0, 0.71081, 0.283057, 0.080186, 0.387186, 0.985147, 0.567567, 0.279812, 0.58129, 0.428896, 0.924303, 0.782814, 0.189534, 0.668435, 0.655237], [0.330654, 0.66997, 0, 0.235898, 0.539537, 0.014597, 0.909782, 0.012824, 0.659423, 0.942531, 0.456413, 0.514904, 0.62459, 0.365983, 0.407401, 0.946479], [0.89905, 0.363023, 0.832281, 0, 0.30602, 0.631287, 0.277482, 0.781108, 0.368792, 0.991696, 0.779616, 0.353327, 0.101468, 0.708847, 0.883156, 0.76715], [0.688327, 0.835719, 0.379184, 0.630355, 0, 0.663284, 0.83712, 0.395142, 0.854225, 0.151361, 0.498958, 0.694181, 0.78041, 0.006891, 0.35902, 0.929697], [0.740862, 0.734308, 0.811501, 0.66048, 0.346385, 0, 0.778254, 0.375078, 0.105041, 0.672528, 0.898344, 0.654613, 0.786143, 0.832683, 0.368973, 0.043828], [0.873343, 0.996174, 0.064729, 0.882175, 0.739076, 0.485641, 0, 0.725986, 0.312558, 0.652836, 0.819259, 0.285138, 0.978923, 0.757214, 0.907451, 0.360283], [0.310282, 0.832132, 0.658331, 0.421543, 0.638715, 0.678944, 0.092694, 0, 0.884619, 0.844372, 0.788072, 0.326169, 0.30964, 0.908692, 0.04867, 0.422922], [0.283695, 0.675602, 0.758147, 0.842341, 0.864188, 0.03019, 0.354837, 0.240478, 0, 0.152014, 0.59532, 0.542597, 0.869014, 0.9883, 0.414147, 0.535257], [0.381692, 0.068363, 0.578889, 0.981187, 0.130014, 0.512768, 0.799002, 0.465904, 0.464569, 0, 0.613025, 0.98632, 0.94208, 0.095142, 0.592338, 0.969146], [0.502752, 0.040806, 0.985017, 0.426648, 0.170971, 0.038655, 0.974223, 0.095728, 0.794462, 0.327186, 0, 0.258124, 0.63359, 0.629494, 0.625382, 0.564398], [0.545777, 0.162414, 0.159091, 0.704896, 0.491057, 0.575656, 0.830064, 0.585277, 0.670457, 0.95954, 0.967111, 0, 0.368535, 0.377281, 0.562519, 0.050553], [0.337849, 0.159619, 0.925052, 0.866541, 0.075331, 0.926904, 0.897619, 0.407338, 0.285494, 0.300978, 0.035658, 0.521681, 0, 0.569814, 0.535024, 0.439358], [0.424176, 0.776198, 0.111138, 0.178565, 0.227585, 0.624417, 0.623466, 0.863608, 0.410118, 0.53756, 0.335915, 0.117001, 0.839642, 0, 0.654692, 0.748434], [0.049162, 0.625823, 0.727341, 0.255303, 0.588324, 0.53917, 0.565092, 0.352017, 0.138296, 0.771404, 0.541321, 0.264528, 0.917694, 0.872364, 0, 0.971635], [0.30918, 0.463066, 0.144069, 0.050713, 0.945119, 0.127914, 0.872423, 0.565738, 0.759986, 0.598773, 0.18946, 0.687438, 0.323324, 0.545977, 0.187966, 0]]}