{"v_num": 16, "mat": [[0, 0.356005, 0.799722, 0.423607, 0.860679, 0.013263, 0.980529, 0.126291, 0.057103, 0.113109, 0.934293, 0.807305, 0.142062, 0.343574, 0.050832, 0.37413], [0.704658, 0, 0.756547, 0.685848, 0.955764, 0.840035, 0.117028, 0.919858, 0.390056, 0.288696, 0.931756, 0.311808, 0.786923, 0.788924, 0.948742, 0.063557], [0.699482, 0.590321, 0, 0.76625, 0.968877, 0.852912, 0.505311, 0.681601, 0.613665, 0.727167, 0.555736, 0.069827, 0.164284, 0.927734, 0.391221, 0.59348], [0.769615, 0.240155, 0.504506, 0, 0.70236, 0.930296, 0.256975, 0.790613, 0.910161, 0.418403, 0.185836, 0.150063, 0.932533, 0.571759, 0.500126, 0.344057], [0.981641, 0.53851, 0.286971, 0.051172, 0, 0.285311, 0.414255, 0.064423, 0.68824, 0.94672, 0.608614, 0.316137, 0.847596, 0.330288, 0.317201, 0.937537], [0.291985, 0.404873, 0.475057, 0.885672, 0.27898, 0, 0.358197, 0.583856, 0.709439, 0.726692, 0.910991, 0.912529, 0.00019, 0.699008, 0.070234, 0.555164], [0.191533, 0.129878, 0.533987, 0.249947, 0.325164, 0.640263, 0, 0.566271, 0.167213, 0.638015, 0.801431, 0.797066, 0.836156, 0.337685, 0.14592, 0.706862], [0.913921, 0.715827, 0.993472, 0.569138, 0.445765, 0.694924, 0.207022, 0, 0.213135, 0.81908, 0.939905, 0.146158, 0.4994, 0.432181, 0.922048, 0.423821], [0.532097, 0.359328, 0.863987, 0.234338, 0.807482, 0.33719, 0.09746, 0.387903, 0, 0.910711, 0.882683, 0.245533, 0.926766, 0.950097, 0.432807, 0.779526], [0.931887, 0.880164, 0.407073, 0.552386, 0.252644, 0.181637, 0.871431, 0.573689, 0.983902, 0, 0.963279, 0.608017, 0.692919, 0.395304, 0.120746, 0.219272], [0.143873, 0.896352, 0.612085, 0.809841, 0.712045, 0.394366, 0.147975, 0.709666, 0.078163, 0.829861, 0, 0.324525, 0.027469, 0.843565, 0.636152, 0.602389], [0.937367, 0.414757, 0.196666, 0.294571, 0.975947, 0.129358, 0.613663, 0.901936, 0.111307, 0.134618, 0.469572, 0, 0.333101, 0.212209, 0.203565, 0.063122], [0.880613, 0.134646, 0.419699, 0.8539, 0.921321, 0.23015, 0.680571, 0.402959, 0.778482, 0.060493, 0.875452, 0.227812, 0, 0.060763, 0.057585, 0.147032], [0.212456, 0.45185, 0.658559, 0.004481, 0.112958, 0.512385, 0.941703, 0.502113, 0.951003, 0.988859, 0.82046, 0.575719, 0.209174, 0, 0.468153, 0.948456], [0.926465, 0.676937, 0.406985, 0.849324, 0.16198, 0.11798, 0.657761, 0.195641, 0.016553, 0.592862, 0.479989, 0.406784, 0.613072, 0.144739, 0, 0.519864], [0.682676, 0.937644, 0.926026, 0.86081, 0.028647, 0.971131, 0.549348, 0.944413, 0.535827, 0.61923, 0.472933, 0.111213, 0.350982, 0.494548, 0.463315, 0]]}