{"v_num": 16, "mat": [[0, 0.887012, 0.89691, 0.991306, 0.348511, 0.398107, 0.786942, 0.728839, 0.534243, 0.156267, 0.057078, 0.42212, 0.155932, 0.2605, 0.365752, 0.630295], [0.968171, 0, 0.524972, 0.881018, 0.631895, 0.121083, 0.699403, 0.071412, 0.383571, 0.565948, 0.445184, 0.065665, 0.834486, 0.714611, 0.516114, 0.741228], [0.930576, 0.442428, 0, 0.943207, 0.118402, 0.025387, 0.615691, 0.899751, 0.113375, 0.787066, 0.748701, 0.838295, 0.151431, 0.225863, 0.500532, 0.781426], [0.106777, 0.785595, 0.0216, 0, 0.241749, 0.805199, 0.176995, 0.970707, 0.415272, 0.711368, 0.448101, 0.127032, 0.989427, 0.913419, 0.569301, 0.527202], [0.27435, 0.948744, 0.116828, 0.172542, 0, 0.588732, 0.573005, 0.834247, 0.403895, 0.94741, 0.880475, 0.472421, 0.981033, 0.859871, 0.685788, 0.782252], [0.225967, 0.110709, 0.418261, 0.37103, 0.568978, 0, 0.84066, 0.278378, 0.829117, 0.520724, 0.400369, 0.84639, 0.468782, 0.573197, 0.516505, 0.411789], [0.930356, 0.599799, 0.525637, 0.561351, 0.331748, 0.286444, 0, 0.195606, 0.465738, 0.411683, 0.425521, 0.71137, 0.293039, 0.817941, 0.289314, 0.03395], [0.024359, 0.295704, 0.934078, 0.216458, 0.709884, 0.922855, 0.49851, 0, 0.031636, 0.463363, 0.868825, 0.03903, 0.094531, 0.054166, 0.515232, 0.201052], [0.963904, 0.621684, 0.142604, 0.164768, 0.594927, 0.098481, 0.982135, 0.123185, 0, 0.770557, 0.036149, 0.620925, 0.518847, 0.568578, 0.290404, 0.100074], [0.614181, 0.6723, 0.885503, 0.368578, 0.819629, 0.788323, 0.006371, 0.221153, 0.59105, 0, 0.226531, 0.748049, 0.42403, 0.382268, 0.335829, 0.957054], [0.185792, 0.210492, 0.084947, 0.556753, 0.787636, 0.742774, 0.137486, 0.067964, 0.562151, 0.549689, 0, 0.356581, 0.25012, 0.719884, 0.266054, 0.816884], [0.578867, 0.777421, 0.172031, 0.217059, 0.595941, 0.278253, 0.298949, 0.699711, 0.870431, 0.562166, 0.152458, 0, 0.61491, 0.962305, 0.449651, 0.591204], [0.780009, 0.394577, 0.061811, 0.540432, 0.338838, 0.750188, 0.644621, 0.356978, 0.172832, 0.527067, 0.64247, 0.190978, 0, 0.543019, 0.511389, 0.704731], [0.256447, 0.336058, 0.090862, 0.865352, 0.578689, 0.362148, 0.13032, 0.747443, 0.790051, 0.434573, 0.275325, 0.217652, 0.722118, 0, 0.766687, 0.15111], [0.924526, 0.708048, 0.412053, 0.111433, 0.724183, 0.245416, 0.734542, 0.129935, 0.734733, 0.498804, 0.306972, 0.690028, 0.348565, 0.304279, 0, 0.999719], [0.926142, 0.541226, 0.332167, 0.011899, 0.194525, 0.357016, 0.594292, 0.196071, 0.703911, 0.00747, 0.025761, 0.181182, 0.442746, 0.097047, 0.277015, 0]]}