{"v_num": 16, "mat": [[0, 0.842767, 0.975285, 0.080279, 0.046272, 0.929871, 0.192961, 0.903954, 0.909862, 0.228722, 0.225014, 0.997129, 0.7635, 0.37245, 0.895334, 0.732802], [0.251355, 0, 0.405473, 0.978328, 0.173651, 0.524275, 0.638017, 0.568573, 0.432491, 0.056513, 0.246471, 0.950366, 0.96062, 0.918482, 0.999162, 0.526158], [0.330913, 0.711542, 0, 0.502147, 0.420776, 0.788912, 0.34997, 0.213591, 0.269606, 0.424514, 0.611962, 0.290988, 0.984975, 0.759818, 0.275558, 0.880725], [0.057217, 0.234372, 0.129212, 0, 0.943012, 0.715101, 0.153026, 0.958959, 0.744746, 0.667108, 0.046517, 0.931005, 0.179945, 0.245455, 0.303543, 0.654049], [0.773297, 0.69137, 0.588913, 0.195207, 0, 0.12824, 0.310323, 0.366288, 0.35873, 0.502998, 0.630984, 0.722933, 0.326816, 0.907373, 0.07272, 0.145257], [0.551401, 0.897833, 0.777488, 0.784752, 0.286634, 0, 0.029987, 0.081181, 0.134976, 0.352025, 0.773747, 0.804355, 0.314763, 0.296055, 0.404539, 0.656262], [0.451158, 0.19284, 0.16574, 0.513046, 0.293402, 0.447127, 0, 0.535322, 0.048169, 0.447476, 0.77926, 0.03158, 0.027389, 0.435116, 0.443341, 0.98386], [0.198236, 0.201757, 0.853833, 0.977906, 0.268698, 0.414647, 0.740291, 0, 0.100761, 0.056483, 0.749819, 0.475422, 0.97491, 0.276691, 0.402063, 0.692053], [0.734909, 0.415322, 0.249858, 0.091169, 0.991416, 0.175997, 0.676142, 0.623425, 0, 0.393715, 0.722917, 0.702263, 0.329233, 0.835855, 0.909514, 0.545392], [0.517741, 0.525975, 0.341706, 0.870371, 0.88632, 0.311607, 0.66062, 0.258463, 0.40641, 0, 0.104436, 0.578957, 0.646848, 0.121074, 0.242614, 0.591621], [0.323268, 0.107855, 0.521907, 0.814065, 0.602083, 0.395562, 0.274937, 0.019218, 0.742779, 0.093605, 0, 0.460774, 0.273998, 0.435648, 0.354644, 0.892659], [0.361713, 0.737963, 0.004217, 0.921327, 0.713863, 0.886468, 0.705217, 0.197918, 0.833466, 0.201183, 0.456897, 0, 0.276152, 0.912354, 0.762039, 0.67177], [0.195283, 0.976924, 0.162678, 0.832506, 0.88554, 0.126053, 0.88372, 0.609232, 0.114568, 0.528539, 0.056752, 0.543132, 0, 0.058207, 0.663256, 0.237648], [0.830693, 0.939843, 0.10621, 0.669473, 0.31052, 0.147364, 0.695413, 0.150038, 0.906474, 0.839339, 0.028167, 0.340679, 0.253443, 0, 0.8054, 0.746344], [0.589188, 0.29718, 0.790153, 0.529805, 0.82187, 0.11975, 0.913709, 0.568116, 0.929332, 0.937264, 0.61027, 0.499533, 0.057607, 0.973035, 0, 0.106649], [0.70936, 0.38622, 0.421824, 0.026741, 0.721048, 0.864183, 0.934658, 0.22669, 0.087012, 0.10219, 0.036106, 0.073396, 0.752866, 0.240415, 0.268302, 0]]}