{"v_num": 16, "mat": [[0, 0.013995, 0.849139, 0.681284, 0.148477, 0.820419, 0.511736, 0.997518, 0.564728, 0.919343, 0.342155, 0.34924, 0.516234, 0.301095, 0.005682, 0.248548], [0.384767, 0, 0.57788, 0.387774, 0.301017, 0.251947, 0.473722, 0.590058, 0.400717, 0.179957, 0.212514, 0.98073, 0.223852, 0.686845, 0.52482, 0.60995], [0.059603, 0.539592, 0, 0.308005, 0.804306, 0.06117, 0.334888, 0.855015, 0.78827, 0.230667, 0.187573, 0.661437, 0.340721, 0.960249, 0.835186, 0.914601], [0.601613, 0.371888, 0.542575, 0, 0.566611, 0.446712, 0.954123, 0.612177, 0.166469, 0.167262, 0.069869, 0.515518, 0.124196, 0.041997, 0.231011, 0.056836], [0.351529, 0.076104, 0.941058, 0.286345, 0, 0.177519, 0.027971, 0.447442, 0.770922, 0.439793, 0.885289, 0.659244, 0.508889, 0.085575, 0.338493, 0.254146], [0.464622, 0.028439, 0.144306, 0.037238, 0.685437, 0, 0.516749, 0.504802, 0.734885, 0.065, 0.850015, 0.585798, 0.975946, 0.772542, 0.564355, 0.839933], [0.783972, 0.58871, 0.439232, 0.491695, 0.486861, 0.497151, 0, 0.702768, 0.704547, 0.539416, 0.982947, 0.711869, 0.031392, 0.492451, 0.449466, 0.83675], [0.415295, 0.592831, 0.086078, 0.71926, 0.230369, 0.294597, 0.46295, 0, 0.540161, 0.089859, 0.859306, 0.55885, 0.686175, 0.407813, 0.457023, 0.993905], [0.212331, 0.401861, 0.607673, 0.701425, 0.462137, 0.858804, 0.46979, 0.213681, 0, 0.987436, 0.026224, 0.475069, 0.037878, 0.49866, 0.242695, 0.82778], [0.474822, 0.846324, 0.46756, 0.792537, 0.053602, 0.655017, 0.658779, 0.72764, 0.465385, 0, 0.551879, 0.567995, 0.091841, 0.313693, 0.933098, 0.018986], [0.331685, 0.403614, 0.861162, 0.557667, 0.548185, 0.114056, 0.71983, 0.22252, 0.656241, 0.699568, 0, 0.275289, 0.458295, 0.271999, 0.969169, 0.863287], [0.289297, 0.367194, 0.372102, 0.109798, 0.60651, 0.02911, 0.00753, 0.621059, 0.444207, 0.583117, 0.746982, 0, 0.246591, 0.679023, 0.020445, 0.905394], [0.667283, 0.875209, 0.014679, 0.863895, 0.287888, 0.26652, 0.219842, 0.119035, 0.695431, 0.234115, 0.484433, 0.87998, 0, 0.052553, 0.112428, 0.842231], [0.173691, 0.317975, 0.052174, 0.564437, 0.801482, 0.896929, 0.611425, 0.56004, 0.5717, 0.203725, 0.72973, 0.392544, 0.33413, 0, 0.661183, 0.814529], [0.251128, 0.641191, 0.284921, 0.805698, 0.939372, 0.489301, 0.574356, 0.697164, 0.90032, 0.786333, 0.405561, 0.481391, 0.404695, 0.312225, 0, 0.12102], [0.033868, 0.080982, 0.176652, 0.790036, 0.978686, 0.249662, 0.751899, 0.411768, 0.431038, 0.269638, 0.488567, 0.329185, 0.256064, 0.585148, 0.592492, 0]]}