{"v_num": 16, "mat": [[0, 0.592897, 0.802485, 0.512264, 0.068395, 0.371688, 0.643392, 0.187959, 0.974491, 0.780685, 0.745599, 0.371634, 0.310289, 0.582974, 0.122667, 0.362023], [0.013331, 0, 0.957178, 0.359581, 0.969546, 0.372985, 0.869436, 0.748916, 0.005935, 0.76016, 0.930235, 0.026927, 0.747327, 0.357457, 0.718651, 0.11789], [0.368782, 0.316453, 0, 0.853215, 0.074409, 0.062134, 0.833494, 0.089961, 0.054057, 0.070732, 0.889513, 0.217024, 0.088779, 0.066537, 0.985796, 0.873116], [0.484717, 0.267981, 0.305466, 0, 0.055399, 0.260866, 0.125507, 0.505393, 0.370643, 0.673638, 0.871864, 0.567881, 0.606794, 0.472916, 0.47842, 0.930917], [0.986815, 0.464675, 0.534981, 0.317125, 0, 0.889945, 0.16592, 0.548875, 0.23558, 0.712914, 0.887825, 0.841037, 0.925005, 0.555069, 0.716279, 0.984682], [0.716222, 0.776013, 0.781148, 0.229031, 0.203366, 0, 0.635806, 0.625321, 0.556589, 0.586472, 0.565107, 0.982665, 0.604836, 0.87837, 0.770753, 0.730146], [0.156882, 0.602199, 0.326814, 0.763992, 0.284464, 0.928902, 0, 0.106087, 0.353166, 0.141157, 0.431687, 0.789212, 0.049617, 0.815898, 0.324157, 0.453072], [0.272609, 0.870229, 0.623116, 0.476383, 0.006127, 0.6188, 0.230323, 0, 0.858434, 0.218526, 0.515292, 0.612965, 0.772201, 0.024103, 0.372219, 0.56708], [0.288092, 0.205964, 0.894417, 0.174023, 0.982689, 0.513916, 0.175576, 0.518843, 0, 0.032985, 0.750823, 0.189989, 0.672819, 0.772965, 0.253754, 0.121055], [0.158768, 0.237704, 0.75963, 0.313332, 0.553025, 0.222204, 0.700393, 0.538656, 0.891856, 0, 0.93382, 0.114795, 0.209246, 0.536101, 0.02321, 0.873415], [0.790255, 0.741454, 0.652121, 0.101313, 0.719205, 0.783974, 0.02423, 0.259705, 0.643948, 0.578631, 0, 0.299441, 0.154244, 0.724661, 0.073179, 0.913581], [0.119461, 0.465435, 0.529628, 0.204391, 0.255507, 0.056571, 0.43515, 0.219531, 0.896898, 0.121354, 0.990757, 0, 0.6628, 0.488565, 0.476912, 0.437598], [0.572418, 0.748949, 0.636356, 0.228187, 0.294642, 0.610386, 0.664416, 0.442547, 0.51672, 0.16766, 0.771398, 0.95265, 0, 0.688065, 0.335941, 0.727586], [0.423385, 0.635782, 0.050929, 0.161697, 0.381878, 0.464431, 0.659089, 0.143098, 0.959008, 0.777792, 0.725194, 0.076547, 0.162626, 0, 0.200613, 0.503253], [0.310418, 0.152269, 0.660353, 0.994127, 0.728268, 0.180008, 0.842807, 0.750822, 0.974836, 0.209176, 0.338909, 0.783927, 0.773986, 0.309801, 0, 0.924398], [0.164102, 0.669638, 0.583172, 0.074408, 0.252649, 0.063197, 0.741121, 0.057465, 0.691269, 0.075652, 0.204586, 0.023351, 0.052133, 0.949388, 0.262763, 0]]}