{"v_num": 16, "mat": [[0, 0.403214, 0.85381, 0.015622, 0.988615, 0.983283, 0.499738, 0.646255, 0.367872, 0.262344, 0.121799, 0.646489, 0.494545, 0.891227, 0.228924, 0.036061], [0.195646, 0, 0.846198, 0.75427, 0.007092, 0.767654, 0.075791, 0.862388, 0.929367, 0.472121, 0.387965, 0.23246, 0.382881, 0.07495, 0.835638, 0.010633], [0.311865, 0.992137, 0, 0.250799, 0.902963, 0.957556, 0.40541, 0.807254, 0.526905, 0.63452, 0.774162, 0.702212, 0.074155, 0.598523, 0.112072, 0.642791], [0.815507, 0.48947, 0.757349, 0, 0.875637, 0.317591, 0.849438, 0.157063, 0.919331, 0.266884, 0.024793, 0.714696, 0.935126, 0.292136, 0.28815, 0.549065], [0.175776, 0.389741, 0.34992, 0.144343, 0, 0.468455, 0.234273, 0.164067, 0.283956, 0.677192, 0.678248, 0.55499, 0.974752, 0.985645, 0.305494, 0.289183], [0.036617, 0.774962, 0.312646, 0.023018, 0.926178, 0, 0.571387, 0.014735, 0.824201, 0.70917, 0.6984, 0.061256, 0.746424, 0.993858, 0.944167, 0.190044], [0.810716, 0.840223, 0.027395, 0.169538, 0.990831, 0.777777, 0, 0.853263, 0.088287, 0.921965, 0.794039, 0.176259, 0.613469, 0.19453, 0.631502, 0.436954], [0.150462, 0.800608, 0.460955, 0.995125, 0.51979, 0.727644, 0.116539, 0, 0.174045, 0.385068, 0.12878, 0.047461, 0.943409, 0.064293, 0.440273, 0.369699], [0.321293, 0.319449, 0.959248, 0.639243, 0.007869, 0.060901, 0.534629, 0.393192, 0, 0.436492, 0.952585, 0.868201, 0.746128, 0.1727, 0.213504, 0.913925], [0.051421, 0.546659, 0.101868, 0.049744, 0.215886, 0.233353, 0.379122, 0.751191, 0.589248, 0, 0.477067, 0.375605, 0.881313, 0.54946, 0.728117, 0.014862], [0.200998, 0.1786, 0.614031, 0.292786, 0.955315, 0.245681, 0.372101, 0.437914, 0.003992, 0.97192, 0, 0.400877, 0.959083, 0.692318, 0.231894, 0.022589], [0.952754, 0.614689, 0.580789, 0.319828, 0.042016, 0.607375, 0.146563, 0.914384, 0.456988, 0.885602, 0.793009, 0, 0.805552, 0.061401, 0.144258, 0.263368], [0.367488, 0.936438, 0.505992, 0.257384, 0.545786, 0.185377, 0.556829, 0.499219, 0.070266, 0.799354, 0.708543, 0.257203, 0, 0.859656, 0.756929, 0.042838], [0.999346, 0.926714, 0.83988, 0.53908, 0.277001, 0.739215, 0.938277, 0.825255, 0.951177, 0.330441, 0.391641, 0.977838, 0.535192, 0, 0.318523, 0.68384], [0.004647, 0.950826, 0.699865, 0.567401, 0.038999, 0.316764, 0.398751, 0.677555, 0.964296, 0.225781, 0.438277, 0.933622, 0.805529, 0.360098, 0, 0.379673], [0.148189, 0.677736, 0.665709, 0.124034, 0.876998, 0.618162, 0.307719, 0.252336, 0.352415, 0.737685, 0.8289, 0.623287, 0.951737, 0.995178, 0.040109, 0]]}