{"v_num": 16, "mat": [[0, 0.181176, 0.887833, 0.952955, 0.198974, 0.921356, 0.592387, 0.742658, 0.872151, 0.195986, 0.610885, 0.485695, 0.810032, 0.186785, 0.695966, 0.289875], [0.473004, 0, 0.877905, 0.604086, 0.84946, 0.073289, 0.113115, 0.919416, 0.804663, 0.873762, 0.166753, 0.711877, 0.228519, 0.363276, 0.823512, 0.074332], [0.668291, 0.223728, 0, 0.950269, 0.489112, 0.058546, 0.307825, 0.070676, 0.87706, 0.016825, 0.488782, 0.6946, 0.559702, 0.760618, 0.91266, 0.634458], [0.845916, 0.173768, 0.314673, 0, 0.470221, 0.743317, 0.74073, 0.637391, 0.063588, 0.038512, 0.14367, 0.958856, 0.309685, 0.497193, 0.037389, 0.18383], [0.111697, 0.699157, 0.418943, 0.901531, 0, 0.776201, 0.53902, 0.858668, 0.312344, 0.00987, 0.839522, 0.009109, 0.747712, 0.05815, 0.881825, 0.309873], [0.851318, 0.51297, 0.206315, 0.859177, 0.029062, 0, 0.047018, 0.669505, 0.905323, 0.417605, 0.677704, 0.478556, 0.100149, 0.74297, 0.28436, 0.372776], [0.204713, 0.04596, 0.759313, 0.498739, 0.296877, 0.068975, 0, 0.454484, 0.312349, 0.000861, 0.547911, 0.452455, 0.738771, 0.492204, 0.202536, 0.435525], [0.854268, 0.83709, 0.770939, 0.113296, 0.654369, 0.923671, 0.061776, 0, 0.672585, 0.241523, 0.509391, 0.921604, 0.348187, 0.866687, 0.438012, 0.85314], [0.031525, 0.247292, 0.677426, 0.420821, 0.323324, 0.257086, 0.767323, 0.215607, 0, 0.141806, 0.695824, 0.358087, 0.122365, 0.020385, 0.852159, 0.836725], [0.933589, 0.867884, 0.80611, 0.720776, 0.34045, 0.867839, 0.639561, 0.691349, 0.515302, 0, 0.61061, 0.687807, 0.525994, 0.472471, 0.057921, 0.53476], [0.194257, 0.456124, 0.918106, 0.863879, 0.449464, 0.54671, 0.494627, 0.07242, 0.059668, 0.944046, 0, 0.556481, 0.802987, 0.434476, 0.59814, 0.461735], [0.78913, 0.233438, 0.16493, 0.071255, 0.162381, 0.487775, 0.520118, 0.899505, 0.500159, 0.069948, 0.427463, 0, 0.700768, 0.413222, 0.096417, 0.755107], [0.335204, 0.541267, 0.846827, 0.409265, 0.015177, 0.534528, 0.446006, 0.265655, 0.253179, 0.467506, 0.823359, 0.675506, 0, 0.081517, 0.41192, 0.397635], [0.049454, 0.279055, 0.625081, 0.612075, 0.943147, 0.208651, 0.46371, 0.34641, 0.300649, 0.779779, 0.745048, 0.014197, 0.363153, 0, 0.919855, 0.06349], [0.142224, 0.42265, 0.572226, 0.563924, 0.364352, 0.450479, 0.859581, 0.700213, 0.346977, 0.532718, 0.496974, 0.502458, 0.379375, 0.067502, 0, 0.147518], [0.385483, 0.731968, 0.543857, 0.95925, 0.990905, 0.917931, 0.329606, 0.963865, 0.311056, 0.36187, 0.080764, 0.668156, 0.078561, 0.511695, 0.329567, 0]]}