{"v_num": 16, "mat": [[0, 0.428074, 0.857612, 0.879182, 0.447725, 0.858201, 0.107531, 0.924216, 0.93868, 0.103771, 0.737768, 0.349124, 0.392862, 0.957209, 0.388465, 0.732282], [7.6e-05, 0, 0.469324, 0.921233, 0.087316, 0.27341, 0.799639, 0.921114, 0.007083, 0.821018, 0.19497, 0.380374, 0.857731, 0.830984, 0.547, 0.611846], [0.127502, 0.268135, 0, 0.360782, 0.848182, 0.271981, 0.669409, 0.329408, 0.199163, 0.184, 0.395836, 0.720499, 0.284498, 0.709889, 0.568384, 0.014934], [0.961818, 0.865021, 0.464929, 0, 0.521641, 0.126696, 0.71953, 0.393932, 0.290002, 0.492192, 0.093009, 0.22442, 0.708942, 0.944977, 0.697465, 0.248279], [0.330455, 0.982962, 0.590855, 0.512872, 0, 0.013874, 0.644598, 0.075622, 0.212194, 0.989368, 0.149124, 0.399912, 0.016396, 0.183404, 0.616522, 0.134543], [0.578387, 0.701947, 0.077516, 0.545022, 0.145215, 0, 0.49684, 0.236221, 0.547844, 0.822627, 0.037748, 0.375675, 0.101626, 0.053722, 0.66202, 0.796462], [0.62905, 0.668606, 0.372114, 0.735533, 0.545267, 0.874127, 0, 0.50635, 0.856897, 0.743466, 0.988114, 0.784554, 0.673832, 0.938917, 0.157851, 0.576825], [0.388406, 0.583453, 0.138269, 0.65361, 0.04641, 0.623394, 0.370612, 0, 0.936795, 0.597692, 0.236646, 0.278058, 0.473945, 0.460812, 0.161985, 0.169051], [0.059827, 0.457552, 0.438189, 0.536277, 0.664166, 0.471504, 0.068987, 0.251376, 0, 0.384748, 0.959802, 0.586902, 0.106786, 0.094871, 0.615612, 0.641093], [0.294047, 0.384566, 0.697553, 0.875964, 0.143779, 0.450666, 0.224227, 0.573676, 0.895745, 0, 0.16148, 0.234535, 0.712978, 0.50315, 0.408324, 0.894453], [0.40308, 0.958312, 0.173473, 0.387624, 0.970195, 0.323001, 0.407945, 0.30261, 0.173085, 0.560305, 0, 0.117486, 0.539839, 0.521668, 0.381161, 0.832425], [0.961982, 0.709393, 0.236392, 0.657019, 0.510342, 0.427453, 0.894946, 0.150307, 0.885548, 0.729785, 0.505777, 0, 0.421375, 0.372426, 0.108265, 0.38131], [0.350313, 0.28563, 0.30105, 0.15279, 0.110354, 0.846486, 0.103823, 0.847777, 0.681227, 0.053502, 0.863223, 0.994833, 0, 0.540755, 0.333868, 0.822662], [0.281398, 0.840479, 0.05867, 0.263856, 0.87898, 0.156786, 0.630564, 0.244375, 0.387737, 0.504742, 0.505616, 0.671005, 0.303512, 0, 0.676872, 0.759455], [0.695158, 0.732148, 0.911106, 0.313695, 0.491652, 0.299757, 0.51131, 0.450553, 0.610542, 0.293016, 0.716742, 0.278471, 0.053216, 0.928029, 0, 0.576081], [0.675595, 0.588843, 0.973772, 0.959228, 0.781448, 0.947031, 0.857674, 0.06613, 0.207505, 0.371148, 0.146963, 0.55357, 0.190828, 0.450538, 0.173597, 0]]}