{"v_num": 16, "mat": [[0, 0.484785, 0.057619, 0.513015, 0.877217, 0.302501, 0.152609, 0.124447, 0.26831, 0.685131, 0.687137, 0.221878, 0.994272, 0.867485, 0.461185, 0.181709], [0.384641, 0, 0.850023, 0.030678, 0.578375, 0.058281, 0.035306, 0.704304, 0.781686, 0.217006, 0.646003, 0.537299, 0.863231, 0.723015, 0.372021, 0.577847], [0.09521, 0.321717, 0, 0.937831, 0.052456, 0.538441, 0.87944, 0.056379, 0.810964, 0.430387, 0.745384, 0.765144, 0.751661, 0.916565, 0.454278, 0.902058], [0.128125, 0.528275, 0.656089, 0, 0.585155, 0.219327, 0.838389, 0.917806, 0.214206, 0.343493, 0.52704, 0.516985, 0.905693, 0.331866, 0.967578, 0.675016], [0.590303, 0.312575, 0.485754, 0.492268, 0, 0.235202, 0.504019, 0.22472, 0.910919, 0.143509, 0.842856, 0.079337, 0.974065, 0.485792, 0.229612, 0.713041], [0.664432, 0.396299, 0.573149, 0.889215, 0.47133, 0, 0.35617, 0.736983, 0.102755, 0.303514, 0.633334, 0.616228, 0.134707, 0.5353, 0.593658, 0.80452], [0.77582, 0.683161, 0.327907, 0.707353, 0.657437, 0.695707, 0, 0.372249, 0.527106, 0.272013, 0.430119, 0.648538, 0.465512, 0.440302, 0.933835, 0.545527], [0.232362, 0.027507, 0.976828, 0.020611, 0.789916, 0.08401, 0.704645, 0, 0.194163, 0.134839, 0.664261, 0.101609, 0.390751, 0.76374, 0.102018, 0.107641], [0.485687, 0.602083, 0.258162, 0.784714, 0.876539, 0.25458, 0.787719, 0.351566, 0, 0.387792, 0.895067, 0.535845, 0.95578, 0.677348, 0.669312, 0.631096], [0.650266, 0.127145, 0.605517, 0.553183, 0.419075, 0.717534, 0.003525, 0.605781, 0.102872, 0, 0.792141, 0.994641, 0.073691, 0.965912, 0.46019, 0.51162], [0.352758, 0.782468, 0.813923, 0.523926, 0.565932, 0.138655, 0.64239, 0.230335, 0.721727, 0.908959, 0, 0.5276, 0.756805, 0.655381, 0.714589, 0.585919], [0.780074, 0.45506, 0.997264, 0.813951, 0.859247, 0.130634, 0.146862, 0.572285, 0.430537, 0.949522, 0.898752, 0, 0.343021, 0.644095, 0.494462, 0.000799], [0.004901, 0.750294, 0.851902, 0.374847, 0.384134, 0.977015, 0.702948, 0.171074, 0.373107, 0.254335, 0.202522, 0.77058, 0, 0.974588, 0.155302, 0.066063], [0.73595, 0.191946, 0.175669, 0.833185, 0.022612, 0.889828, 0.109218, 0.68715, 0.768457, 0.478601, 0.974304, 0.562155, 0.394595, 0, 0.292076, 0.454189], [0.087973, 0.230271, 0.86935, 0.21325, 0.371822, 0.709607, 0.968481, 0.564762, 0.945032, 0.554152, 0.062191, 0.513929, 0.166946, 0.483478, 0, 0.556808], [0.24622, 0.389961, 0.410023, 0.429555, 0.24855, 0.129801, 0.075271, 0.50155, 0.830088, 0.386635, 0.378128, 0.941125, 0.562691, 0.417542, 0.44705, 0]]}