{"v_num": 16, "mat": [[0, 0.609922, 0.591974, 0.263532, 0.336456, 0.392648, 0.878945, 0.49632, 0.958264, 0.732962, 0.085134, 0.037879, 0.580429, 0.633058, 0.243044, 0.329737], [0.876765, 0, 0.455053, 0.110167, 0.84939, 0.95715, 0.021171, 0.029725, 0.626095, 0.32734, 0.095956, 0.314265, 0.553992, 0.086398, 0.92895, 0.025913], [0.697576, 0.809538, 0, 0.370829, 0.616984, 0.96446, 0.834304, 0.285171, 0.058303, 0.241898, 0.719221, 0.784439, 0.792219, 0.030347, 0.623605, 0.276966], [0.943341, 0.356213, 0.702057, 0, 0.922935, 0.922801, 0.547891, 0.212534, 0.715691, 0.851858, 0.843586, 0.675251, 0.74152, 0.212353, 0.507609, 0.174812], [0.68371, 0.043576, 0.3865, 0.003385, 0, 0.361063, 0.866303, 0.589817, 0.209985, 0.615756, 0.200754, 0.824036, 0.97598, 0.93186, 0.617415, 0.685426], [0.909488, 0.310683, 0.96407, 0.114954, 0.223417, 0, 0.531947, 0.957105, 0.366122, 0.77607, 0.071144, 0.862687, 0.797927, 0.404026, 0.02143, 0.028483], [0.063415, 0.757893, 0.599101, 0.962992, 0.956861, 0.450759, 0, 0.136694, 0.474232, 0.268028, 0.534638, 0.454005, 0.262192, 0.969369, 0.602018, 0.676062], [0.863051, 0.687795, 0.861246, 0.056025, 0.338561, 0.246356, 0.661142, 0, 0.217971, 0.17878, 0.613044, 0.731415, 0.031004, 0.770854, 0.447, 0.06489], [0.684927, 0.277568, 0.413466, 0.186154, 0.852542, 0.16627, 0.658361, 0.446411, 0, 0.973395, 0.618678, 0.603616, 0.290871, 0.732239, 0.295384, 0.587733], [0.229037, 0.33002, 0.708665, 0.898139, 0.816501, 0.093615, 0.96248, 0.880191, 0.779577, 0, 0.583766, 0.728891, 0.691317, 0.067591, 0.505531, 0.632109], [0.643098, 0.486714, 0.167339, 0.27264, 0.53288, 0.253993, 0.983452, 0.92375, 0.560939, 0.483829, 0, 0.58073, 0.943261, 0.867048, 0.873253, 0.420509], [0.27608, 0.198308, 0.602955, 0.215173, 0.71064, 0.044684, 0.479898, 0.789033, 0.299264, 0.568129, 0.729445, 0, 0.618297, 0.180647, 0.388468, 0.82085], [0.767838, 0.350286, 0.456087, 0.590857, 0.535998, 0.112888, 0.980127, 0.9285, 0.807871, 0.585066, 0.596426, 0.204276, 0, 0.526574, 0.490924, 0.684261], [0.689716, 0.514567, 0.84057, 0.237869, 0.353841, 0.137693, 0.930427, 0.569592, 0.188132, 0.209325, 0.990791, 0.756419, 0.389631, 0, 0.844048, 0.896845], [0.550156, 0.719129, 0.632224, 0.69151, 0.184742, 0.900128, 0.165892, 0.893544, 0.082084, 0.34599, 0.178631, 0.471283, 0.760761, 0.061331, 0, 0.486393], [0.511682, 0.001739, 0.504158, 0.354391, 0.903528, 0.351511, 0.0165, 0.386097, 0.70466, 0.505104, 0.332822, 0.87359, 0.340523, 0.1469, 0.741386, 0]]}