{"v_num": 16, "mat": [[0, 0.24843, 0.472367, 0.898352, 0.342143, 0.360664, 0.760999, 0.033429, 0.747414, 0.362271, 0.155022, 0.629377, 0.637842, 0.405704, 0.159366, 0.343281], [0.152218, 0, 0.022812, 0.282357, 0.843411, 0.340667, 0.237667, 0.066324, 0.201788, 0.422915, 0.005371, 0.615278, 0.404412, 0.808137, 0.71958, 0.071642], [0.003223, 0.060273, 0, 0.397239, 0.79277, 0.249873, 0.058235, 0.057645, 0.366036, 0.867683, 0.143029, 0.470415, 0.963688, 0.272869, 0.21054, 0.188594], [0.314289, 0.512272, 0.02934, 0, 0.515545, 0.059446, 0.829287, 0.334976, 0.589682, 0.275809, 0.43005, 0.402831, 0.641333, 0.484277, 0.062468, 0.133139], [0.683933, 0.062328, 0.188763, 0.408762, 0, 0.293183, 0.617315, 0.222845, 0.482331, 0.644955, 0.638016, 0.214921, 0.522263, 0.704793, 0.508327, 0.435067], [0.111159, 0.406611, 0.341669, 0.706352, 0.901741, 0, 0.450178, 0.095797, 0.697038, 0.442704, 0.932926, 0.526612, 0.588472, 0.906471, 0.463715, 0.0296], [0.378721, 0.134496, 0.899166, 0.002208, 0.308461, 0.382734, 0, 0.417282, 0.230732, 0.685687, 0.676919, 0.529556, 0.132138, 0.602033, 0.581743, 0.730727], [0.739517, 0.197076, 0.2452, 0.430878, 0.218792, 0.913246, 0.459527, 0, 0.568021, 0.918953, 0.306858, 0.047477, 0.095011, 0.463692, 0.775313, 0.811936], [0.722469, 0.938518, 0.859933, 0.226872, 0.975435, 0.65987, 0.3624, 0.57288, 0, 0.506502, 0.234054, 0.908772, 0.642503, 0.670231, 0.575378, 0.231939], [0.821717, 0.101832, 0.97322, 0.404832, 0.149701, 0.03698, 0.138594, 0.268642, 0.525213, 0, 0.599891, 0.569811, 0.210516, 0.417579, 0.687338, 0.940434], [0.336122, 0.254218, 0.27211, 0.131209, 0.350395, 0.472324, 0.439075, 0.67057, 0.113713, 0.192618, 0, 0.123578, 0.862898, 0.914387, 0.802315, 0.410991], [0.949916, 0.737178, 0.407165, 0.899964, 0.103756, 0.786458, 0.731215, 0.748767, 0.709419, 0.911043, 0.58074, 0, 0.424514, 0.272011, 0.86068, 0.990519], [0.350155, 0.545489, 0.556567, 0.369852, 0.149423, 0.175103, 0.880174, 0.47976, 0.264035, 0.455392, 0.772131, 0.032292, 0, 0.966468, 0.572836, 0.28815], [0.65229, 0.178273, 0.263495, 0.57886, 0.315527, 0.010875, 0.712596, 0.42685, 0.412026, 0.733253, 0.450196, 0.793387, 0.122072, 0, 0.226665, 0.233001], [0.637652, 0.805136, 0.882412, 0.395132, 0.208336, 0.356429, 0.088035, 0.386262, 0.028176, 0.837108, 0.038661, 0.589376, 0.172968, 0.47541, 0, 0.716859], [0.115096, 0.655322, 0.946845, 0.833171, 0.048595, 0.134822, 0.297275, 0.647881, 0.293203, 0.460233, 0.812526, 0.875417, 0.916258, 0.777835, 0.331602, 0]]}