{"v_num": 16, "mat": [[0, 0.896533, 0.730528, 0.384295, 0.824393, 0.732504, 0.122002, 0.029705, 0.505729, 0.395232, 0.519279, 0.388241, 0.850866, 0.935309, 0.046282, 0.069016], [0.393157, 0, 0.92306, 0.299414, 0.171641, 0.053443, 0.995512, 0.699818, 0.400296, 0.319867, 0.396343, 0.591428, 0.988868, 0.995149, 0.331212, 0.649529], [0.591565, 0.403649, 0, 0.878057, 0.060784, 0.323455, 0.696637, 0.226296, 0.956529, 0.759123, 0.293546, 0.949124, 0.029231, 0.637212, 0.998386, 0.726043], [0.201768, 0.168019, 0.104394, 0, 0.31191, 0.769147, 0.317824, 0.98502, 0.641451, 0.445195, 0.049434, 0.615464, 0.004444, 0.761297, 0.731833, 0.84216], [0.241992, 0.448869, 0.850775, 0.407668, 0, 0.901287, 0.168514, 0.949069, 0.049462, 0.681393, 0.517487, 0.168388, 0.641172, 0.054096, 0.867715, 0.160734], [0.247544, 0.375247, 0.946498, 0.645223, 0.489256, 0, 0.303488, 0.450122, 0.489937, 0.61104, 0.320111, 0.402051, 0.02164, 0.234675, 0.356984, 0.279251], [0.95851, 0.311779, 0.466664, 0.607398, 0.534164, 0.975124, 0, 0.558466, 0.486857, 0.15606, 0.744827, 0.505617, 0.165349, 0.526365, 0.189013, 0.894944], [0.661088, 0.885905, 0.062421, 0.099733, 0.28005, 0.47315, 0.982191, 0, 0.76616, 0.694469, 0.181274, 0.737484, 0.577683, 0.369263, 0.680928, 0.447002], [0.975661, 0.262348, 0.664547, 0.190082, 0.276954, 0.896741, 0.484203, 0.776831, 0, 0.945361, 0.036628, 0.707474, 0.534146, 0.836163, 0.322502, 0.284822], [0.839507, 0.641057, 0.433835, 0.106611, 0.576166, 0.365186, 0.612943, 0.529349, 0.827462, 0, 0.513114, 0.468358, 0.809315, 0.624236, 0.690825, 0.508777], [0.665125, 0.43188, 0.243996, 0.548637, 0.594028, 0.9002, 0.035453, 0.077701, 0.262176, 0.422281, 0, 0.521451, 0.326728, 0.384496, 0.657738, 0.829814], [0.252874, 0.508227, 0.071004, 0.134277, 0.550785, 0.041218, 0.695509, 0.869049, 0.817554, 0.602063, 0.103388, 0, 0.377351, 0.525858, 0.563102, 0.915206], [0.743963, 0.180053, 0.477485, 0.804226, 0.599985, 0.163865, 0.281648, 0.485946, 0.073391, 0.061725, 0.928551, 0.63118, 0, 0.200962, 0.986095, 0.60448], [0.353537, 0.167952, 0.785794, 0.36324, 0.18634, 0.592135, 0.350488, 0.996026, 0.921063, 0.800161, 0.36398, 0.675144, 0.150397, 0, 0.664629, 0.972096], [0.757522, 0.154943, 0.303502, 0.895572, 0.029485, 0.654352, 0.993518, 0.985411, 0.68137, 0.962589, 0.059908, 0.383708, 0.00903, 0.044167, 0, 0.186643], [0.376208, 0.100475, 0.380606, 0.289008, 0.196176, 0.880674, 0.910186, 0.102199, 0.671036, 0.302493, 0.898508, 0.037826, 0.062325, 0.340722, 0.376115, 0]]}