{"v_num": 16, "mat": [[0, 0.864448, 0.286895, 0.731034, 0.861353, 0.959216, 0.722831, 0.805159, 0.47645, 0.99841, 0.709779, 0.17978, 0.277542, 0.973316, 0.66887, 0.567533], [0.290873, 0, 0.920765, 0.160898, 0.153217, 0.777219, 0.27303, 0.247622, 0.837852, 0.424257, 0.742939, 0.326993, 0.298992, 0.096425, 0.599312, 0.2152], [0.808269, 0.597087, 0, 0.694618, 0.500003, 0.12342, 0.894377, 0.172071, 0.742606, 0.655668, 0.725636, 0.451512, 0.146628, 0.291204, 0.766745, 0.904652], [0.267871, 0.360556, 0.806566, 0, 0.798548, 0.660375, 0.692711, 0.581898, 0.518433, 0.798593, 0.804147, 0.35886, 0.097283, 0.115645, 0.47242, 0.195084], [0.593629, 0.591217, 0.557223, 0.094779, 0, 0.968695, 0.651039, 0.469645, 0.499948, 0.361326, 0.607283, 0.34147, 0.503498, 0.255306, 0.342726, 0.61105], [0.275954, 0.010113, 0.887799, 0.962539, 0.711362, 0, 0.941821, 0.998568, 0.194608, 0.43755, 0.712068, 0.984807, 0.129633, 0.540015, 0.738119, 0.868876], [0.601704, 0.611164, 0.886561, 0.482574, 0.572006, 0.152904, 0, 0.06498, 0.968608, 0.970197, 0.143742, 0.88749, 0.026708, 0.041274, 0.816761, 0.634536], [0.599244, 0.849453, 0.164883, 0.424932, 0.980784, 0.498294, 0.145107, 0, 0.674385, 0.96465, 0.562244, 0.699298, 0.093049, 0.646353, 0.608129, 0.314783], [0.645587, 0.388959, 0.235796, 0.831648, 0.494715, 0.065901, 0.658496, 0.705079, 0, 0.239168, 0.797608, 0.307192, 0.659544, 0.096506, 0.646986, 0.58184], [0.553408, 0.021797, 0.529721, 0.933668, 0.317611, 0.557261, 0.668926, 0.08544, 0.854143, 0, 0.034821, 0.073881, 0.800185, 0.651413, 0.825267, 0.13136], [0.103468, 0.081568, 0.379061, 0.539694, 0.524092, 0.750657, 0.974285, 0.52787, 0.877732, 0.694819, 0, 0.905696, 0.893322, 0.61006, 0.625957, 0.818214], [0.217264, 0.690089, 0.064768, 0.621256, 0.858165, 0.188246, 0.659103, 0.233855, 0.801543, 0.639582, 0.107039, 0, 0.191288, 0.657087, 0.558273, 0.380111], [0.994694, 0.976635, 0.55071, 0.326381, 0.632735, 0.724549, 0.605138, 0.047801, 0.369464, 0.891907, 0.645471, 0.638723, 0, 0.722388, 0.26949, 0.099659], [0.230303, 0.072081, 0.030409, 0.180644, 0.277994, 0.005764, 0.87446, 0.174047, 0.329921, 0.188443, 0.357153, 0.964497, 0.077378, 0, 0.913495, 0.700028], [0.929798, 0.68661, 0.537068, 0.148001, 0.508469, 0.157303, 0.29636, 0.625469, 0.318206, 0.18524, 0.077597, 0.204198, 0.822709, 0.814483, 0, 0.945226], [0.460564, 0.670439, 0.588123, 0.106914, 0.938339, 0.185018, 0.758684, 0.494029, 0.766821, 0.858524, 0.287042, 0.474933, 0.096367, 0.045536, 0.975701, 0]]}