{"v_num": 16, "mat": [[0, 0.408289, 0.4954, 0.178787, 0.516761, 0.494718, 0.86336, 0.285217, 0.414896, 0.224205, 0.568011, 0.484368, 0.627178, 0.717687, 0.436534, 0.768439], [0.725485, 0, 0.654657, 0.381368, 0.943064, 0.678016, 0.085703, 0.707357, 0.016911, 0.19124, 0.187158, 0.153472, 0.514813, 0.867769, 0.616852, 0.651789], [0.031588, 0.919117, 0, 0.0942, 0.486623, 0.334189, 0.968777, 0.057606, 0.397083, 0.598346, 0.373759, 0.476354, 0.218358, 0.409603, 0.688509, 0.806987], [0.532207, 0.575755, 0.500402, 0, 0.984872, 0.272802, 0.374007, 0.834532, 0.055529, 0.75491, 0.599357, 0.347854, 0.565427, 0.237499, 0.160706, 0.42296], [0.617539, 0.709753, 0.744615, 0.738151, 0, 0.60866, 0.328346, 0.125571, 0.523486, 0.632121, 0.629716, 0.303009, 0.941542, 0.560902, 0.817783, 0.641236], [0.133351, 0.775982, 0.085198, 0.522745, 0.717933, 0, 0.519524, 0.192979, 0.861883, 0.335923, 0.6563, 0.069669, 0.453728, 0.739774, 0.642415, 0.49041], [0.897407, 0.740627, 0.239414, 0.552624, 0.738708, 0.377501, 0, 0.426518, 0.323231, 0.642124, 0.119695, 0.02914, 0.951616, 0.356484, 0.972339, 0.980847], [0.473758, 0.214952, 0.121904, 0.644221, 0.382508, 0.175367, 0.590794, 0, 0.28013, 0.066936, 0.126947, 0.647465, 0.288026, 0.126484, 0.132021, 0.494721], [0.517826, 0.955478, 0.781659, 0.402608, 0.762468, 0.075609, 0.502446, 0.164537, 0, 0.778358, 0.745902, 0.678032, 0.974234, 0.797157, 0.263457, 0.626409], [0.394752, 0.951615, 0.937168, 0.213671, 0.182703, 0.365666, 0.690726, 0.889457, 0.149997, 0, 0.701169, 0.748311, 0.567378, 0.403284, 0.636278, 0.861578], [0.999797, 0.743095, 0.2986, 0.328868, 0.898436, 0.116004, 0.972271, 0.344978, 0.916755, 0.524483, 0, 0.820673, 0.614647, 0.077563, 0.04157, 0.579157], [0.330784, 0.834452, 0.636229, 0.876334, 0.921409, 0.518131, 0.964167, 0.953659, 0.284597, 0.751322, 0.448006, 0, 0.161867, 0.80322, 0.600561, 0.717481], [0.121976, 0.878098, 0.35815, 0.469362, 0.942395, 0.422951, 0.951654, 0.647949, 0.298041, 0.83078, 0.655327, 0.216823, 0, 0.420289, 0.469815, 0.905721], [0.036088, 0.456528, 0.167234, 0.976477, 0.230784, 0.533409, 0.215124, 0.480502, 0.635267, 0.503316, 0.841259, 0.758224, 0.995314, 0, 0.200627, 0.315131], [0.633664, 0.303235, 0.418631, 0.511017, 0.747116, 0.307323, 0.614672, 0.272977, 0.396005, 0.556284, 0.019805, 0.523839, 0.269432, 0.309881, 0, 0.356117], [0.036356, 0.797545, 0.865998, 0.199887, 0.742532, 0.560971, 0.632637, 0.202948, 0.467532, 0.738718, 0.271946, 0.777263, 0.033314, 0.884244, 0.028473, 0]]}