{"v_num": 16, "mat": [[0, 0.672504, 0.81741, 0.443459, 0.578181, 0.444439, 0.063499, 0.608902, 0.977426, 0.341423, 0.64789, 0.601054, 0.377606, 0.802188, 0.778966, 0.707679], [0.001635, 0, 0.404627, 0.689749, 0.347771, 0.703228, 0.444036, 0.508389, 0.385853, 0.831933, 0.919142, 0.792256, 0.95853, 0.755682, 0.037666, 0.042793], [0.831841, 0.927281, 0, 0.834659, 0.476668, 0.105435, 0.483906, 0.481993, 0.915508, 0.923008, 0.727451, 0.453542, 0.00928, 0.377106, 0.508815, 0.285184], [0.677464, 0.765902, 0.699098, 0, 0.321716, 0.936616, 0.866946, 0.466776, 0.529425, 0.588733, 0.002849, 0.198762, 0.939968, 0.739147, 0.263402, 0.483117], [0.75666, 0.630965, 0.901622, 0.605064, 0, 0.435731, 0.965896, 0.189456, 0.517208, 0.240571, 0.709563, 0.285576, 0.029798, 0.063296, 0.209089, 0.993891], [0.460322, 0.254825, 0.45136, 0.631635, 0.851442, 0, 0.199671, 0.87529, 0.966444, 0.352926, 0.405627, 0.861469, 0.825326, 0.798748, 0.891136, 0.295688], [0.487113, 0.566424, 0.736843, 0.487059, 0.724933, 0.961963, 0, 0.047608, 0.249311, 0.39644, 0.102173, 0.286743, 0.304388, 0.872349, 0.566657, 0.162741], [0.464838, 0.860419, 0.595124, 0.115616, 0.700309, 0.234095, 0.405297, 0, 0.266632, 0.446335, 0.591403, 0.230524, 0.022047, 0.196564, 0.880959, 0.510601], [0.169937, 0.627955, 0.990524, 0.842509, 0.603904, 0.86357, 0.622354, 0.483131, 0, 0.447494, 0.23015, 0.905175, 0.939141, 0.690988, 0.915947, 0.077509], [0.114688, 0.655925, 0.968285, 0.12001, 0.068729, 0.573194, 0.519091, 0.786814, 0.990676, 0, 0.777234, 0.996984, 0.27786, 0.050617, 0.829949, 0.473083], [0.088215, 0.162933, 0.580868, 0.208888, 0.187016, 0.192474, 0.570783, 0.450114, 0.282287, 0.321176, 0, 0.712868, 0.302701, 0.70315, 0.919921, 0.983411], [0.106243, 0.434507, 0.283691, 0.879284, 0.605093, 0.518476, 0.11921, 0.204179, 0.988279, 0.999748, 0.310413, 0, 0.313434, 0.750891, 0.004439, 0.10253], [0.335145, 0.506291, 0.405137, 0.39089, 0.559428, 0.95258, 0.929183, 0.393315, 0.384134, 0.723482, 0.936693, 0.473317, 0, 0.77709, 0.938886, 0.275135], [0.719384, 0.228813, 0.729731, 0.368959, 0.406611, 0.56783, 0.995053, 0.49792, 0.736013, 0.216669, 0.689003, 0.934324, 0.088651, 0, 0.734598, 0.025871], [0.905367, 0.563849, 0.373883, 0.330005, 0.259805, 0.612624, 0.928653, 0.365996, 0.38411, 0.423448, 0.960208, 0.600411, 0.385034, 0.378407, 0, 0.096773], [0.940952, 0.149345, 0.19018, 0.341252, 0.943351, 0.981258, 0.969341, 0.640995, 0.927183, 0.689537, 0.053608, 0.959363, 0.325343, 0.585649, 0.334415, 0]]}