{"v_num": 16, "mat": [[0, 0.594111, 0.014883, 0.888561, 0.25705, 0.40422, 0.740689, 0.993758, 0.101568, 0.128979, 0.473233, 0.664129, 0.307106, 0.993927, 0.98459, 0.293538], [0.309093, 0, 0.514816, 0.011719, 0.795829, 0.217561, 0.085223, 0.376025, 0.177553, 0.106552, 0.094554, 0.601308, 0.250147, 0.532534, 0.516644, 0.198904], [0.551097, 0.387343, 0, 0.631354, 0.733901, 0.551721, 0.477337, 0.734783, 0.421167, 0.192752, 0.730309, 0.417537, 0.132002, 0.572455, 0.059275, 0.049036], [0.838209, 0.016651, 0.175717, 0, 0.556668, 0.812645, 0.651435, 0.773935, 0.617354, 0.146971, 0.584224, 0.748966, 0.915737, 0.514888, 0.045578, 0.406086], [0.486649, 0.752977, 0.387591, 0.212041, 0, 0.571406, 0.028292, 0.928837, 0.068111, 0.379132, 0.132364, 0.127906, 0.690859, 0.977712, 0.226308, 0.352454], [0.736548, 0.450573, 0.826753, 0.287786, 0.041655, 0, 0.284519, 0.14801, 0.227302, 0.655231, 0.932578, 0.510311, 0.908166, 0.301026, 0.346462, 0.997464], [0.768173, 0.095188, 0.737431, 0.388347, 0.556298, 0.560014, 0, 0.805588, 0.079711, 0.066196, 0.000443, 0.619974, 0.860763, 0.783265, 0.207911, 0.056245], [0.07489, 0.378905, 0.281257, 0.664265, 0.400727, 0.162386, 0.205381, 0, 0.597473, 0.868163, 0.429913, 0.15762, 0.738559, 0.690312, 0.531687, 0.786713], [0.600262, 0.4348, 0.557756, 0.934218, 0.195943, 0.226672, 0.893884, 0.446896, 0, 0.91724, 0.350839, 0.124486, 0.50829, 0.287819, 0.89702, 0.812328], [0.783384, 0.3471, 0.913851, 0.803338, 0.27109, 0.323824, 0.673747, 0.964072, 0.08984, 0, 0.857422, 0.178555, 0.837259, 0.608642, 0.763457, 0.427662], [0.630262, 0.224205, 0.479545, 0.4013, 0.166824, 0.741582, 0.972018, 0.026457, 0.911583, 0.517998, 0, 0.011063, 0.70419, 0.917888, 0.998309, 0.306939], [0.309127, 0.303222, 0.891848, 0.359356, 0.307976, 0.242328, 0.88491, 0.611472, 0.053122, 0.421017, 0.543362, 0, 0.399757, 0.90521, 0.105442, 0.46441], [0.315919, 0.479382, 0.558552, 0.045138, 0.388936, 0.311504, 0.139512, 0.244915, 0.421517, 0.516863, 0.115013, 0.896743, 0, 0.922921, 0.287952, 0.347708], [0.170516, 0.968053, 0.442759, 0.965813, 0.946965, 0.490891, 0.248292, 0.61131, 0.578156, 0.197906, 0.018463, 0.356005, 0.600517, 0, 0.279368, 0.435885], [0.814624, 0.924766, 0.656191, 0.994935, 0.8377, 0.805721, 0.448728, 0.072165, 0.109149, 0.689119, 0.72259, 0.82887, 0.319211, 0.087217, 0, 0.956867], [0.558266, 0.644581, 0.048373, 0.681515, 0.809092, 0.823138, 0.353979, 0.478629, 0.161103, 0.11933, 0.18288, 0.72223, 0.646958, 0.043587, 0.48891, 0]]}