{"v_num": 16, "mat": [[0, 0.623684, 0.893328, 0.490499, 0.500063, 0.502757, 0.008031, 0.933429, 0.096039, 0.130057, 0.203895, 0.489037, 0.352919, 0.080973, 0.811396, 0.333006], [0.1702, 0, 0.690986, 0.505892, 0.085503, 0.161418, 0.934944, 0.772427, 0.159562, 0.878066, 0.469582, 0.835065, 0.302294, 0.950665, 0.049155, 0.182365], [0.877367, 0.408004, 0, 0.399049, 0.821101, 0.072362, 0.49198, 0.494174, 0.105038, 0.770495, 0.058293, 0.469425, 0.565115, 0.335496, 0.260484, 0.201807], [0.084756, 0.401418, 0.572259, 0, 0.53082, 0.005772, 0.474132, 0.300811, 0.776439, 0.981579, 0.359004, 0.74788, 0.700536, 0.422674, 0.91534, 0.281994], [0.486689, 0.03426, 0.217539, 0.534019, 0, 0.083951, 0.930816, 0.115639, 0.525532, 0.689575, 0.650586, 0.8, 0.496588, 0.028145, 0.297091, 0.307333], [0.417226, 0.253454, 0.261913, 0.913118, 0.363949, 0, 0.174921, 0.598226, 0.849172, 0.791711, 0.769111, 0.742155, 0.443369, 0.533942, 0.688135, 0.886583], [0.584322, 0.307645, 0.910581, 0.986938, 0.899825, 0.983425, 0, 0.897021, 0.365035, 0.584955, 0.371495, 0.350791, 0.365995, 0.679864, 0.14623, 0.426301], [0.496059, 0.782005, 0.154346, 0.058568, 0.363419, 0.537444, 0.054484, 0, 0.994603, 0.532388, 0.854775, 0.485948, 0.251508, 0.236887, 0.764598, 0.027614], [0.507682, 0.818776, 0.481736, 0.708177, 0.662375, 0.19617, 0.152324, 0.194409, 0, 0.782927, 0.757824, 0.868048, 0.444227, 0.84586, 0.429714, 0.609282], [0.60996, 0.579856, 0.370644, 0.563831, 0.037173, 0.947247, 0.805509, 0.825421, 0.507971, 0, 0.98855, 0.584145, 0.294979, 0.704595, 0.199389, 0.111744], [0.244661, 0.50773, 0.506685, 0.59004, 0.914085, 0.218484, 0.330662, 0.395011, 0.344278, 0.24895, 0, 0.514038, 0.538598, 0.64577, 0.268588, 0.498889], [0.663169, 0.501564, 0.171618, 0.092922, 0.844986, 0.198828, 0.881628, 0.81357, 0.471152, 0.893028, 0.355986, 0, 0.99643, 0.638437, 0.649036, 0.95407], [0.682791, 0.772993, 0.52253, 0.504726, 0.916303, 0.045052, 0.240923, 0.521278, 0.417809, 0.403566, 0.918333, 0.322102, 0, 0.434807, 0.244703, 0.532215], [0.045307, 0.745895, 0.282396, 0.171094, 0.037203, 0.675293, 0.941817, 0.10204, 0.156864, 0.053353, 0.563406, 0.433883, 0.137063, 0, 0.198587, 0.839204], [0.848068, 0.907841, 0.226128, 0.064836, 0.591377, 0.041282, 0.720151, 0.942116, 0.147589, 0.997024, 0.392663, 0.915468, 0.290181, 0.908918, 0, 0.116796], [0.446817, 0.535994, 0.300649, 0.293994, 0.399062, 0.543924, 0.078295, 0.68529, 0.897634, 0.430369, 0.445343, 0.761645, 0.34176, 0.909123, 0.454538, 0]]}