{"v_num": 16, "mat": [[0, 0.186776, 0.609494, 0.763072, 0.606733, 0.150708, 0.22184, 0.919064, 0.796144, 0.053851, 0.620486, 0.467326, 0.284246, 0.440233, 0.71457, 0.343459], [0.901857, 0, 0.954322, 0.355743, 0.970545, 0.429583, 0.108236, 0.947168, 0.898383, 0.593933, 0.049247, 0.677298, 0.427952, 0.413259, 0.775271, 0.714304], [0.930369, 0.353764, 0, 0.411807, 0.839142, 0.459892, 0.668309, 0.879422, 0.336997, 0.533177, 0.154887, 0.281667, 0.297132, 0.619608, 0.965831, 0.661618], [0.035814, 0.335048, 0.744498, 0, 0.274937, 0.515429, 0.18377, 0.748858, 0.747997, 0.696388, 0.961548, 0.919084, 0.842345, 0.646442, 0.089526, 0.104047], [0.911685, 0.34316, 0.453484, 0.652487, 0, 0.847493, 0.827208, 0.679714, 0.780753, 0.134175, 0.391413, 0.259525, 0.305296, 0.710294, 0.618391, 0.388241], [0.427084, 0.929321, 0.310277, 0.804222, 0.650604, 0, 0.386572, 0.846278, 0.543591, 0.663243, 0.531322, 0.720012, 0.6821, 0.280906, 0.901557, 0.161435], [0.203832, 0.103009, 0.932734, 0.09776, 0.431056, 0.754765, 0, 0.603793, 0.184506, 0.096444, 0.834917, 0.556009, 0.521107, 0.198952, 0.137738, 0.769859], [0.428655, 0.143301, 0.134639, 0.597315, 0.042785, 0.763831, 0.415458, 0, 0.200425, 0.803568, 0.302906, 0.982522, 0.076841, 0.557428, 0.385333, 0.130209], [0.699478, 0.597285, 0.864103, 0.302683, 0.08342, 0.707116, 0.015405, 0.308231, 0, 0.316655, 0.609745, 0.087187, 0.02047, 0.0604, 0.521308, 0.579736], [0.968766, 0.467023, 0.583871, 0.995843, 0.124064, 0.355162, 0.655211, 0.175193, 0.380056, 0, 0.807083, 0.308521, 0.556658, 0.297391, 0.389176, 0.845113], [0.618441, 0.947321, 0.824659, 0.323275, 0.142716, 0.287355, 0.41527, 0.645624, 0.364161, 0.368777, 0, 0.469966, 0.368928, 0.227174, 0.936709, 0.903701], [0.02484, 0.01037, 0.911857, 0.062236, 0.404584, 0.66545, 0.674187, 0.596247, 0.460397, 0.956799, 0.575591, 0, 0.388352, 0.657809, 0.366234, 0.617232], [0.08784, 0.753794, 0.066361, 0.832751, 0.609639, 0.456643, 0.702415, 0.291789, 0.572725, 0.007542, 0.5125, 0.698001, 0, 0.598874, 0.351333, 0.177862], [0.970691, 0.19965, 0.661097, 0.910805, 0.483329, 0.21959, 0.413788, 0.094567, 0.881887, 0.243789, 0.696617, 0.043321, 0.970535, 0, 0.920487, 0.874698], [0.275597, 0.961806, 0.74532, 0.252115, 0.020437, 0.42066, 0.223556, 0.808758, 0.774137, 0.371289, 0.546834, 0.536039, 0.651358, 0.420425, 0, 0.866668], [0.285384, 0.576616, 0.422436, 0.704773, 0.514034, 0.383146, 0.66211, 0.495522, 0.203574, 0.027446, 0.365331, 0.955501, 0.768708, 0.616612, 0.50514, 0]]}