{"v_num": 16, "mat": [[0, 0.264347, 0.794906, 0.821893, 0.980949, 0.629123, 0.338762, 0.931908, 0.093151, 0.983529, 0.782428, 0.338802, 0.213317, 0.506381, 0.157336, 0.365002], [0.583845, 0, 0.034344, 0.786879, 0.207573, 0.432337, 0.917078, 0.283736, 0.333829, 0.132047, 0.053876, 0.550622, 0.331826, 0.534367, 0.039205, 0.698648], [0.607792, 0.70779, 0, 0.338578, 0.470885, 0.970004, 0.536795, 0.513944, 0.883262, 0.028023, 0.239401, 0.173163, 0.562888, 0.942828, 0.225936, 0.040892], [0.099707, 0.813188, 0.330685, 0, 0.760417, 0.986673, 0.765052, 0.617064, 0.959739, 0.314604, 0.569746, 0.938901, 0.204994, 0.626182, 0.843403, 0.741691], [0.88625, 0.471902, 0.965196, 0.501286, 0, 0.477212, 0.072338, 0.821232, 0.137835, 0.83299, 0.119804, 0.339181, 0.764838, 0.083172, 0.536814, 0.015262], [0.992302, 0.070353, 0.514723, 0.801085, 0.186144, 0, 0.334747, 0.187714, 0.190966, 0.985742, 0.868457, 0.627794, 0.698011, 0.588137, 0.343759, 0.400086], [0.210228, 0.031018, 0.866664, 0.82044, 0.345249, 0.25064, 0, 0.665336, 0.801669, 0.235916, 0.467032, 0.696079, 0.167622, 0.564555, 0.975633, 0.041152], [0.04144, 0.10247, 0.861505, 0.488829, 0.095593, 0.391115, 0.099222, 0, 0.753552, 0.425661, 0.197795, 0.584356, 0.348987, 0.150922, 0.755624, 0.34193], [0.41172, 0.86487, 0.473423, 0.588858, 0.144333, 0.747871, 0.197416, 0.27062, 0, 0.515875, 0.018504, 0.848713, 0.639722, 0.901631, 0.457345, 0.139608], [0.956673, 0.232583, 0.758034, 0.342301, 0.802992, 0.130493, 0.657103, 0.828472, 0.253647, 0, 0.006519, 0.973247, 0.614181, 0.088206, 0.380676, 0.223429], [0.80654, 0.642716, 0.497937, 0.316758, 0.638953, 0.733939, 0.440256, 0.566943, 0.833263, 0.676907, 0, 0.467212, 0.146187, 0.191851, 0.25162, 0.938207], [0.263999, 0.964034, 0.764462, 0.156705, 0.841917, 0.348027, 0.218243, 0.087331, 0.301942, 0.053893, 0.671577, 0, 0.506021, 0.946285, 0.012013, 0.134385], [0.573445, 0.263629, 0.121872, 0.00889, 0.870801, 0.282819, 0.262467, 0.760012, 0.275476, 0.451834, 0.391376, 0.507149, 0, 0.339164, 0.369724, 0.565922], [0.878546, 0.696373, 0.212985, 0.437988, 0.231196, 0.845828, 0.012732, 0.555009, 0.976084, 0.34223, 0.095292, 0.836706, 0.453384, 0, 0.04091, 0.347819], [0.677562, 0.037388, 0.104263, 0.246772, 0.53797, 0.913318, 0.787386, 0.484693, 0.610548, 0.430682, 0.021177, 0.787705, 0.1139, 0.156416, 0, 0.312946], [0.804206, 0.32437, 0.538636, 0.469675, 0.240895, 0.626521, 0.071499, 0.111975, 0.447518, 0.411769, 0.984857, 0.203818, 0.505576, 0.891569, 0.808942, 0]]}