{"v_num": 16, "mat": [[0, 0.093747, 0.938227, 0.678521, 0.873226, 0.95276, 0.921188, 0.137089, 0.286976, 0.963869, 0.333689, 0.701796, 0.714772, 0.837017, 0.579081, 0.350163], [0.849091, 0, 0.40692, 0.544965, 0.354785, 0.711665, 0.14516, 0.579946, 0.112003, 0.204867, 0.642321, 0.899013, 0.946269, 0.089629, 0.9717, 0.677886], [0.061074, 0.612639, 0, 0.005296, 0.487849, 0.258214, 0.046606, 0.249729, 0.304806, 0.945045, 0.536613, 0.892382, 0.099552, 0.245003, 0.999094, 0.475066], [0.394966, 0.944766, 0.306129, 0, 0.598762, 0.518267, 0.289792, 0.72165, 0.391093, 0.949637, 0.776033, 0.996268, 0.163246, 0.500158, 0.396738, 0.611578], [0.510897, 0.154868, 0.773421, 0.867527, 0, 0.031573, 0.783804, 0.266948, 0.428499, 0.296977, 0.99822, 0.23256, 0.897327, 0.076858, 0.144805, 0.017763], [0.744571, 0.942052, 0.477971, 0.162561, 0.850372, 0, 0.913505, 0.421308, 0.325077, 0.163719, 0.027822, 0.697563, 0.875653, 0.388397, 0.454298, 0.469141], [0.791685, 0.773001, 0.881994, 0.382031, 0.999059, 0.329844, 0, 0.318802, 0.374861, 0.284607, 0.146535, 0.365151, 0.791822, 0.31493, 0.413545, 0.138744], [0.696819, 0.409314, 0.115774, 0.786328, 0.449059, 0.361347, 0.094714, 0, 0.395654, 0.399609, 0.656418, 0.474561, 0.367177, 0.155148, 0.880646, 0.211994], [0.078748, 0.733992, 0.789224, 0.552659, 0.722718, 0.89905, 0.662751, 0.831498, 0, 0.547718, 0.241613, 0.980718, 0.329372, 0.48678, 0.23811, 0.196125], [0.106934, 0.06849, 0.110129, 0.748726, 0.894021, 0.696965, 0.340353, 0.282773, 0.086846, 0, 0.514035, 0.145566, 0.352378, 0.110618, 0.260575, 0.793398], [0.51655, 0.563986, 0.600041, 0.11708, 0.296589, 0.839908, 0.657281, 0.532138, 0.157942, 0.930243, 0, 0.787835, 0.44824, 0.908594, 0.898542, 0.538145], [0.51496, 0.422299, 0.023378, 0.056052, 0.694136, 0.848811, 0.71672, 0.777834, 0.153288, 0.118931, 0.168917, 0, 0.293168, 0.691892, 0.092452, 0.178942], [0.662468, 0.123884, 0.617849, 0.230572, 0.2427, 0.079378, 0.859351, 0.334703, 0.514279, 0.087898, 0.585568, 0.145696, 0, 0.757115, 0.951114, 0.247583], [0.874159, 0.891645, 0.993804, 0.520439, 0.387822, 0.415464, 0.398181, 0.420828, 0.38477, 0.644466, 0.581734, 0.594467, 0.168969, 0, 0.827489, 0.192377], [0.581643, 0.515022, 0.125564, 0.152391, 0.145646, 0.738328, 0.567936, 0.640418, 0.631286, 0.138065, 0.279979, 0.396082, 0.32777, 0.004813, 0, 0.255609], [0.296235, 0.002608, 0.473068, 0.971112, 0.713597, 0.357347, 0.379378, 0.3586, 0.122147, 0.761834, 0.896179, 0.822151, 0.576514, 0.297745, 0.900394, 0]]}