{"v_num": 16, "mat": [[0, 0.187353, 0.732754, 0.426195, 0.729262, 0.911914, 0.982321, 0.512085, 0.189847, 0.594113, 0.44834, 0.838369, 0.761804, 0.589702, 0.703607, 0.924513], [0.634193, 0, 0.93214, 0.595504, 0.379462, 0.227023, 0.262287, 0.922872, 0.689637, 0.189899, 0.716088, 0.352888, 0.911393, 0.720542, 0.881386, 0.647949], [0.150801, 0.474111, 0, 0.960095, 0.808012, 0.95505, 0.10249, 0.30293, 0.039141, 0.532316, 0.764197, 0.827202, 0.474419, 0.272441, 0.79211, 0.199347], [0.578208, 0.935481, 0.688432, 0, 0.313598, 0.001259, 0.987691, 0.644909, 0.650318, 0.055982, 0.531051, 0.422531, 0.69273, 0.710969, 0.982852, 0.654579], [0.013884, 0.213108, 0.449959, 0.739268, 0, 0.036479, 0.22711, 0.060284, 0.0036, 0.826625, 0.36256, 0.679815, 0.097611, 0.934945, 0.942696, 0.515747], [0.310939, 0.148155, 0.707335, 0.187318, 0.009009, 0, 0.198795, 0.723687, 0.053985, 0.929102, 0.101299, 0.718645, 0.816317, 0.64904, 0.415803, 0.383023], [0.695403, 0.064374, 0.076476, 0.727888, 0.008662, 0.227542, 0, 0.363748, 0.788293, 0.719762, 0.864527, 0.18038, 0.672077, 0.587783, 0.796419, 0.903803], [0.113701, 0.603669, 0.205328, 0.99969, 0.682903, 0.985242, 0.090019, 0, 0.7542, 0.974922, 0.880449, 0.066959, 0.650079, 0.379098, 0.408698, 0.290985], [0.316491, 0.839805, 0.428174, 0.674822, 0.053591, 0.106028, 0.324385, 0.773435, 0, 0.609685, 0.829815, 0.602978, 0.898901, 0.963491, 0.416808, 0.9093], [0.162994, 0.332246, 0.899556, 0.322536, 0.108092, 0.124055, 0.141116, 0.155891, 0.882865, 0, 0.361711, 0.010289, 0.516193, 0.905616, 0.619964, 0.792566], [0.841122, 0.680153, 0.299459, 0.328351, 0.607477, 0.213933, 0.507519, 0.233525, 0.303139, 0.284177, 0, 0.291984, 0.596221, 0.423845, 0.821766, 0.195269], [0.823726, 0.705157, 0.859824, 0.396734, 0.064025, 0.159158, 0.622668, 0.908699, 0.177132, 0.982364, 0.437126, 0, 0.307727, 0.883067, 0.288206, 0.673315], [0.609909, 0.606871, 0.306323, 0.049891, 0.886891, 0.641395, 0.422883, 0.082519, 0.478117, 0.876193, 0.670391, 0.031514, 0, 0.972883, 0.627276, 0.019445], [0.384943, 0.079973, 0.554562, 0.842881, 0.521032, 0.923747, 0.737333, 0.534883, 0.643416, 0.745195, 0.394608, 0.918697, 0.852769, 0, 0.498007, 0.908953], [0.980305, 0.795805, 0.258337, 0.233177, 0.333968, 0.097578, 0.796711, 0.622264, 0.899725, 0.047436, 0.845581, 0.253714, 0.601677, 0.385309, 0, 0.620137], [0.846086, 0.761916, 0.301422, 0.544187, 0.198686, 0.367947, 0.043422, 0.676977, 0.853358, 0.963768, 0.532443, 0.388207, 0.497688, 0.131512, 0.297357, 0]]}