{"v_num": 16, "mat": [[0, 0.071425, 0.343572, 0.989179, 0.082427, 0.126693, 0.179805, 0.152246, 0.407535, 0.852824, 0.651027, 0.522264, 0.24881, 0.546915, 0.46667, 0.297383], [0.512466, 0, 0.582491, 0.819683, 0.538748, 0.921504, 0.71886, 0.976448, 0.641905, 0.548537, 0.178615, 0.571244, 0.483172, 0.762076, 0.721552, 0.149319], [0.907188, 0.32384, 0, 0.513231, 0.094046, 0.037542, 0.071603, 0.159594, 0.042392, 0.629646, 0.630713, 0.915722, 0.565994, 0.020588, 0.014348, 0.569862], [0.842275, 0.03092, 0.43267, 0, 0.270586, 0.30348, 0.916166, 0.935252, 0.431418, 0.680996, 0.795726, 0.679728, 0.542096, 0.976468, 0.732585, 0.059997], [0.459197, 0.47417, 0.610254, 0.429118, 0, 0.844829, 0.233235, 0.408924, 0.071637, 0.972782, 0.931503, 0.223913, 0.785574, 0.457063, 0.444913, 0.393464], [0.850803, 0.128026, 0.902868, 0.217351, 0.243873, 0, 0.315324, 0.626977, 0.326856, 0.283161, 0.104029, 0.75917, 0.429533, 0.927656, 0.571762, 0.745368], [0.932902, 0.432044, 0.809002, 0.215122, 0.104392, 0.348231, 0, 0.998038, 0.169246, 0.028702, 0.823217, 0.085035, 0.01792, 0.883515, 0.965858, 0.465268], [0.656192, 0.798146, 0.85061, 0.350509, 0.749953, 0.168508, 0.60348, 0, 0.170733, 0.386774, 0.686282, 0.238074, 0.28304, 0.386848, 0.354471, 0.107025], [0.904594, 0.715558, 0.956933, 0.567778, 0.508784, 0.783582, 0.925105, 0.827035, 0, 0.584792, 0.126242, 0.050914, 0.517436, 0.374579, 0.887459, 0.014514], [0.378157, 0.005092, 0.721581, 0.541678, 0.406711, 0.10858, 0.804376, 0.89575, 0.410113, 0, 0.881685, 0.046728, 0.221243, 0.717463, 0.587046, 0.304765], [0.817271, 0.682458, 0.705958, 0.170433, 0.479538, 0.368887, 0.033595, 0.774303, 0.887149, 0.319999, 0, 0.882865, 0.124034, 0.050025, 0.004108, 0.898801], [0.35181, 0.72695, 0.562161, 0.260088, 0.025779, 0.546227, 0.964131, 0.31192, 0.200865, 0.183524, 0.551887, 0, 0.674773, 0.019116, 0.520419, 0.785393], [0.854615, 0.847759, 0.728298, 0.576245, 0.086583, 0.854256, 0.357956, 0.748042, 0.018308, 0.930194, 0.454812, 0.508736, 0, 0.386526, 0.740909, 0.738156], [0.25034, 0.529625, 0.391469, 0.37264, 0.746109, 0.637794, 0.33653, 0.199758, 0.196892, 0.600987, 0.42584, 0.215816, 0.558171, 0, 0.729189, 0.808129], [0.025719, 0.016317, 0.882902, 0.856481, 0.39493, 0.149958, 0.627409, 0.321909, 0.917083, 0.254219, 0.625986, 0.178881, 0.810623, 0.764871, 0, 0.036108], [0.684482, 0.554712, 0.127369, 0.780954, 0.894533, 0.587332, 0.174098, 0.063316, 0.834268, 0.802067, 0.333055, 0.342437, 0.953478, 0.048642, 0.675837, 0]]}