{"v_num": 16, "mat": [[0, 0.231685, 0.403525, 0.293892, 0.839046, 0.513883, 0.30687, 0.681, 0.697341, 0.173685, 0.834172, 0.946878, 0.608531, 0.920934, 0.275796, 0.517725], [0.539436, 0, 0.598365, 0.197395, 0.053405, 0.698783, 0.226628, 0.266503, 0.543975, 0.489721, 0.147044, 0.385036, 0.805177, 0.076725, 0.382729, 0.306349], [0.693117, 0.317885, 0, 0.248945, 0.718316, 0.700503, 0.426774, 0.499128, 0.405502, 0.06976, 0.32993, 0.61524, 0.921019, 0.351634, 0.793331, 0.004093], [0.738661, 0.573652, 0.548823, 0, 0.035077, 0.070317, 0.103278, 0.70388, 0.091333, 0.359316, 0.524783, 0.937364, 0.918868, 0.256533, 0.880393, 0.686409], [0.452585, 0.523654, 0.443009, 0.455103, 0, 0.273585, 0.632238, 0.095385, 0.594951, 0.174677, 0.560548, 0.64457, 0.182217, 0.432849, 0.552859, 0.316982], [0.706258, 0.784504, 0.014053, 0.965606, 0.930062, 0, 0.725237, 0.003826, 0.247164, 0.341121, 0.903055, 0.973841, 0.066221, 0.801106, 0.298247, 0.316926], [0.878326, 0.579842, 0.088667, 0.342577, 0.11609, 0.65838, 0, 0.809161, 0.601168, 0.388297, 0.728409, 0.394532, 0.225051, 0.589303, 0.323694, 0.890968], [0.306842, 0.965949, 0.652034, 0.421006, 0.830217, 0.377893, 0.831289, 0, 0.208356, 0.716282, 0.356222, 0.225474, 0.531393, 0.631979, 0.746553, 0.068363], [0.908759, 0.894303, 0.813601, 0.555492, 0.738177, 0.977449, 0.258946, 0.573001, 0, 0.512312, 0.259166, 0.353738, 0.895141, 0.445744, 0.13561, 0.698104], [0.745579, 0.626807, 0.501389, 0.430874, 0.040767, 0.990925, 0.769528, 0.343339, 0.140142, 0, 0.172594, 0.105434, 0.874186, 0.47351, 0.735433, 0.064962], [0.569237, 0.655994, 0.353473, 0.244782, 0.500737, 0.411075, 0.754607, 0.96399, 0.991413, 0.619979, 0, 0.757282, 0.766008, 0.430914, 0.406043, 0.057329], [0.747742, 0.802555, 0.351891, 0.421746, 0.283707, 0.222871, 0.035953, 0.075325, 0.424436, 0.904563, 0.004793, 0, 0.502708, 0.586535, 0.050024, 0.048964], [0.650237, 0.325372, 0.85773, 0.128323, 0.372503, 0.205859, 0.448274, 0.313094, 0.993925, 0.241405, 0.136181, 0.611712, 0, 0.015108, 0.162245, 0.139291], [0.301536, 0.554908, 0.178056, 0.460848, 0.428365, 0.830267, 0.092149, 0.782612, 0.811345, 0.028265, 0.13431, 0.360785, 0.523432, 0, 0.160937, 0.194246], [0.823623, 0.953632, 0.502988, 0.850423, 0.599082, 0.706108, 0.543114, 0.928441, 0.769444, 0.89012, 0.216718, 0.156986, 0.127014, 0.329995, 0, 0.206412], [0.271993, 0.475917, 0.497167, 0.537011, 0.291151, 0.051362, 0.799405, 0.793564, 0.103691, 0.483882, 0.367363, 0.501262, 0.017694, 0.350073, 0.577033, 0]]}