{"v_num": 16, "mat": [[0, 0.293373, 0.425326, 0.372505, 0.42884, 0.193227, 0.049274, 0.765774, 0.703925, 0.873378, 0.919561, 0.289129, 0.191802, 0.317031, 0.506791, 0.378893], [0.291223, 0, 0.42118, 0.230806, 0.985846, 0.592571, 0.421995, 0.587718, 0.997911, 0.195921, 0.412251, 0.591115, 0.758219, 0.042397, 0.894118, 0.417635], [0.812821, 0.64737, 0, 0.496484, 0.27561, 0.540816, 0.466908, 0.09855, 0.079267, 0.143966, 0.096496, 0.389876, 0.3463, 0.121813, 0.828789, 0.842475], [0.682435, 0.197045, 0.663608, 0, 0.906583, 0.534496, 0.408519, 0.009898, 0.775851, 0.485001, 0.843811, 0.440727, 0.368887, 0.136845, 0.854325, 0.474547], [0.996299, 0.384604, 0.894929, 0.756321, 0, 0.534112, 0.692602, 0.531978, 0.320963, 0.401167, 0.395034, 0.035373, 0.390495, 0.046086, 0.680306, 0.027235], [0.476086, 0.59202, 0.007785, 0.058436, 0.103298, 0, 0.165077, 0.321767, 0.508873, 0.916865, 0.441997, 0.298951, 0.218815, 0.330366, 0.729652, 0.81812], [0.899681, 0.289802, 0.230313, 0.729115, 0.788872, 0.576832, 0, 0.235893, 0.986289, 0.904102, 0.509063, 0.714067, 0.577346, 0.478387, 0.270368, 0.81156], [0.951465, 0.92386, 0.042599, 0.141677, 0.513409, 0.255482, 0.81627, 0, 0.428632, 0.331617, 0.65638, 0.671821, 0.053679, 0.827226, 0.528486, 0.648921], [0.969412, 0.1151, 0.59445, 0.752347, 0.812036, 0.648621, 0.755714, 0.767205, 0, 0.442802, 0.169441, 0.558927, 0.086114, 0.001662, 0.732659, 0.166624], [0.02063, 0.762793, 0.056178, 0.02242, 0.994766, 0.734479, 0.903231, 0.568067, 0.429833, 0, 0.256195, 0.348333, 0.512425, 0.70221, 0.342839, 0.195715], [0.92153, 0.693538, 0.705687, 0.780732, 0.800439, 0.538184, 0.671377, 0.702338, 0.448632, 0.634353, 0, 0.600466, 0.3974, 0.738461, 0.967315, 0.671773], [0.103004, 0.175813, 0.439969, 0.378214, 0.026777, 0.587977, 0.985214, 0.274832, 0.086149, 0.954344, 0.791571, 0, 0.87287, 0.415803, 0.778119, 0.761786], [0.923827, 0.555118, 0.490107, 0.835862, 0.669088, 0.041806, 0.546333, 0.765341, 0.62211, 0.058388, 0.163349, 0.801613, 0, 0.069664, 0.207946, 0.802971], [0.527921, 0.317625, 0.297949, 0.129696, 0.72143, 0.493656, 0.118465, 0.454439, 0.377801, 0.855447, 0.680658, 0.348405, 0.510675, 0, 0.906972, 0.197788], [0.908384, 0.696254, 0.204718, 0.249697, 0.542236, 0.640485, 0.2903, 0.108999, 0.329235, 0.057175, 0.275183, 0.118081, 0.743742, 0.283137, 0, 0.902276], [0.40408, 0.013142, 0.958175, 0.652589, 0.428756, 0.444163, 0.182346, 0.974797, 0.918911, 0.27868, 0.022414, 0.133704, 0.724233, 0.402239, 0.890932, 0]]}