{"v_num": 16, "mat": [[0, 0.533163, 0.086188, 0.22121, 0.895058, 0.222735, 0.549927, 0.869167, 0.35307, 0.284361, 0.305653, 0.716693, 0.267588, 0.104033, 0.619338, 0.213146], [0.53343, 0, 0.264391, 0.754871, 0.459096, 0.497389, 0.919592, 0.09931, 0.820688, 0.018028, 0.673229, 0.50913, 0.010811, 0.559153, 0.11529, 0.391514], [0.367955, 0.030249, 0, 0.20963, 0.609726, 0.755957, 0.199784, 0.755489, 0.472463, 0.215312, 0.161488, 0.651656, 0.16074, 0.040644, 0.438705, 0.94731], [0.136583, 0.051662, 0.374424, 0, 0.954069, 0.664547, 0.063418, 0.581059, 0.490315, 0.939796, 0.708457, 0.193581, 0.988246, 0.44879, 0.640926, 0.876973], [0.818604, 0.047721, 0.744119, 0.833181, 0, 0.963119, 0.353218, 0.997821, 0.909299, 0.933873, 0.304052, 0.389965, 0.239452, 0.055768, 0.818652, 0.518759], [0.191478, 0.205262, 0.077447, 0.683551, 0.104392, 0, 0.196358, 0.56085, 0.72453, 0.978448, 0.604281, 0.698854, 0.129436, 0.270028, 0.573644, 0.948607], [0.71623, 0.467345, 0.502041, 0.22662, 0.679997, 0.803566, 0, 0.502447, 0.900572, 0.419744, 0.426809, 0.411761, 0.536452, 0.492188, 0.615981, 0.08229], [0.118737, 0.541892, 0.283257, 0.624445, 0.712589, 0.924818, 0.49325, 0, 0.906161, 0.198632, 0.765195, 0.734261, 0.152774, 0.221522, 0.84445, 0.742873], [0.351333, 0.482597, 0.371999, 0.076593, 0.493901, 0.972919, 0.334449, 0.894299, 0, 0.352828, 0.684427, 0.858949, 0.445465, 0.78024, 0.579998, 0.121181], [0.05999, 0.016752, 0.747922, 0.968507, 0.981788, 0.975499, 0.121056, 0.313943, 0.989102, 0, 0.08019, 0.53967, 0.472804, 0.709727, 0.485906, 0.154789], [0.714154, 0.506731, 0.456975, 0.902491, 0.666601, 0.382218, 0.83116, 0.973521, 0.522357, 0.793914, 0, 0.016888, 0.322941, 0.131187, 0.157344, 0.269327], [0.568694, 0.383309, 0.634499, 0.285817, 0.018026, 0.184198, 0.32094, 0.359585, 0.193281, 0.469168, 0.560901, 0, 0.559019, 0.848189, 0.787084, 0.387299], [0.687384, 0.501715, 0.089026, 0.301917, 0.703337, 0.427141, 0.961393, 0.255059, 0.529123, 0.009536, 0.934122, 0.906496, 0, 0.651874, 0.455792, 0.832113], [0.600036, 0.702456, 0.295144, 0.608914, 0.903178, 0.126833, 0.048802, 0.398036, 0.94298, 0.051082, 0.213601, 0.254966, 0.041153, 0, 0.145454, 0.85338], [0.330083, 0.175035, 0.234033, 0.969653, 0.225498, 0.111596, 0.067938, 0.423448, 0.314065, 0.086959, 0.521864, 0.809497, 0.343668, 0.142745, 0, 0.404775], [0.811158, 0.230963, 0.910201, 0.05898, 0.232285, 0.484369, 0.646276, 0.074786, 0.622666, 0.301267, 0.000487, 0.158997, 0.446928, 0.486383, 0.338077, 0]]}