{"v_num": 16, "mat": [[0, 0.454836, 0.927977, 0.116591, 0.710999, 0.391791, 0.388147, 0.295941, 0.218832, 0.522781, 0.320596, 0.75163, 0.309841, 0.541414, 0.120867, 0.677532], [0.527839, 0, 0.308795, 0.726656, 0.398053, 0.901617, 0.462917, 0.175834, 0.620253, 0.481466, 0.985738, 0.03665, 0.287389, 0.344937, 0.022115, 0.473251], [0.17736, 0.67654, 0, 0.463988, 0.52597, 0.63592, 0.033294, 0.219542, 0.850655, 0.364388, 0.482628, 0.281831, 0.317325, 0.772084, 0.472832, 0.587981], [0.982776, 0.682403, 0.407503, 0, 0.052495, 0.593958, 0.327525, 0.31508, 0.124112, 0.359894, 0.510536, 0.157703, 0.081864, 0.930954, 0.919864, 0.994716], [0.54289, 0.718216, 0.205128, 0.593964, 0, 0.248772, 0.621746, 0.591948, 0.147799, 0.658786, 0.055178, 0.519982, 0.964967, 0.321122, 0.541223, 0.788199], [0.697654, 0.527435, 0.401128, 0.116734, 0.716891, 0, 0.323123, 0.604033, 0.176603, 0.120648, 0.799346, 0.98114, 0.315074, 0.402181, 0.199851, 0.418655], [0.941099, 0.30892, 0.509922, 0.119789, 0.749205, 0.764408, 0, 0.068512, 0.913153, 0.872934, 0.280214, 0.726562, 0.611809, 0.741772, 0.814031, 0.001657], [0.617839, 0.323425, 0.219132, 0.339199, 0.548295, 0.680684, 0.000495, 0, 0.079047, 0.293698, 0.786954, 0.520091, 0.600302, 0.23464, 0.69774, 0.534305], [0.020144, 0.781217, 0.086419, 0.519641, 0.512454, 0.97208, 0.913766, 0.090185, 0, 0.367643, 0.065538, 0.106665, 0.070201, 0.158089, 0.097442, 0.881454], [0.733467, 0.889855, 0.780469, 0.676565, 0.027132, 0.44564, 0.164115, 0.482538, 0.126676, 0, 0.557215, 0.963414, 0.389063, 0.96338, 0.350181, 0.736277], [0.706567, 0.525736, 0.062069, 0.401515, 0.404189, 0.893434, 0.09527, 0.818011, 0.165178, 0.378041, 0, 0.960051, 0.503321, 0.949981, 0.490974, 0.000625], [0.583073, 0.935222, 0.007123, 0.766064, 0.817406, 0.916537, 0.834204, 0.7234, 0.989267, 0.912857, 0.658125, 0, 0.523692, 0.121588, 0.864804, 0.592927], [0.277196, 0.626463, 0.985082, 0.485501, 0.732502, 0.685575, 0.749045, 0.383772, 0.971805, 0.290839, 0.420405, 0.462898, 0, 0.218597, 0.501268, 0.192551], [0.69566, 0.72014, 0.931417, 0.988936, 0.941107, 0.63654, 0.268306, 0.632188, 0.386368, 0.575228, 0.491471, 0.754003, 0.685032, 0, 0.85538, 0.356415], [0.359712, 0.90083, 0.796183, 0.012545, 0.475028, 0.356289, 0.208178, 0.011045, 0.566052, 0.041739, 0.253233, 0.150602, 0.319659, 0.2956, 0, 0.611482], [0.703305, 0.208161, 0.222187, 0.02711, 0.921739, 0.615417, 0.097043, 0.726579, 0.830211, 0.026597, 0.943755, 0.873937, 0.148368, 0.436443, 0.329493, 0]]}