{"v_num": 16, "mat": [[0, 0.388892, 0.864612, 0.241088, 0.26539, 0.904372, 0.749174, 0.192444, 0.106089, 0.189913, 0.439509, 0.454062, 0.152855, 0.593126, 0.290015, 0.156835], [0.13497, 0, 0.268644, 0.687957, 0.919661, 0.327807, 0.223676, 0.116852, 0.709211, 0.411298, 0.239724, 0.779624, 0.685269, 0.809129, 0.89291, 0.79561], [0.512411, 0.137802, 0, 0.446298, 0.772795, 0.674979, 0.630868, 0.144923, 0.748442, 0.204645, 0.975526, 0.238004, 0.223219, 0.898372, 0.089482, 0.700856], [0.22034, 0.70703, 0.140218, 0, 0.581074, 0.721093, 0.311834, 0.66321, 0.927026, 0.491074, 0.987985, 0.464708, 0.004605, 0.628816, 0.47843, 0.414625], [0.440421, 0.921796, 0.573427, 0.154704, 0, 0.088788, 0.820268, 0.356971, 0.111191, 0.658831, 0.836703, 0.395279, 0.897925, 0.166589, 0.264195, 0.184587], [0.841862, 0.125971, 0.661519, 0.054465, 0.368764, 0, 0.011229, 0.996245, 0.916319, 0.261908, 0.531951, 0.31827, 0.976892, 0.852955, 0.64823, 0.83651], [0.860024, 0.266652, 0.529383, 0.51029, 0.241006, 0.814273, 0, 0.090549, 0.77709, 0.839974, 0.922313, 0.384111, 0.02486, 0.854293, 0.137089, 0.748401], [0.310199, 0.787318, 0.522933, 0.541264, 0.949521, 0.63223, 0.609682, 0, 0.010998, 0.390257, 0.71709, 0.480838, 0.1252, 0.975494, 0.192246, 0.433025], [0.853289, 0.127678, 0.789483, 0.42242, 0.326826, 0.941172, 0.625935, 0.402079, 0, 0.392595, 0.556996, 0.315087, 0.956516, 0.443056, 0.801011, 0.838537], [0.274514, 0.783544, 0.83334, 0.22928, 0.950416, 0.988496, 0.573988, 0.228485, 0.258281, 0, 0.541006, 0.003633, 0.54966, 0.610321, 0.644179, 0.259522], [0.934524, 0.68868, 0.885667, 0.145008, 0.588701, 0.496836, 0.829252, 0.187474, 0.778658, 0.20792, 0, 0.652033, 0.816293, 0.995843, 0.236439, 0.595688], [0.24352, 0.608717, 0.519879, 0.50686, 0.347978, 0.949032, 0.920613, 0.243151, 0.309755, 0.794372, 0.564946, 0, 0.30387, 0.481655, 0.334094, 0.710655], [0.066277, 0.799905, 0.265386, 0.259946, 0.965688, 0.278127, 0.874831, 0.174767, 0.42189, 0.870952, 0.901003, 0.185347, 0, 0.459035, 0.567837, 0.635798], [0.861336, 0.471125, 0.086515, 0.71842, 0.732436, 0.554794, 0.476301, 0.096147, 0.659652, 0.623983, 0.465022, 0.142347, 0.671858, 0, 0.072244, 0.818294], [0.177649, 0.496387, 0.290474, 0.231145, 0.183778, 0.569065, 0.466549, 0.580534, 0.301293, 0.137854, 0.461175, 0.679987, 0.702254, 0.012512, 0, 0.76378], [0.059226, 0.382627, 0.13234, 0.752958, 0.994797, 0.723046, 0.755159, 0.807663, 0.01388, 0.958784, 0.542565, 0.686273, 0.068864, 0.96932, 0.890152, 0]]}