{"v_num": 16, "mat": [[0, 0.914671, 0.336067, 0.193116, 0.474731, 0.032769, 0.204107, 0.926836, 0.672125, 0.26556, 0.13345, 0.365724, 0.253118, 0.089525, 0.267764, 0.912763], [0.733295, 0, 0.704492, 0.077323, 0.157269, 0.492368, 0.974006, 0.919305, 0.82687, 0.824936, 0.833951, 0.428698, 0.680688, 0.449001, 0.919537, 0.798438], [0.921531, 0.762713, 0, 0.712994, 0.879512, 0.937724, 0.660933, 0.598402, 0.378518, 0.310044, 0.930738, 0.793165, 0.617795, 0.454724, 0.921907, 0.446716], [0.485166, 0.940959, 0.765602, 0, 0.683159, 0.445305, 0.265799, 0.53525, 0.274504, 0.328707, 0.739397, 0.319899, 0.714122, 0.644585, 0.185575, 0.509486], [0.080477, 0.192301, 0.077842, 0.273764, 0, 0.974421, 0.654369, 0.333771, 0.070249, 0.424615, 0.381451, 0.645234, 0.873661, 0.049681, 0.389203, 0.757626], [0.638433, 0.969407, 0.916347, 0.954765, 0.448373, 0, 0.727575, 0.243059, 0.279697, 0.249462, 0.611764, 0.39721, 0.996592, 0.391911, 0.227751, 0.063124], [0.423991, 0.208858, 0.904763, 0.955787, 0.230054, 0.84343, 0, 0.435059, 0.872024, 0.301604, 0.768595, 0.40283, 0.115111, 0.889119, 0.483022, 0.514866], [0.422998, 0.611023, 0.187012, 0.911719, 0.98282, 0.716353, 0.375934, 0, 0.158078, 0.3012, 0.343122, 0.348023, 0.431112, 0.784362, 0.769651, 0.013793], [0.155931, 0.331594, 0.022155, 0.444984, 0.928385, 0.373191, 0.76872, 0.179662, 0, 0.400703, 0.505655, 0.291699, 0.925215, 0.755944, 0.541565, 0.345066], [0.652154, 0.937758, 0.003763, 0.406408, 0.630637, 0.233027, 0.466205, 0.726858, 0.573168, 0, 0.81389, 0.833878, 0.765738, 0.387027, 0.337282, 0.897198], [0.849821, 0.297109, 0.565616, 0.795583, 0.213597, 0.430773, 0.047402, 0.730435, 0.98888, 0.640086, 0, 0.55878, 0.531714, 0.801663, 0.854486, 0.423682], [0.615284, 0.501298, 0.326556, 0.971707, 0.268794, 0.534196, 0.629581, 0.976643, 0.672177, 0.407613, 0.911781, 0, 0.01806, 0.120765, 0.828884, 0.235058], [0.272034, 0.87413, 0.285273, 0.219362, 0.957221, 0.760579, 0.69798, 0.999986, 0.657019, 0.582097, 0.914031, 0.035333, 0, 0.394182, 0.274093, 0.459834], [0.687463, 0.002453, 0.363312, 0.882815, 0.474123, 0.902633, 0.930403, 0.365611, 0.090417, 0.907174, 0.3081, 0.464921, 0.846566, 0, 0.252687, 0.264255], [0.144152, 0.431719, 0.482115, 0.803616, 0.956448, 0.700108, 0.037986, 0.765696, 0.484614, 0.160245, 0.290088, 0.460077, 0.122919, 0.668576, 0, 0.239002], [0.40345, 0.678496, 0.971069, 0.880024, 0.771189, 0.191663, 0.008778, 0.020679, 0.390557, 0.318473, 0.238358, 0.881812, 0.438781, 0.485759, 0.037525, 0]]}