{"v_num": 16, "mat": [[0, 0.514992, 0.503743, 0.730642, 0.426132, 0.581502, 0.284085, 0.543945, 0.165008, 0.148143, 0.998587, 0.450731, 0.287412, 0.113003, 0.123291, 0.370217], [0.95096, 0, 0.62105, 0.996714, 0.90428, 0.937877, 0.333278, 0.452746, 0.937821, 0.809519, 0.432497, 0.06779, 0.568087, 0.794796, 0.236647, 0.166957], [0.707492, 0.097053, 0, 0.515604, 0.222289, 0.429387, 0.512315, 0.353041, 0.983117, 0.711006, 0.420482, 0.732, 0.933809, 0.296111, 0.826593, 0.859948], [0.30444, 0.445736, 0.547643, 0, 0.031466, 0.133367, 0.956539, 0.41256, 0.758361, 0.685069, 0.296367, 0.923192, 0.694125, 0.939931, 0.335078, 0.233936], [0.740851, 0.065037, 0.604185, 0.480122, 0, 0.198306, 0.606363, 0.745547, 0.578382, 0.33876, 0.021609, 0.467046, 0.544514, 0.467679, 0.859157, 0.809913], [0.5148, 0.159167, 0.572872, 0.264133, 0.5039, 0, 0.499894, 0.699955, 0.18673, 0.109981, 0.180712, 0.55204, 0.775516, 0.938476, 0.069958, 0.918264], [0.045645, 0.289963, 0.784476, 0.458489, 0.573307, 0.108645, 0, 0.483661, 0.804816, 0.734714, 0.017705, 0.239318, 0.413798, 0.270972, 0.120711, 0.246136], [0.986549, 0.293883, 0.565494, 0.145596, 0.419989, 0.825145, 0.638684, 0, 0.723859, 0.098887, 0.970692, 0.008098, 0.032518, 0.94642, 0.648339, 0.085215], [0.209575, 0.517301, 0.015348, 0.895444, 0.767119, 0.375601, 0.100508, 0.423927, 0, 0.29007, 0.540723, 0.988598, 0.439952, 0.646403, 0.99341, 0.111223], [0.425377, 0.857612, 0.453605, 0.217886, 0.423268, 0.760962, 0.362756, 0.044507, 0.737208, 0, 0.751068, 0.604562, 0.133115, 0.521955, 0.509347, 0.844407], [0.787426, 0.720033, 0.308735, 0.8572, 0.829887, 0.35531, 0.913033, 0.809152, 0.837748, 0.154738, 0, 0.535897, 0.816812, 0.061774, 0.472623, 0.298922], [0.508781, 0.736722, 0.499805, 0.871788, 0.222662, 0.138638, 0.173352, 0.207559, 0.570586, 0.171993, 0.436759, 0, 0.935866, 0.073492, 0.658959, 0.169686], [0.932581, 0.543714, 0.360903, 0.368045, 0.179514, 0.97988, 0.40325, 0.117641, 0.692346, 0.568587, 0.647979, 0.991417, 0, 0.982277, 0.012026, 0.576024], [0.074291, 0.131417, 0.230323, 0.460101, 0.508101, 0.85792, 0.409518, 0.236301, 0.602466, 0.312716, 0.535526, 0.726115, 0.636778, 0, 0.117683, 0.350126], [0.002035, 0.944901, 0.647913, 0.398808, 0.96665, 0.128314, 0.011224, 0.956801, 0.974384, 0.010019, 0.388656, 0.502465, 0.154629, 0.38772, 0, 0.039924], [0.783126, 0.199529, 0.945735, 0.408494, 0.775849, 0.469811, 0.697648, 0.043366, 0.730517, 0.773087, 0.74291, 0.831804, 0.825534, 0.511056, 0.607187, 0]]}