{"v_num": 16, "mat": [[0, 0.386951, 0.194728, 0.216813, 0.839557, 0.937971, 0.502891, 0.860697, 0.093959, 0.791752, 0.427344, 0.295301, 0.246653, 0.24552, 0.639546, 0.491747], [0.092929, 0, 0.704681, 0.761225, 0.503657, 0.709578, 0.606059, 0.633789, 0.603964, 0.906064, 0.846897, 0.557952, 0.181764, 0.987402, 0.945861, 0.236686], [0.570515, 0.711605, 0, 0.906088, 0.675357, 0.047138, 0.657671, 0.591539, 0.25459, 0.625603, 0.239504, 0.194954, 0.631389, 0.794972, 0.669426, 0.843543], [0.855175, 0.971938, 0.904111, 0, 0.88579, 0.791654, 0.905776, 0.479483, 0.327955, 0.337055, 0.664673, 0.108199, 0.343823, 0.647609, 0.067323, 0.782318], [0.806039, 0.041606, 0.55743, 0.865956, 0, 0.013534, 0.569869, 0.881716, 0.856787, 0.580078, 0.261483, 0.234857, 0.173214, 0.951458, 0.36305, 0.684876], [0.217802, 0.69911, 0.720318, 0.891405, 0.07754, 0, 0.048667, 0.984647, 0.513458, 0.999806, 0.735249, 0.885206, 0.06672, 0.363594, 0.933034, 0.127594], [0.522547, 0.350813, 0.779033, 0.734949, 0.912992, 0.196375, 0, 0.91747, 0.817949, 0.024669, 0.878245, 0.186267, 0.694586, 0.997831, 0.092935, 0.868726], [0.238985, 0.467977, 0.082139, 0.466577, 0.196147, 0.519266, 0.058886, 0, 0.339772, 0.397326, 0.689513, 0.493355, 0.299722, 0.33956, 0.418532, 0.675733], [0.099979, 0.35733, 0.503546, 0.547605, 0.335918, 0.117432, 0.547262, 0.348718, 0, 0.569609, 0.219043, 0.463688, 0.79896, 0.853958, 0.025249, 0.998808], [0.286123, 0.599643, 0.261968, 0.652024, 0.092165, 0.271759, 0.764525, 0.751661, 0.909334, 0, 0.577657, 0.063371, 0.804976, 0.585844, 0.067106, 0.959974], [0.219175, 0.245777, 0.321107, 0.747237, 0.92631, 0.383208, 0.550211, 0.691753, 0.418468, 0.134022, 0, 0.738893, 0.5979, 0.248055, 0.434759, 0.791354], [0.026817, 0.026919, 0.746871, 0.500207, 0.971313, 0.16693, 0.478008, 0.525042, 0.02219, 0.72179, 0.799668, 0, 0.355459, 0.295685, 0.021932, 0.928425], [0.888063, 0.918869, 0.297017, 0.122761, 0.707853, 0.334218, 0.450027, 0.363715, 0.12804, 0.49752, 0.865071, 0.360087, 0, 0.515559, 0.944252, 0.049037], [0.00085, 0.584917, 0.118485, 0.257849, 0.579925, 0.664754, 0.585557, 0.004993, 0.375539, 0.020502, 0.702815, 0.850083, 0.9368, 0, 0.084855, 0.282119], [0.239287, 0.575612, 0.678506, 0.726118, 0.611031, 0.708825, 0.619008, 0.696345, 0.558299, 0.303324, 0.213973, 0.32905, 0.882569, 0.916895, 0, 0.086718], [0.393241, 0.493226, 0.873747, 0.471607, 0.678375, 0.338241, 0.308641, 0.140058, 0.264813, 0.623168, 0.404812, 0.636396, 0.764885, 0.545075, 0.727605, 0]]}