{"v_num": 16, "mat": [[0, 0.854507, 0.890509, 0.979514, 0.686878, 0.712641, 0.874001, 0.99953, 0.972467, 0.29479, 0.445073, 0.313894, 0.90283, 0.224758, 0.775825, 0.410551], [0.408804, 0, 0.792657, 0.887013, 0.188317, 0.114086, 0.922421, 0.559465, 0.617399, 0.531272, 0.705123, 0.800806, 0.802779, 0.310746, 0.686044, 0.383887], [0.601412, 0.620767, 0, 0.359893, 0.837275, 0.75123, 0.255925, 0.729276, 0.80806, 0.626171, 0.249344, 0.594224, 0.036615, 0.181865, 0.768924, 0.131813], [0.191737, 0.362971, 0.333121, 0, 0.499229, 0.014906, 0.116204, 0.525408, 0.06346, 0.643588, 0.799164, 0.029359, 0.249879, 0.473585, 0.695445, 0.84135], [0.503219, 0.316345, 0.459869, 0.36805, 0, 0.890227, 0.947198, 0.918652, 0.162504, 0.518251, 0.417088, 0.153675, 0.066976, 0.847556, 0.192842, 0.247409], [0.01325, 0.898662, 0.387204, 0.704012, 0.889632, 0, 0.958193, 0.842832, 0.007124, 0.573354, 0.814436, 0.66584, 0.849865, 0.627734, 0.14271, 0.043848], [0.311069, 0.65327, 0.528053, 0.009615, 0.427328, 0.176126, 0, 0.848066, 0.780228, 0.279017, 0.708001, 0.384841, 0.312515, 0.609868, 0.042813, 0.621356], [0.430892, 0.628566, 0.784194, 0.285336, 0.99754, 0.787723, 0.509198, 0, 0.270756, 0.011463, 0.190254, 0.404551, 0.176056, 0.931239, 0.480495, 0.487843], [0.869864, 0.15848, 0.34238, 0.96367, 0.479269, 0.618903, 0.880443, 0.955506, 0, 0.318499, 0.512424, 0.365449, 0.716779, 0.595714, 0.766938, 0.917902], [0.703103, 0.974844, 0.743904, 0.433705, 0.960695, 0.829341, 0.160225, 0.884396, 0.55149, 0, 0.207699, 0.778893, 0.942188, 0.364245, 0.630333, 0.10487], [0.151076, 0.825882, 0.641876, 0.170659, 0.608193, 0.859059, 0.759324, 0.721165, 0.112257, 0.86973, 0, 0.813997, 0.16306, 0.877868, 0.379085, 0.032748], [0.726814, 0.719816, 0.272901, 0.575078, 0.789039, 0.358749, 0.31697, 0.060334, 0.472188, 0.615034, 0.846582, 0, 0.609617, 0.570666, 0.244635, 0.359949], [0.218131, 0.654985, 0.482992, 0.613474, 0.778286, 0.803715, 0.032339, 0.188407, 0.99834, 0.749503, 0.142094, 0.351909, 0, 0.202687, 0.151978, 0.061204], [0.853086, 0.29826, 0.152885, 0.624215, 0.177758, 0.985048, 0.796935, 0.444022, 0.873505, 0.228767, 0.999433, 0.906534, 0.966249, 0, 0.9395, 0.252962], [0.758311, 0.736294, 0.015171, 0.284285, 0.561125, 0.203751, 0.847246, 0.874323, 0.602596, 0.562105, 0.888473, 0.784541, 0.364574, 0.1105, 0, 0.737916], [0.053227, 0.840633, 0.402013, 0.059932, 0.419167, 0.294269, 0.396623, 0.387265, 0.519356, 0.278212, 0.371675, 0.988449, 0.029144, 0.951392, 0.42009, 0]]}