{"v_num": 16, "mat": [[0, 0.369318, 0.78267, 0.373875, 0.041237, 0.170177, 0.00573, 0.150051, 0.614354, 0.36554, 0.384496, 0.60629, 0.671805, 0.05553, 0.480901, 0.120248], [0.498446, 0, 0.51263, 0.143668, 0.416632, 0.204846, 0.357274, 0.93251, 0.359266, 0.188146, 0.610762, 0.130056, 0.616193, 0.961762, 0.977074, 0.068064], [0.705207, 0.768579, 0, 0.242044, 0.818244, 0.817061, 0.743785, 0.063178, 0.960661, 0.13806, 0.245069, 0.38022, 0.382054, 0.154401, 0.857183, 0.120479], [0.683156, 0.738762, 0.81203, 0, 0.53601, 0.29503, 0.096327, 0.383423, 0.946363, 0.265982, 0.714149, 0.436538, 0.92721, 0.803209, 0.120994, 0.182931], [0.86459, 0.373669, 0.521148, 0.057687, 0, 0.679405, 0.593855, 0.929197, 0.555517, 0.278405, 0.581274, 0.339971, 0.343718, 0.141628, 0.276858, 0.271404], [0.762755, 0.553126, 0.311747, 0.819287, 0.841538, 0, 0.34368, 0.333683, 0.071892, 0.64686, 0.1713, 0.237479, 0.228737, 0.324903, 0.124037, 0.276995], [0.56309, 0.771055, 0.858858, 0.220281, 0.413973, 0.628047, 0, 0.552888, 0.301412, 0.327279, 0.153032, 0.380398, 0.8608, 0.895034, 0.007458, 0.3298], [0.359943, 0.430128, 0.019573, 0.25032, 0.632916, 0.783727, 0.93899, 0, 0.81298, 0.648386, 0.654076, 0.517523, 0.106454, 0.079724, 0.826853, 0.535734], [0.358738, 0.280481, 0.849098, 0.066226, 0.176098, 0.813625, 0.629059, 0.156978, 0, 0.152375, 0.33681, 0.675195, 0.057895, 0.006167, 0.332857, 0.564605], [0.908151, 0.663018, 0.131327, 0.553297, 0.983024, 0.132749, 0.393727, 0.659042, 0.846649, 0, 0.975501, 0.182608, 0.731148, 0.571816, 0.093043, 0.942149], [0.501349, 0.799901, 0.747114, 0.108835, 0.534941, 0.024304, 0.194872, 0.989446, 0.494439, 0.531382, 0, 0.150115, 0.863305, 0.055614, 0.055155, 0.035426], [0.522715, 0.846347, 0.726124, 0.327379, 0.6199, 0.431514, 0.592733, 0.654476, 0.897589, 0.054638, 0.094802, 0, 0.122181, 0.561876, 0.039048, 0.12305], [0.359879, 0.73375, 0.218507, 0.011187, 0.367242, 0.331693, 0.33888, 0.737952, 0.502153, 0.24644, 0.007135, 0.710878, 0, 0.273133, 0.762636, 0.802693], [0.079377, 0.866042, 0.578216, 0.065791, 0.587797, 0.372519, 0.705905, 0.650643, 0.818294, 0.90344, 0.62037, 0.304131, 0.765982, 0, 0.568536, 0.208963], [0.462248, 0.068351, 0.963991, 0.272543, 0.934272, 0.122453, 0.710156, 0.480371, 0.532145, 0.647683, 0.328986, 0.265657, 0.406263, 0.768464, 0, 0.879324], [0.697675, 0.870235, 0.465329, 0.370933, 0.351536, 0.377552, 0.059105, 0.703642, 0.820661, 0.709545, 0.981798, 0.51929, 0.138994, 0.905347, 0.151114, 0]]}