{"v_num": 16, "mat": [[0, 0.714332, 0.136647, 0.592574, 0.349616, 0.162092, 0.745969, 0.814118, 0.38357, 0.318878, 0.496515, 0.18372, 0.331848, 0.664593, 0.479677, 0.865541], [0.682081, 0, 0.861315, 0.738062, 0.68701, 0.556929, 0.021313, 0.606501, 0.041136, 0.885003, 0.022318, 0.969508, 0.149767, 0.267532, 0.809585, 0.877491], [0.969686, 0.33303, 0, 0.848936, 0.164471, 0.537249, 0.154535, 0.400993, 0.597499, 0.456562, 0.368398, 0.148458, 0.206859, 0.513873, 0.815121, 0.104456], [0.984383, 0.099093, 0.523975, 0, 0.957966, 0.788708, 0.176943, 0.622974, 0.38879, 0.160907, 0.41761, 0.329589, 0.615293, 0.977111, 0.13516, 0.398459], [0.3589, 0.229631, 0.124911, 0.818486, 0, 0.766566, 0.981075, 0.693866, 0.656642, 0.401003, 0.951521, 0.618151, 0.78203, 0.897794, 0.25314, 0.610591], [0.183951, 0.552648, 0.777129, 0.468106, 0.844605, 0, 0.532131, 0.951258, 0.555582, 0.02593, 0.753292, 0.705983, 0.405245, 0.731072, 0.972771, 0.069758], [0.358422, 0.465373, 0.569553, 0.298619, 0.295343, 0.827903, 0, 0.826022, 0.190395, 0.900325, 0.142619, 0.670362, 0.902941, 0.353423, 0.248906, 0.795268], [0.578497, 0.636685, 0.316002, 0.666091, 0.986508, 0.677139, 0.870808, 0, 0.015328, 0.722781, 0.615566, 0.946007, 0.48202, 0.541246, 0.427987, 0.563059], [0.601497, 0.7533, 0.298408, 0.842642, 0.358028, 0.99687, 0.484946, 0.046161, 0, 0.321562, 0.306758, 0.586238, 0.515121, 0.984552, 0.054671, 0.437192], [0.704957, 0.682635, 0.787128, 0.822043, 0.37604, 0.813077, 0.914227, 0.289373, 0.125715, 0, 0.311813, 0.361525, 0.954107, 0.018631, 0.930995, 0.40718], [0.676882, 0.488765, 0.700166, 0.016908, 0.76052, 0.250767, 0.90387, 0.278423, 0.765435, 0.699498, 0, 0.649169, 0.042837, 0.159803, 0.732663, 0.566593], [0.41767, 0.190186, 0.82307, 0.641451, 0.245982, 0.792903, 0.485014, 0.228231, 0.802921, 0.805708, 0.14723, 0, 0.701955, 0.936007, 0.906886, 0.678797], [0.809606, 0.298316, 0.035175, 0.906303, 0.422238, 0.29606, 0.226392, 0.847748, 0.537432, 0.068549, 0.004458, 0.348849, 0, 0.007968, 0.029669, 0.857879], [0.17188, 0.75941, 0.559317, 0.457149, 0.348518, 0.910666, 0.692204, 0.533938, 0.187374, 0.065555, 0.696505, 0.862318, 0.287107, 0, 0.549823, 0.254422], [0.9674, 0.518112, 0.014003, 0.036181, 0.657924, 0.714144, 0.679768, 0.919191, 0.639006, 0.65674, 0.906586, 0.811788, 0.245493, 0.830167, 0, 0.431785], [0.58375, 0.867751, 0.019911, 0.034252, 0.472054, 0.584977, 0.071538, 0.955642, 0.452777, 0.432, 0.069882, 0.185107, 0.417186, 0.705029, 0.565557, 0]]}