{"v_num": 16, "mat": [[0, 0.522834, 0.38574, 0.680327, 0.330097, 0.326752, 0.413793, 0.868387, 0.268005, 0.266711, 0.500084, 0.03997, 0.31031, 0.774998, 0.065803, 0.561492], [0.185727, 0, 0.96863, 0.996915, 0.41837, 0.510318, 0.5252, 0.14665, 0.763385, 0.514612, 0.610231, 0.865644, 0.355984, 0.73751, 0.684806, 0.03752], [0.752572, 0.206547, 0, 0.438815, 0.652501, 0.265009, 0.563433, 0.890699, 0.202223, 0.820985, 0.901979, 0.530596, 0.380178, 0.311098, 0.096189, 0.615823], [0.078939, 0.506122, 0.454045, 0, 0.61951, 0.479154, 0.188439, 0.398404, 0.579731, 0.652524, 0.792703, 0.743732, 0.150936, 0.731872, 0.858219, 0.084946], [0.642488, 0.181129, 0.085126, 0.454259, 0, 0.46936, 0.791133, 0.370039, 0.050849, 0.405644, 0.207028, 0.921255, 0.590829, 0.743693, 0.19529, 0.797457], [0.149506, 0.4879, 0.503774, 0.108238, 0.117346, 0, 0.780544, 0.349328, 0.807227, 0.183678, 0.772043, 0.714431, 0.878422, 0.922282, 0.662199, 0.943907], [0.581635, 0.701063, 0.608504, 0.135586, 0.816862, 0.890297, 0, 0.092194, 0.329065, 0.562027, 0.469996, 0.632219, 0.28689, 0.239195, 0.963652, 0.995868], [0.502985, 0.209635, 0.676154, 0.191027, 0.844381, 0.405897, 0.826179, 0, 0.193594, 0.52526, 0.297995, 0.824087, 0.107657, 0.599237, 0.214135, 0.679956], [0.432388, 0.504226, 0.826007, 0.099581, 0.686823, 0.828105, 0.41389, 0.46558, 0, 0.758156, 0.425199, 0.102999, 0.395555, 0.491109, 0.734746, 0.540784], [0.848293, 0.047509, 0.396771, 0.319543, 0.506205, 0.209947, 0.660084, 0.724702, 0.016821, 0, 0.684272, 0.946262, 0.886263, 0.403485, 0.882691, 0.163058], [0.325984, 0.088372, 0.93423, 0.221089, 0.41606, 0.7597, 0.987272, 0.786798, 0.62063, 0.265759, 0, 0.123965, 0.251392, 0.943708, 0.5384, 0.014406], [0.097946, 0.28478, 0.499739, 0.385171, 0.04138, 0.309663, 0.856419, 0.367372, 0.552977, 0.854987, 0.912246, 0, 0.21482, 0.545608, 0.335505, 0.908234], [0.009204, 0.152844, 0.163876, 0.267893, 0.829772, 0.406984, 0.389289, 0.357854, 0.675957, 0.67235, 0.635485, 0.729227, 0, 0.833194, 0.915917, 0.485631], [0.410879, 0.078674, 0.970965, 0.829533, 0.970643, 0.568198, 0.91038, 0.673023, 0.019774, 0.052148, 0.428435, 0.164047, 0.729038, 0, 0.015891, 0.361157], [0.223899, 0.667923, 0.017968, 0.329586, 0.317155, 0.980021, 0.211891, 0.088845, 0.526312, 0.69934, 0.937069, 0.61865, 0.202738, 0.828146, 0, 0.55398], [0.416696, 0.453684, 0.977028, 0.071314, 0.440659, 0.963462, 0.352684, 0.94624, 0.379714, 0.767068, 0.388329, 0.956264, 0.964433, 0.828797, 0.057905, 0]]}