{"v_num": 16, "mat": [[0, 0.210827, 0.837109, 0.888369, 0.702379, 0.12055, 0.857615, 0.381439, 0.919555, 0.317087, 0.803413, 0.59009, 0.633735, 0.920229, 0.641966, 0.289746], [0.365758, 0, 0.308643, 0.450341, 0.78686, 0.464556, 0.817076, 0.812777, 0.189524, 0.310044, 0.410944, 0.608247, 0.012059, 0.154646, 0.17714, 0.814252], [0.077285, 0.919472, 0, 0.450676, 0.650747, 0.31936, 0.210914, 0.299857, 0.955737, 0.023891, 0.187239, 0.791878, 0.286317, 0.11488, 0.179129, 0.46846], [0.030364, 0.541808, 0.257038, 0, 0.625453, 0.367675, 0.506166, 0.716171, 0.646708, 0.892497, 0.34152, 0.065356, 0.561618, 0.271961, 0.847605, 0.468647], [0.399908, 0.218864, 0.055617, 0.128459, 0, 0.456459, 0.448046, 0.513643, 0.875415, 0.568522, 0.189993, 0.467484, 0.304424, 0.130251, 0.983198, 0.425898], [0.948347, 0.078333, 0.565276, 0.559608, 0.573399, 0, 0.198823, 0.110095, 0.868209, 0.849336, 0.484648, 0.254832, 0.738858, 0.87909, 0.094926, 0.141583], [0.802181, 0.670959, 0.731832, 0.951643, 0.590232, 0.375734, 0, 0.961961, 0.492958, 0.608203, 0.935674, 0.43548, 0.651167, 0.023941, 0.452464, 0.455811], [0.934798, 0.634664, 0.635345, 0.615741, 0.53434, 0.656469, 0.816995, 0, 0.73874, 0.197017, 0.474919, 0.230594, 0.285952, 0.051838, 0.166214, 0.426827], [0.414629, 0.533154, 0.831276, 0.016967, 0.779155, 0.083924, 0.608903, 0.431266, 0, 0.649746, 0.885781, 0.821303, 0.383953, 0.501826, 0.547738, 0.085886], [0.977998, 0.554547, 0.781966, 0.962899, 0.341321, 0.488425, 0.509332, 0.595302, 0.568151, 0, 0.285376, 0.167284, 0.917588, 0.777368, 0.18741, 0.210648], [0.505189, 0.381287, 0.271815, 0.783928, 0.322216, 0.638788, 0.504058, 0.388511, 0.935646, 0.591851, 0, 0.358504, 0.135784, 0.327357, 0.562437, 0.900275], [0.991782, 0.348204, 0.605994, 0.985879, 0.617231, 0.216408, 0.722832, 0.277741, 0.650408, 0.419318, 0.610233, 0, 0.15186, 0.81992, 0.94587, 0.038466], [0.362174, 0.158536, 0.700073, 0.744234, 0.702283, 0.654192, 0.886206, 0.592078, 0.495414, 0.492085, 0.806504, 0.830058, 0, 0.18772, 0.142141, 0.032988], [0.775967, 0.005989, 0.157794, 0.294819, 0.397381, 0.978918, 0.461528, 0.770393, 0.584002, 0.959328, 0.264257, 0.030707, 0.202556, 0, 0.527491, 0.701299], [0.188503, 0.053, 0.731256, 0.080169, 0.224196, 0.595154, 0.052098, 0.536231, 0.742326, 0.102102, 0.627364, 0.853868, 0.137125, 0.90548, 0, 0.912931], [0.188082, 0.980072, 0.570656, 0.917098, 0.556391, 0.677321, 0.501322, 0.604478, 0.729137, 0.708267, 0.690794, 0.841682, 0.368642, 0.604212, 0.419381, 0]]}