{"v_num": 16, "mat": [[0, 0.443914, 0.8259, 0.987901, 0.420731, 0.900188, 0.160898, 0.704991, 0.876379, 0.940212, 0.776734, 0.29805, 0.356407, 0.384877, 0.083889, 0.367177], [0.814347, 0, 0.003795, 0.992832, 0.256173, 0.53322, 0.939355, 0.897189, 0.916183, 0.866736, 0.04561, 0.256665, 0.743074, 0.096635, 0.58019, 0.628015], [0.384436, 0.366433, 0, 0.072134, 0.12666, 0.904141, 0.766892, 0.005689, 0.174273, 0.435677, 0.075161, 0.640838, 0.938149, 0.136609, 0.88123, 0.728347], [0.62176, 0.307886, 0.685811, 0, 0.108661, 0.378352, 0.345206, 0.668578, 0.409694, 0.682996, 0.229179, 0.550131, 0.548772, 0.25095, 0.669205, 0.339869], [0.498161, 0.902499, 0.63874, 0.660178, 0, 0.587725, 0.037547, 0.89643, 0.964162, 0.516943, 0.9847, 0.698533, 0.677354, 0.330445, 0.519981, 0.977699], [0.327459, 0.503405, 0.002534, 0.976017, 0.333212, 0, 0.833669, 0.485719, 0.336974, 0.84572, 0.364863, 0.319532, 0.233203, 0.72552, 0.257854, 0.970817], [0.051292, 0.872943, 0.098745, 0.765476, 0.542997, 0.009772, 0, 0.207231, 0.472853, 0.24465, 0.502729, 0.48669, 0.937026, 0.301912, 0.767787, 0.871396], [0.117224, 0.997776, 0.963005, 0.97169, 0.313871, 0.066007, 0.78075, 0, 0.434414, 0.987387, 0.838749, 0.125198, 0.244989, 0.90502, 0.181257, 0.474983], [0.456659, 0.816961, 0.576804, 0.751775, 0.524252, 0.997691, 0.262743, 0.915185, 0, 0.245415, 0.213353, 0.270812, 0.153878, 0.317628, 0.965024, 0.077096], [0.245628, 0.47211, 0.495307, 0.781112, 0.125832, 0.566225, 0.667777, 0.705274, 0.217204, 0, 0.89232, 0.929775, 0.211878, 0.836819, 0.104118, 0.13162], [0.984934, 0.893701, 0.059183, 0.539977, 0.81858, 0.819895, 0.847251, 0.103539, 0.857137, 0.208288, 0, 0.797222, 0.575671, 0.261447, 0.476189, 0.599469], [0.62976, 0.990454, 0.563856, 0.766436, 0.501622, 0.954171, 0.978511, 0.863997, 0.370133, 0.67753, 0.22895, 0, 0.694399, 0.969278, 0.291642, 0.318218], [0.473327, 0.040892, 0.545689, 0.467273, 0.189113, 0.130917, 0.819553, 0.251755, 0.815593, 0.849259, 0.364363, 0.095643, 0, 0.576997, 0.911582, 0.329037], [0.467246, 0.875303, 0.359488, 0.379483, 0.529187, 0.794102, 0.971781, 0.345565, 0.1823, 0.246956, 0.157521, 0.951052, 0.348662, 0, 0.359422, 0.251453], [0.360134, 0.852086, 0.981086, 0.822162, 0.855366, 0.132738, 0.095976, 0.412477, 0.479747, 0.92158, 0.262096, 0.680964, 0.159547, 0.222077, 0, 0.251682], [0.661729, 0.013072, 0.987646, 0.164617, 0.968028, 0.597635, 0.988446, 0.309163, 0.102086, 0.063003, 0.567106, 0.24933, 0.512067, 0.391781, 0.270393, 0]]}