{"v_num": 16, "mat": [[0, 0.344633, 0.589742, 0.072467, 0.827176, 0.803335, 0.090862, 0.825894, 0.742111, 0.546428, 0.327785, 0.740351, 0.184457, 0.829269, 0.783531, 0.457907], [0.669239, 0, 0.453597, 0.268237, 0.689227, 0.409152, 0.284263, 0.277954, 0.12822, 0.985091, 0.054087, 0.973035, 0.926251, 0.202705, 0.905298, 0.026772], [0.437014, 0.30537, 0, 0.312782, 0.446236, 0.521487, 0.547478, 0.684477, 0.339073, 0.235147, 0.836522, 0.543257, 0.772046, 0.957986, 0.670276, 0.94203], [0.868114, 0.286234, 0.885658, 0, 0.914368, 0.53488, 0.633589, 0.330689, 0.272762, 0.365165, 0.85666, 0.825613, 0.276991, 0.174304, 0.599094, 0.746301], [0.761596, 0.439335, 0.437143, 0.076799, 0, 0.808858, 0.797095, 0.884333, 0.350746, 0.307537, 0.917692, 0.272191, 0.434805, 0.063687, 0.675617, 0.142735], [0.118414, 0.478926, 0.280448, 0.76916, 0.203576, 0, 0.063287, 0.909366, 0.554887, 0.847008, 0.122689, 0.167059, 0.467138, 0.79986, 0.097041, 0.321646], [0.198132, 0.105764, 0.304339, 0.280322, 0.391866, 0.060955, 0, 0.419765, 0.671735, 0.709188, 0.273008, 0.838258, 0.787607, 0.781083, 0.45581, 0.287822], [0.860425, 0.28463, 0.554257, 0.706583, 0.972608, 0.250715, 0.456968, 0, 0.027162, 0.885754, 0.882942, 0.019531, 0.694106, 0.923775, 0.476438, 0.322363], [0.286934, 0.980312, 0.605771, 0.285089, 0.51307, 0.16137, 0.481618, 0.056622, 0, 0.051054, 0.134129, 0.78038, 0.198777, 0.362531, 0.153428, 0.102644], [0.232153, 0.651213, 0.884569, 0.08894, 0.336288, 0.703587, 0.313403, 0.302247, 0.19688, 0, 0.00309, 0.306825, 0.430139, 0.014493, 0.078267, 0.914171], [0.464557, 0.670577, 0.970496, 0.767528, 0.67348, 0.835027, 0.572429, 0.688406, 0.471354, 0.839994, 0, 0.079999, 0.733898, 0.850726, 0.564862, 0.774277], [0.467199, 0.819216, 0.326014, 0.426379, 0.636646, 0.597441, 0.485406, 0.544987, 0.757672, 0.693859, 0.709053, 0, 0.597799, 0.649887, 0.492097, 0.805615], [0.480864, 0.180033, 0.333787, 0.693354, 0.581355, 0.286873, 0.619481, 0.027226, 0.358123, 0.199846, 0.0972, 0.62368, 0, 0.461484, 0.856533, 0.925389], [0.214886, 0.211339, 0.198318, 0.128415, 0.274431, 0.600674, 0.486293, 0.509019, 0.30934, 0.837416, 0.659382, 0.320558, 0.448041, 0, 0.590536, 0.187925], [0.935682, 0.561692, 0.668462, 0.761527, 0.474196, 0.957897, 0.691363, 0.427955, 0.969927, 0.96396, 0.467326, 0.869071, 0.365341, 0.113423, 0, 0.794454], [0.502641, 0.429493, 0.356021, 0.635566, 0.282663, 0.894657, 0.250739, 0.862047, 0.528529, 0.550773, 0.465388, 0.962931, 0.840438, 0.426013, 0.094154, 0]]}