{"v_num": 16, "mat": [[0, 0.911092, 0.034528, 0.436904, 0.726831, 0.02078, 0.57322, 0.465944, 0.56163, 0.804187, 0.092847, 0.436801, 0.375843, 0.732504, 0.489174, 0.327205], [0.34619, 0, 0.977612, 0.99976, 0.461486, 0.007572, 0.291349, 0.741978, 0.18468, 0.535826, 0.291741, 0.153736, 0.133002, 0.282498, 0.062209, 0.099871], [0.307581, 0.495523, 0, 0.187043, 0.4129, 0.693578, 0.751958, 0.204683, 0.425575, 0.425675, 0.065354, 0.973437, 0.109167, 0.713067, 0.383818, 0.877773], [0.271912, 0.779747, 0.026853, 0, 0.137324, 0.559233, 0.88277, 0.559786, 0.225726, 0.339451, 0.385971, 0.860375, 0.724204, 0.149652, 0.887848, 0.908791], [0.948348, 0.002738, 0.54823, 0.80213, 0, 0.584451, 0.246677, 0.686637, 0.157652, 0.444794, 0.260814, 0.676439, 0.610126, 0.386223, 0.02887, 0.879218], [0.428769, 0.327998, 0.975516, 0.566905, 0.180842, 0, 0.488134, 0.314001, 0.492885, 0.259863, 0.596585, 0.430327, 0.920882, 0.130827, 0.769061, 0.881525], [0.532927, 0.205965, 0.411632, 0.228327, 0.308305, 0.477582, 0, 0.874716, 0.804847, 0.613847, 0.057184, 0.332071, 0.037554, 0.694544, 0.770965, 0.393679], [0.469269, 0.405441, 0.590922, 0.85445, 0.616368, 0.03136, 0.799352, 0, 0.747709, 0.182869, 0.467427, 0.339542, 0.22155, 0.563711, 0.076276, 0.53642], [0.364275, 0.880139, 0.434323, 0.033342, 0.954979, 0.918932, 0.991181, 0.461832, 0, 0.922254, 0.613724, 0.33066, 0.553379, 0.439195, 0.060182, 0.779633], [0.64117, 0.913831, 0.777676, 0.803945, 0.26505, 0.390953, 0.944259, 0.532281, 0.567144, 0, 0.993543, 0.290235, 0.598886, 0.559339, 0.761171, 0.967858], [0.022418, 0.183472, 0.367165, 0.821223, 0.701367, 0.589203, 0.086642, 0.202916, 0.352537, 0.62624, 0, 0.404073, 0.613453, 0.591983, 0.792377, 0.117681], [0.840724, 0.001943, 0.547598, 0.668548, 0.19938, 0.414563, 0.014223, 0.160157, 0.938843, 0.378533, 0.801705, 0, 0.063244, 0.693483, 0.132803, 0.298253], [0.041489, 0.082624, 0.704445, 0.873079, 0.101258, 0.126071, 0.519161, 0.88812, 0.419879, 0.471379, 0.864118, 0.042867, 0, 0.221076, 0.011174, 0.775828], [0.52354, 0.092525, 0.574447, 0.31644, 0.695828, 0.681042, 0.041369, 0.33622, 0.884159, 0.812996, 0.454314, 0.162232, 0.438011, 0, 0.577083, 0.179176], [0.720568, 0.371113, 0.700261, 0.726681, 0.942564, 0.567604, 0.875782, 0.42908, 0.981891, 0.070031, 0.185282, 0.430362, 0.941614, 0.051852, 0, 0.751243], [0.214756, 0.496475, 0.647205, 0.81612, 0.48652, 0.499611, 0.939474, 0.962063, 0.486352, 0.609975, 0.361003, 0.420938, 0.80964, 0.21234, 0.302709, 0]]}