{"v_num": 16, "mat": [[0, 0.19426, 0.385433, 0.497133, 0.505054, 0.886118, 0.951905, 0.731368, 0.728039, 0.972199, 0.554609, 0.955095, 0.409632, 0.924024, 0.952617, 0.503934], [0.46339, 0, 0.221504, 0.735106, 0.210215, 0.698236, 0.318625, 0.744533, 0.594832, 0.199092, 0.062197, 0.660604, 0.10499, 0.352732, 0.093947, 0.505607], [0.234452, 0.500925, 0, 0.246399, 0.168662, 0.937277, 0.102066, 0.321269, 0.939984, 0.753915, 0.425903, 0.413414, 0.663701, 0.551773, 0.472593, 0.168688], [0.995774, 0.31821, 0.27733, 0, 0.241072, 0.327166, 0.183832, 0.608309, 0.349207, 0.837256, 0.893617, 0.948073, 0.961302, 0.933225, 0.269772, 0.971837], [0.919846, 0.704373, 0.633432, 0.389185, 0, 0.635906, 0.370806, 0.553058, 0.325941, 0.722087, 0.168165, 0.81421, 0.607495, 0.822057, 0.185031, 0.553882], [0.230882, 0.23395, 0.427881, 0.540189, 0.092724, 0, 0.342352, 0.636281, 0.601314, 0.852621, 0.307287, 0.125189, 0.492738, 0.892275, 0.803831, 0.729801], [0.702621, 0.706292, 0.718751, 0.29864, 0.645515, 0.416798, 0, 0.389333, 0.316082, 0.115005, 0.317552, 0.143127, 0.428588, 0.703997, 0.232349, 0.110226], [0.589993, 0.760422, 0.828645, 0.328203, 0.173217, 0.177759, 0.289662, 0, 0.850342, 0.485572, 0.707451, 0.711866, 0.714733, 0.800705, 0.994004, 0.261448], [0.117606, 0.932608, 0.636547, 0.227953, 0.513012, 0.250566, 0.930518, 0.786348, 0, 0.156234, 0.582962, 0.170933, 0.990211, 0.435146, 0.136896, 0.879335], [0.585217, 0.202959, 0.8222, 0.667908, 0.880551, 0.355593, 0.030802, 0.769187, 0.045651, 0, 0.335351, 0.596087, 0.745046, 0.983364, 0.31537, 0.825506], [0.423278, 0.326625, 0.475602, 0.921301, 0.674132, 0.450869, 0.746279, 0.845638, 0.079003, 0.896612, 0, 0.665957, 0.604282, 0.402365, 0.948669, 0.695473], [0.692608, 0.457564, 0.06967, 0.251401, 0.264141, 0.888322, 0.832729, 0.143991, 0.109897, 0.217015, 0.17968, 0, 0.954589, 0.547199, 0.108065, 0.048699], [0.791879, 0.187741, 0.120262, 0.976486, 0.471521, 0.701713, 0.366397, 0.204297, 0.083618, 0.812615, 0.045164, 0.516837, 0, 0.652861, 0.025162, 0.641533], [0.712456, 0.37261, 0.087861, 0.673513, 0.750354, 0.917121, 0.396925, 0.541096, 0.3356, 0.578035, 0.227689, 0.728275, 0.133531, 0, 0.557889, 0.706531], [0.630162, 0.369209, 0.759245, 0.516911, 0.664414, 0.168363, 0.250077, 0.907685, 0.703925, 0.835017, 0.662338, 0.400679, 0.214106, 0.661658, 0, 0.620464], [0.17176, 0.333747, 0.734902, 0.481691, 0.334418, 0.318885, 0.633983, 0.150648, 0.942257, 0.249758, 0.8865, 0.84804, 0.108901, 0.045541, 0.783415, 0]]}