{"v_num": 16, "mat": [[0, 0.255149, 0.422124, 0.398564, 0.900141, 0.949241, 0.68132, 0.707479, 0.661959, 0.968993, 0.198555, 0.930697, 0.897748, 0.295023, 0.85514, 0.289298], [0.16244, 0, 0.879533, 0.196378, 0.353414, 0.292352, 0.487499, 0.053236, 0.736922, 0.331136, 0.426886, 0.034124, 0.525113, 0.633555, 0.231258, 0.226748], [0.199551, 0.683098, 0, 0.587403, 0.074359, 0.444313, 0.380139, 0.537622, 0.37907, 0.374639, 0.624539, 0.43122, 0.891236, 0.251864, 0.044964, 0.933021], [0.090561, 0.480512, 0.834474, 0, 0.236063, 0.977974, 0.024555, 0.411976, 0.311634, 0.309523, 0.613551, 0.94161, 0.274, 0.531268, 0.703017, 0.788585], [0.194711, 0.968707, 0.429004, 0.418532, 0, 0.837152, 0.896464, 0.635551, 0.802035, 0.705345, 0.136891, 0.512416, 0.714212, 0.004172, 0.754809, 0.592966], [0.072248, 0.306829, 0.29637, 0.457742, 0.723559, 0, 0.964945, 0.372449, 0.349702, 0.265374, 0.521009, 0.130047, 0.56121, 0.618642, 0.690014, 0.656592], [0.14625, 0.493682, 0.813376, 0.470581, 0.836244, 0.397519, 0, 0.336238, 0.67977, 0.90829, 0.22606, 0.366577, 0.053868, 0.913148, 0.503456, 0.002368], [0.073718, 0.454047, 0.096985, 0.948347, 0.407766, 0.054341, 0.088533, 0, 0.686729, 0.138601, 0.66098, 0.279039, 0.708884, 0.798104, 0.874766, 0.262241], [0.541787, 0.333385, 0.751014, 0.140325, 0.910072, 0.106217, 0.861769, 0.877556, 0, 0.75071, 0.895375, 0.136052, 0.123551, 0.17122, 0.524174, 0.357049], [0.821456, 0.515651, 0.835131, 0.672029, 0.849696, 0.537826, 0.4887, 0.759428, 0.133706, 0, 0.425958, 0.559578, 0.090272, 0.394549, 0.572909, 0.382739], [0.509692, 0.428437, 0.275401, 0.30944, 0.517665, 0.010326, 0.960896, 0.108758, 0.214714, 0.615626, 0, 0.397306, 0.835643, 0.926199, 0.113529, 0.304257], [0.243317, 0.628877, 0.669168, 0.987121, 0.54187, 0.309484, 0.217276, 0.81707, 0.813252, 0.107778, 0.104155, 0, 0.541371, 0.097184, 0.077787, 0.00955], [0.022767, 0.822981, 0.081161, 0.81344, 0.25992, 0.009312, 0.584424, 0.379139, 0.709791, 0.272502, 0.421008, 0.584572, 0, 0.336667, 0.094062, 0.42035], [0.901306, 0.257758, 0.041332, 0.184562, 0.321981, 0.703141, 0.969736, 0.329396, 0.549602, 0.475401, 0.211173, 0.135075, 0.924717, 0, 0.530894, 0.209516], [0.692806, 0.612308, 0.626731, 0.722076, 0.005241, 0.688649, 0.651486, 0.368631, 0.785083, 0.409568, 0.57828, 0.097375, 0.756486, 0.871919, 0, 0.083377], [0.909436, 0.130357, 0.267284, 0.716256, 0.806093, 0.838203, 0.509677, 0.571588, 0.855804, 0.890007, 0.198514, 0.857233, 0.338511, 0.932213, 0.618241, 0]]}