{"v_num": 16, "mat": [[0, 0.13861, 0.584432, 0.338934, 0.761454, 0.943932, 0.79855, 0.56914, 0.596291, 0.816152, 0.22441, 0.520131, 0.198333, 0.664155, 0.932195, 0.712712], [0.729535, 0, 0.400005, 0.343382, 0.322328, 0.49282, 0.443695, 0.855494, 0.551059, 0.565319, 0.320829, 0.798438, 0.931263, 0.313385, 0.657925, 0.735483], [0.135755, 0.939226, 0, 0.270976, 0.20334, 0.302907, 0.575713, 0.168735, 0.769673, 0.69574, 0.439647, 0.467781, 0.491834, 0.270664, 0.447368, 0.186231], [0.286126, 0.289036, 0.924536, 0, 0.719243, 0.00634, 0.90192, 0.642743, 0.690408, 0.321919, 0.907495, 0.788947, 0.430134, 0.415678, 0.074094, 0.917306], [0.926318, 0.66886, 0.497965, 0.187084, 0, 0.851563, 0.507348, 0.011369, 0.03331, 0.673164, 0.463856, 0.254061, 0.038365, 0.482476, 0.429526, 0.29168], [0.103921, 0.264331, 0.996207, 0.675926, 0.243888, 0, 0.494773, 0.142499, 0.089268, 0.731288, 0.65611, 0.604466, 0.098701, 0.345765, 0.995523, 0.192733], [0.270328, 0.14022, 0.337832, 0.028532, 0.566879, 0.746105, 0, 0.886656, 0.676742, 0.14206, 0.243055, 0.93679, 0.629449, 0.600789, 0.901976, 0.068858], [0.236294, 0.671382, 0.194636, 0.350264, 0.776257, 0.61979, 0.76834, 0, 0.994733, 0.37283, 0.482116, 0.473103, 0.454066, 0.466384, 0.884777, 0.888781], [0.212588, 0.636814, 0.388957, 0.757528, 0.334602, 0.074035, 0.741807, 0.451469, 0, 0.332897, 0.579574, 0.01432, 0.19507, 0.908778, 0.521666, 0.301761], [0.028112, 0.585934, 0.73467, 0.37972, 0.2747, 0.763755, 0.390407, 0.304012, 0.455683, 0, 0.0506, 0.571752, 0.248318, 0.379515, 0.870927, 0.993984], [0.165173, 0.527084, 0.515419, 0.428779, 0.438526, 0.68005, 0.200955, 0.681728, 0.581872, 0.564137, 0, 0.305015, 0.570864, 0.879934, 0.909794, 0.893653], [0.423483, 0.995868, 0.959248, 0.468139, 0.125676, 0.511966, 0.851947, 0.044786, 0.343755, 0.420976, 0.444599, 0, 0.523066, 0.263028, 0.905546, 0.597709], [0.647722, 0.124147, 0.222417, 0.515241, 0.962419, 0.83635, 0.109938, 0.575399, 0.849618, 0.803005, 0.903524, 0.704349, 0, 0.689171, 0.31169, 0.710244], [0.341242, 0.499824, 0.008466, 0.196109, 0.063586, 0.258531, 0.370643, 0.558952, 0.526473, 0.442076, 0.430845, 0.251277, 0.658573, 0, 0.258717, 0.004946], [0.280902, 0.02172, 0.873652, 0.860242, 0.193171, 0.674493, 0.511342, 0.364791, 0.997986, 0.076325, 0.3582, 0.549999, 0.580114, 0.574852, 0, 0.673878], [0.501339, 0.972877, 0.088719, 0.515532, 0.583341, 0.970064, 0.858804, 0.518824, 0.808404, 0.371459, 0.333454, 0.942411, 0.266879, 0.880212, 0.341464, 0]]}