{"v_num": 16, "mat": [[0, 0.358807, 0.510456, 0.552603, 0.543432, 0.087951, 0.626526, 0.047506, 0.937273, 0.823167, 0.085852, 0.92125, 0.739608, 0.220312, 0.230362, 0.89089], [0.843792, 0, 0.452843, 0.020538, 0.516981, 0.985466, 0.177567, 0.917462, 0.170468, 0.458908, 0.899559, 0.044432, 0.751761, 0.919134, 0.093241, 0.480051], [0.686861, 0.633629, 0, 0.723999, 0.883376, 0.904443, 0.515884, 0.13136, 0.318671, 0.581744, 0.50962, 0.224041, 0.557329, 0.366042, 0.455042, 0.979922], [0.413279, 0.189833, 0.606435, 0, 0.428838, 0.514034, 0.122571, 0.688239, 0.043736, 0.694514, 0.529597, 0.394291, 0.398805, 0.723464, 0.464832, 0.009885], [0.559788, 0.442389, 0.352235, 0.403302, 0, 0.700039, 0.717937, 0.516458, 0.681067, 0.901125, 0.920716, 0.522863, 0.991483, 0.297988, 0.72551, 0.064472], [0.153414, 0.802614, 0.075665, 0.870613, 0.65091, 0, 0.959939, 0.568277, 0.202682, 0.4429, 0.396002, 0.149768, 0.123538, 0.910159, 0.224864, 0.440605], [0.999117, 0.972349, 0.508374, 0.190107, 0.92978, 0.683079, 0, 0.594666, 0.615021, 0.200901, 0.174023, 0.189842, 0.608702, 0.72912, 0.767813, 0.7914], [0.570268, 0.957231, 0.585978, 0.96226, 0.777114, 0.265181, 0.24662, 0, 0.632491, 0.04357, 0.090835, 0.998082, 0.55996, 0.301317, 0.043241, 0.469645], [0.962904, 0.042209, 0.194453, 0.457942, 0.023484, 0.849808, 0.467765, 0.220639, 0, 0.023256, 0.425664, 0.488636, 0.891252, 0.454114, 0.214392, 0.211297], [0.077267, 0.788086, 0.439185, 0.461739, 0.656638, 0.271853, 0.962668, 0.061734, 0.960391, 0, 0.391498, 0.917663, 0.140531, 0.679916, 0.404566, 0.895542], [0.832367, 0.431451, 0.817622, 0.911777, 0.877773, 0.066885, 0.374565, 0.050043, 0.717267, 0.61776, 0, 0.56358, 0.578007, 0.165901, 0.765751, 0.258982], [0.80219, 0.115409, 0.916174, 0.368567, 0.460477, 0.648467, 0.866268, 0.427416, 0.299359, 0.60239, 0.110556, 0, 0.677113, 0.644637, 0.776839, 0.447403], [0.454976, 0.856872, 0.885826, 0.701, 0.610815, 0.039914, 0.07041, 0.319292, 0.86962, 0.19695, 0.166401, 0.639807, 0, 0.918308, 0.770512, 0.019892], [0.020734, 0.337975, 0.339179, 0.752532, 0.004399, 0.506108, 0.453478, 0.230941, 0.249816, 0.958103, 0.074669, 0.964993, 0.389233, 0, 0.525522, 0.817612], [0.860626, 0.078249, 0.468601, 0.101024, 0.853117, 0.137572, 0.627383, 0.881018, 0.970659, 0.182075, 0.980715, 0.53274, 0.083862, 0.893028, 0, 0.536984], [0.905219, 0.872038, 0.17973, 0.687192, 0.427244, 0.866945, 0.936166, 0.827371, 0.436423, 0.921973, 0.867189, 0.381203, 0.837818, 0.248964, 0.022445, 0]]}