{"v_num": 16, "mat": [[0, 0.048832, 0.668198, 0.198292, 0.642168, 0.591432, 0.723962, 0.114416, 0.885326, 0.373561, 0.977965, 0.697012, 0.944169, 0.139488, 0.688877, 0.900823], [0.588675, 0, 0.803694, 0.585254, 0.274513, 0.394913, 0.679317, 0.3917, 0.988458, 0.421906, 0.726252, 0.651021, 0.887087, 0.325152, 0.208917, 0.636773], [0.355386, 0.528397, 0, 0.348713, 0.081361, 0.123562, 0.549131, 0.515384, 0.710768, 0.402234, 0.627594, 0.252515, 0.322509, 0.05533, 0.562989, 0.873989], [0.151165, 0.605751, 0.208916, 0, 0.568585, 0.911791, 0.611327, 0.730497, 0.608759, 0.761576, 0.537081, 0.170306, 0.396713, 0.965207, 0.050194, 0.410403], [0.759705, 0.902716, 0.224491, 0.098771, 0, 0.696767, 0.88052, 0.720624, 0.842484, 0.546162, 0.235147, 0.314651, 0.064943, 0.024979, 0.629664, 0.592271], [0.573476, 0.30637, 0.579983, 0.942233, 0.509011, 0, 0.275164, 0.041052, 0.860408, 0.930215, 0.782411, 0.289437, 0.956974, 0.678781, 0.849582, 0.163335], [0.195009, 0.395592, 0.823048, 0.900435, 0.785799, 0.130778, 0, 0.303838, 0.17358, 0.483206, 0.478437, 0.752616, 0.246897, 0.994797, 0.600941, 0.370075], [0.132875, 0.786421, 0.511962, 0.619412, 0.656806, 0.021929, 0.412056, 0, 0.210537, 0.320108, 0.162411, 0.907898, 0.161386, 0.833803, 0.093603, 0.835118], [0.245715, 0.371954, 0.343568, 0.661622, 0.524853, 0.598208, 0.179837, 0.172679, 0, 0.406015, 0.305632, 0.013625, 0.060544, 0.647739, 0.981297, 0.455684], [0.949364, 0.019902, 0.54109, 0.87401, 0.686689, 0.625129, 0.788759, 0.874703, 0.694847, 0, 0.017469, 0.837816, 0.048947, 0.525917, 0.641646, 0.668654], [0.351383, 0.739272, 0.322398, 0.080605, 0.37698, 0.767405, 0.269227, 0.3018, 0.421821, 0.052542, 0, 0.447293, 0.677071, 0.366651, 0.423602, 0.356871], [0.227157, 0.083806, 0.971752, 0.118297, 0.687246, 0.282171, 0.193476, 0.186069, 0.922887, 0.344057, 0.19412, 0, 0.100108, 0.264934, 0.793801, 0.289713], [0.330984, 0.305759, 0.539401, 0.768265, 0.370198, 0.481242, 0.894494, 0.261042, 0.791255, 0.998909, 0.572947, 0.748925, 0, 0.799771, 0.925437, 0.993535], [0.431252, 0.194832, 0.869997, 0.784313, 0.904837, 0.841699, 0.702351, 0.974193, 0.771515, 0.877189, 0.764096, 0.128357, 0.925199, 0, 0.198272, 0.146584], [0.298678, 0.550979, 0.695188, 0.09821, 0.645618, 0.12373, 0.502431, 0.778795, 0.57078, 0.416126, 0.941553, 0.162023, 0.512155, 0.681683, 0, 0.143591], [0.301802, 0.779187, 0.182305, 0.388183, 0.439091, 0.617942, 0.403901, 0.810372, 0.802642, 0.110262, 0.996921, 0.90752, 0.463778, 0.804901, 0.532473, 0]]}