{"v_num": 16, "mat": [[0, 0.448023, 0.793587, 0.510298, 0.223427, 0.837528, 0.585787, 0.050459, 0.998346, 0.090649, 0.974898, 0.483008, 0.058402, 0.859621, 0.833149, 0.831807], [0.713966, 0, 0.37998, 0.438724, 0.028949, 0.452125, 0.725239, 0.604409, 0.185584, 0.30955, 0.575316, 0.800205, 0.149518, 0.863546, 0.235585, 0.344421], [0.897821, 0.071816, 0, 0.485797, 0.860394, 0.779092, 0.527872, 0.262534, 0.110728, 0.546388, 0.807439, 0.96886, 0.426224, 0.038401, 0.041671, 0.205154], [0.253596, 0.134184, 0.796323, 0, 0.22177, 0.691795, 0.978208, 0.68848, 0.395238, 0.940632, 0.238671, 0.560988, 0.59492, 0.209942, 0.985091, 0.662144], [0.876831, 0.621571, 0.820024, 0.621955, 0, 0.390721, 0.120248, 0.98564, 0.827634, 0.114734, 0.225458, 0.651115, 0.515599, 0.731766, 0.851159, 0.149637], [0.574108, 0.420633, 0.83989, 0.634638, 0.455138, 0, 0.190215, 0.456971, 0.389025, 0.370799, 0.897509, 0.299374, 0.402877, 0.633217, 0.748208, 0.460231], [0.238092, 0.068829, 0.29533, 0.787153, 0.085073, 0.169735, 0, 0.394259, 0.077148, 0.372518, 0.79691, 0.970718, 0.677813, 0.803078, 0.821088, 0.315962], [0.259721, 0.562492, 0.047609, 0.95338, 0.772059, 0.724311, 0.700431, 0, 0.864144, 0.369645, 0.362158, 0.959217, 0.973673, 0.261618, 0.502865, 0.499915], [0.837112, 0.869399, 0.861636, 0.311708, 0.269826, 0.110673, 0.364467, 0.962041, 0, 0.642944, 0.222189, 0.236582, 0.274561, 0.862141, 0.039465, 0.218019], [0.847272, 0.859651, 0.172682, 0.047977, 0.983015, 0.534487, 0.008015, 0.025771, 0.145132, 0, 0.591777, 0.297681, 0.35129, 0.51641, 0.683409, 0.931575], [0.921566, 0.707524, 0.03716, 0.762481, 0.0057, 0.766434, 0.82508, 0.448602, 0.266897, 0.59744, 0, 0.207103, 0.265761, 0.02118, 0.620219, 0.278845], [0.894045, 0.891935, 0.88665, 0.784335, 0.733196, 0.134552, 0.15655, 0.627432, 0.055693, 0.575237, 0.810775, 0, 0.935646, 0.970211, 0.339639, 0.055658], [0.019521, 0.226366, 0.029418, 0.512214, 0.051149, 0.797527, 0.081112, 0.836533, 0.824944, 0.659193, 0.644016, 0.934693, 0, 0.275628, 0.011501, 0.638619], [0.884461, 0.162875, 0.529866, 0.616717, 0.47798, 0.574942, 0.673677, 0.176118, 0.421234, 0.724394, 0.289081, 0.982696, 0.069055, 0, 0.027709, 0.53197], [0.639082, 0.030875, 0.770526, 0.24882, 0.59884, 0.197016, 0.962085, 0.624559, 0.69892, 0.575795, 0.576813, 0.052975, 0.87361, 0.368539, 0, 0.42837], [0.742051, 0.903956, 0.423252, 0.48963, 0.753856, 0.747793, 0.516307, 0.225559, 0.467378, 0.972815, 0.699717, 0.263489, 0.458418, 0.496666, 0.406945, 0]]}