{"v_num": 16, "mat": [[0, 0.79567, 0.358252, 0.543804, 0.112092, 0.508158, 0.60472, 0.478272, 0.19643, 0.772168, 0.395902, 0.255906, 0.219602, 0.779882, 0.022383, 0.399427], [0.354288, 0, 0.157344, 0.582034, 0.735847, 0.95095, 0.726702, 0.132843, 0.112766, 0.963145, 0.628548, 0.719986, 0.009985, 0.784685, 0.193363, 0.26373], [0.007598, 0.666409, 0, 0.079845, 0.036913, 0.9947, 0.687228, 0.428722, 0.846902, 0.424106, 0.340966, 0.566091, 0.947919, 0.216646, 0.596419, 0.603534], [0.661567, 0.14667, 0.997959, 0, 0.871274, 0.964523, 0.207221, 0.868324, 0.332081, 0.927688, 0.725039, 0.627681, 0.35935, 0.527366, 0.429614, 0.502287], [0.524454, 0.048576, 0.932179, 0.514477, 0, 0.848701, 0.531091, 0.546505, 0.258489, 0.202414, 0.10611, 0.890358, 0.758491, 0.224918, 0.544583, 0.284827], [0.671489, 0.747144, 0.234263, 0.802366, 0.831603, 0, 0.409795, 0.297432, 0.481592, 0.121312, 0.232147, 0.70381, 0.533992, 0.594719, 0.388192, 0.528009], [0.057346, 0.27449, 0.615161, 0.021871, 0.809475, 0.722629, 0, 0.03078, 0.468873, 0.371527, 0.789216, 0.535535, 0.518572, 0.71865, 0.824099, 0.543021], [0.512138, 0.427074, 0.692121, 0.397298, 0.809351, 0.221954, 0.869976, 0, 0.835212, 0.863774, 0.703496, 0.768805, 0.677671, 0.854335, 0.208785, 0.145199], [0.824099, 0.190017, 0.758116, 0.511904, 0.028417, 0.959999, 0.883225, 0.565583, 0, 0.090745, 0.175969, 0.374335, 0.98184, 0.187452, 0.930264, 0.600369], [0.675122, 0.176035, 0.795863, 0.112908, 0.905152, 0.040172, 0.030132, 0.435066, 0.73244, 0, 0.662944, 0.179222, 0.937639, 0.762496, 0.889374, 0.730006], [0.596597, 0.469619, 0.129672, 0.695374, 0.403916, 0.269763, 0.345782, 0.791099, 0.967702, 0.276, 0, 0.875158, 0.875389, 0.230766, 0.90744, 0.615536], [0.495942, 0.836806, 0.449304, 0.992376, 0.180563, 0.267686, 0.321172, 0.546421, 0.06474, 0.81028, 0.150148, 0, 0.186592, 0.074931, 0.759, 0.068437], [0.982639, 0.700292, 0.71565, 0.003098, 0.182076, 0.111196, 0.132055, 0.142235, 0.944562, 0.97638, 0.523314, 0.274501, 0, 0.892438, 0.504561, 0.648079], [0.146954, 0.546514, 0.13789, 0.261546, 0.752381, 0.686351, 0.297382, 0.479836, 0.425437, 0.71209, 0.216243, 0.933233, 0.117038, 0, 0.319368, 0.054674], [0.903797, 0.480728, 0.443873, 0.479401, 0.083434, 0.87658, 0.210229, 0.323018, 0.638035, 0.643026, 0.21046, 0.135764, 0.98302, 0.370976, 0, 0.396694], [0.757882, 0.958809, 0.913048, 0.016411, 0.728402, 0.53132, 0.015627, 0.21074, 0.073666, 0.881539, 0.286716, 0.701686, 0.259998, 0.633297, 0.515182, 0]]}