{"v_num": 16, "mat": [[0, 0.942937, 0.370777, 0.261889, 0.701627, 0.462743, 0.855179, 0.456209, 0.385679, 0.526032, 0.492939, 0.016152, 0.457893, 0.763783, 0.361152, 0.117593], [0.313141, 0, 0.175031, 0.500175, 0.297881, 0.439662, 0.736218, 0.556672, 0.009404, 0.64963, 0.91294, 0.043067, 0.020764, 0.853845, 0.652105, 0.571129], [0.976707, 0.838341, 0, 0.672029, 0.319298, 0.093243, 0.676501, 0.084166, 0.662937, 0.602806, 0.291838, 0.448793, 0.573464, 0.292706, 0.498021, 0.367815], [0.654904, 0.368562, 0.494039, 0, 0.237255, 0.202162, 0.409049, 0.162334, 0.536103, 0.990819, 0.247785, 0.727174, 0.822836, 0.68066, 0.304823, 0.769313], [0.763065, 0.515314, 0.54063, 0.057914, 0, 0.231788, 0.340194, 0.274809, 0.363575, 0.12624, 0.532647, 0.404218, 0.780564, 0.054246, 0.232406, 0.4792], [0.784753, 0.297958, 0.690172, 0.155585, 0.913479, 0, 0.312588, 0.64355, 0.435258, 0.806394, 0.852442, 0.683886, 0.636007, 0.167021, 0.001245, 0.941393], [0.995405, 0.127636, 0.827527, 0.368813, 0.738279, 0.791443, 0, 0.506557, 0.546002, 0.139656, 0.419541, 0.545022, 0.793224, 0.469782, 0.805179, 0.889203], [0.061918, 0.813909, 0.601692, 0.87583, 0.397858, 0.917041, 0.758301, 0, 0.310811, 0.733859, 0.252867, 0.135692, 0.866928, 0.197139, 0.654797, 0.521232], [0.309486, 0.032757, 0.809567, 0.798141, 0.351409, 0.606875, 0.69945, 0.062281, 0, 0.280996, 0.689367, 0.891407, 0.208695, 0.151252, 0.11069, 0.722343], [0.561412, 0.320405, 0.011008, 0.127303, 0.229103, 0.797613, 0.978352, 0.904315, 0.028813, 0, 0.290701, 0.220978, 0.609285, 0.588455, 0.384712, 0.388725], [0.336999, 0.706337, 0.007649, 0.442021, 0.560859, 0.601742, 0.32074, 0.508916, 0.997317, 0.51297, 0, 0.602558, 0.856332, 0.211092, 0.927858, 0.695071], [0.304116, 0.933902, 0.241174, 0.301846, 0.290147, 0.355333, 0.488426, 0.037624, 0.497019, 0.797525, 0.288939, 0, 0.810807, 0.294503, 0.018698, 0.422036], [0.080802, 0.383981, 0.378131, 0.461096, 0.545332, 0.078853, 0.893328, 0.319122, 0.133898, 0.775865, 0.788749, 0.745705, 0, 0.110072, 0.998139, 0.643993], [0.040194, 0.486002, 0.773123, 0.519754, 0.984732, 0.411558, 0.860622, 0.133651, 0.781323, 0.249034, 0.967293, 0.463406, 0.410143, 0, 0.165753, 0.356941], [0.155435, 0.607325, 0.741332, 0.360302, 0.135155, 0.390599, 0.724351, 0.081765, 0.689608, 0.847189, 0.037785, 0.418524, 0.658342, 0.51357, 0, 0.762896], [0.946672, 0.376055, 0.807909, 0.407956, 0.444184, 0.72275, 0.224473, 0.637901, 0.082047, 0.601324, 0.407331, 0.358444, 0.138517, 0.904143, 0.458672, 0]]}