{"v_num": 16, "mat": [[0, 0.222394, 0.335176, 0.803498, 0.30516, 0.460456, 0.120698, 0.16383, 0.340166, 0.869025, 0.458702, 0.005613, 0.247425, 0.530676, 0.955993, 0.286529], [0.776216, 0, 0.315804, 0.73964, 0.834064, 0.073191, 0.313337, 0.137901, 0.806137, 0.239275, 0.412589, 0.372826, 0.284711, 0.407335, 0.631857, 0.744442], [0.711716, 0.813954, 0, 0.214892, 0.30244, 0.073792, 0.686139, 0.571148, 0.78541, 0.310653, 0.626343, 0.672797, 0.244484, 0.539744, 0.056982, 0.184474], [0.561845, 0.853454, 0.761047, 0, 0.218978, 0.508532, 0.212764, 0.045639, 0.813632, 0.543144, 0.571944, 0.692869, 0.687542, 0.197246, 0.738529, 0.226282], [0.238789, 0.937036, 0.917231, 0.453853, 0, 0.386998, 0.426235, 0.819897, 0.522887, 0.19454, 0.82984, 0.091012, 0.219649, 0.629333, 0.591048, 0.277857], [0.914037, 0.78178, 0.843326, 0.64644, 0.829687, 0, 0.212613, 0.846, 0.456961, 0.958371, 0.535223, 0.658036, 0.798602, 0.543444, 0.564412, 0.105876], [0.374927, 0.64701, 0.241838, 0.030126, 0.292643, 0.010936, 0, 0.357487, 0.896233, 0.75826, 0.752392, 0.306451, 0.494241, 0.101558, 0.450347, 0.594402], [0.328756, 0.551993, 0.009832, 0.995879, 0.585988, 0.608592, 0.71625, 0, 0.096285, 0.361523, 0.799489, 0.860486, 0.761764, 0.961459, 0.417327, 0.295452], [0.120427, 0.857792, 0.445066, 0.686181, 0.491615, 0.907061, 0.319114, 0.466113, 0, 0.248094, 0.527629, 0.811119, 0.296747, 0.968625, 0.544528, 0.19258], [0.411969, 0.583658, 0.972215, 0.927934, 0.612109, 0.505154, 0.705289, 0.21277, 0.228659, 0, 0.740992, 0.737334, 0.012647, 0.741327, 0.220599, 0.573704], [0.593129, 0.884376, 0.51583, 0.992259, 0.537673, 0.269785, 0.715655, 0.427274, 0.479253, 0.140115, 0, 0.379168, 0.887615, 0.345548, 0.139813, 0.354129], [0.949065, 0.981314, 0.187814, 0.370185, 0.588336, 0.235772, 0.525842, 0.941484, 0.866668, 0.616899, 0.882345, 0, 0.872962, 0.774417, 0.081497, 0.184634], [0.822779, 0.28672, 0.408891, 0.02649, 0.002182, 0.806708, 0.547421, 0.324528, 0.332685, 0.034785, 0.681418, 0.214502, 0, 0.466194, 0.297164, 0.810573], [0.433451, 0.74437, 0.836953, 0.883899, 0.772548, 0.772955, 0.625457, 0.236222, 0.886316, 0.165255, 0.846477, 0.988659, 0.82543, 0, 0.511376, 0.173941], [0.002264, 0.362768, 0.544163, 0.120221, 0.362465, 0.505364, 0.006868, 0.312345, 0.826152, 0.341492, 0.042268, 0.806947, 0.433852, 0.423093, 0, 0.272347], [0.331589, 0.72665, 0.689375, 0.110828, 0.224011, 0.190139, 0.435577, 0.443723, 0.101379, 0.087807, 0.80317, 0.348979, 0.501763, 0.697399, 0.692053, 0]]}