{"v_num": 16, "mat": [[0, 0.82521, 0.374815, 0.765612, 0.092345, 0.762631, 0.493702, 0.774417, 0.234596, 0.107715, 0.283355, 0.569451, 0.523024, 0.34973, 0.859852, 0.960586], [0.391678, 0, 0.817664, 0.915178, 0.885072, 0.573854, 0.749573, 0.482241, 0.717051, 0.814388, 0.066995, 0.298955, 0.7963, 0.555903, 0.405281, 0.240421], [0.875162, 0.816527, 0, 0.383944, 0.224224, 0.660019, 0.452031, 0.894976, 0.627435, 0.214172, 0.839659, 0.234966, 0.013907, 0.59057, 0.503619, 0.43863], [0.33656, 0.988502, 0.554881, 0, 0.617405, 0.433334, 0.096384, 0.730393, 0.389972, 0.566108, 0.643252, 0.010088, 0.946429, 0.987472, 0.433552, 0.824687], [0.946257, 0.855767, 0.546501, 0.169738, 0, 0.023782, 0.110384, 0.015875, 0.711629, 0.786256, 0.286578, 0.826056, 0.478723, 0.268005, 0.149382, 0.04911], [0.909338, 0.511847, 0.435789, 0.410921, 0.62745, 0, 0.230238, 0.231183, 0.080071, 0.559522, 0.0746, 0.739994, 0.914087, 0.692708, 0.40068, 0.357822], [0.018435, 0.607727, 0.286446, 0.313085, 0.850126, 0.961927, 0, 0.337484, 0.805505, 0.647278, 0.656037, 0.461045, 0.963546, 0.583582, 0.84327, 0.818921], [0.995305, 0.607451, 0.502639, 0.065847, 0.099988, 0.83069, 0.68588, 0, 0.501767, 0.943826, 0.723524, 0.328073, 0.170044, 0.792458, 0.640784, 0.495784], [0.438388, 0.663418, 0.267828, 0.224146, 0.182054, 0.028572, 0.960612, 0.244727, 0, 0.135421, 0.341254, 0.069435, 0.29272, 0.346361, 0.058055, 0.623815], [0.089256, 0.489316, 0.108491, 0.989508, 0.128618, 0.652699, 0.378212, 0.937462, 0.695494, 0, 0.588994, 0.715432, 0.104769, 0.492132, 0.151643, 0.798923], [0.881817, 0.029615, 0.062816, 0.282822, 0.055685, 0.271187, 0.630861, 0.289502, 0.928895, 0.706722, 0, 0.597672, 0.27854, 0.549013, 0.678888, 0.574118], [0.973765, 0.020266, 0.198196, 0.638131, 0.360673, 0.321549, 0.870712, 0.433568, 0.875815, 0.017681, 0.3392, 0, 0.552623, 0.599045, 0.312283, 0.100556], [0.866212, 0.296481, 0.470644, 0.803029, 0.827278, 0.747363, 0.206637, 0.338658, 0.834757, 0.935956, 0.216005, 0.80892, 0, 0.246841, 0.867922, 0.862675], [0.461092, 0.960526, 0.623899, 0.672767, 0.977768, 0.492111, 0.277389, 0.519983, 0.14273, 0.410865, 0.366092, 0.115757, 0.917249, 0, 0.496326, 0.52741], [0.363633, 0.331325, 0.681843, 0.976063, 0.378251, 0.599918, 0.83216, 0.886623, 0.191414, 0.747226, 0.214902, 0.542513, 0.394249, 0.920777, 0, 0.077261], [0.610633, 0.510455, 0.478569, 0.959589, 0.458982, 0.965648, 0.044661, 0.377256, 0.655271, 0.651628, 0.610872, 0.485152, 0.423238, 0.517067, 0.835193, 0]]}