{"v_num": 16, "mat": [[0, 0.639104, 0.959292, 0.348918, 0.515962, 0.502222, 0.632293, 0.605037, 0.456812, 0.815121, 0.454206, 0.70718, 0.246627, 0.647407, 0.499558, 0.205695], [0.446455, 0, 0.11912, 0.68136, 0.554369, 0.140106, 0.014982, 0.74388, 0.71995, 0.595746, 0.609594, 0.629724, 0.78072, 0.754518, 0.474208, 0.792061], [0.815295, 0.856774, 0, 0.861354, 0.155463, 0.886703, 0.888636, 0.435, 0.958513, 0.623499, 0.825931, 0.36146, 0.196002, 0.231673, 0.03251, 0.216496], [0.266501, 0.238119, 0.28199, 0, 0.533649, 0.16828, 0.968818, 0.690694, 0.865025, 0.361518, 0.346208, 0.726134, 0.848889, 0.743513, 0.487201, 0.039237], [0.139901, 0.151242, 0.677595, 0.591701, 0, 0.451406, 0.680466, 0.823142, 0.587409, 0.096685, 0.711218, 0.164055, 0.756067, 0.592342, 0.735893, 0.123152], [0.865469, 0.415101, 0.895073, 0.454928, 0.386354, 0, 0.521051, 0.827269, 0.547882, 0.757671, 0.100632, 0.581384, 0.393154, 0.739459, 0.543721, 0.029783], [0.587451, 0.619163, 0.05932, 0.444641, 0.096912, 0.208946, 0, 0.499806, 0.679589, 0.481357, 0.936841, 0.277261, 0.551828, 0.891849, 0.353683, 0.878041], [0.609244, 0.628796, 0.550173, 0.100486, 0.47016, 0.878518, 0.472418, 0, 0.992131, 0.982398, 0.748918, 0.946405, 0.628764, 0.862766, 0.24129, 0.290466], [0.081102, 0.140213, 0.421649, 0.941356, 0.91951, 0.214417, 0.015198, 0.461039, 0, 0.451682, 0.365496, 0.129821, 0.185428, 0.160868, 0.974269, 0.99423], [0.319844, 0.399522, 0.283203, 0.594199, 0.918617, 0.857851, 0.942121, 0.044501, 0.392469, 0, 0.609815, 0.03846, 0.586926, 0.323513, 0.77057, 0.693972], [0.705358, 0.739616, 0.551297, 0.908197, 0.556262, 0.835396, 0.413922, 0.894742, 0.528261, 0.039908, 0, 0.776319, 0.295165, 0.608022, 0.421572, 0.504405], [0.50712, 0.396826, 0.661099, 0.793905, 0.807899, 0.702909, 0.655909, 0.811085, 0.915307, 0.846923, 0.021913, 0, 0.469455, 0.875846, 0.651753, 0.887501], [0.818253, 0.384779, 0.211353, 0.43492, 0.900658, 0.734897, 0.712094, 0.173709, 0.748119, 0.075554, 0.982765, 0.399102, 0, 0.093609, 0.629449, 0.970306], [0.587078, 0.333004, 0.457745, 0.828383, 0.507101, 0.017407, 0.363875, 0.655706, 0.242229, 0.893357, 0.780692, 0.9453, 0.923156, 0, 0.346488, 0.659371], [0.241146, 0.710114, 0.866271, 0.38921, 0.28592, 0.154183, 0.531798, 0.045644, 0.395171, 0.694691, 0.245508, 0.275537, 0.716523, 0.765481, 0, 0.916159], [0.074003, 0.992374, 0.810819, 0.856401, 0.299056, 0.928258, 0.42646, 0.590642, 0.93604, 0.125368, 0.305853, 0.247611, 0.851072, 0.925513, 0.723941, 0]]}