{"v_num": 16, "mat": [[0, 0.280526, 0.276831, 0.321355, 0.780556, 0.394776, 0.941155, 0.096292, 0.555829, 0.624614, 0.615919, 0.392945, 0.243836, 0.966128, 0.106017, 0.471928], [0.826305, 0, 0.693984, 0.753446, 0.642687, 0.128566, 0.965254, 0.350327, 0.925508, 0.849573, 0.886624, 0.407629, 0.977208, 0.843356, 0.882193, 0.006335], [0.832691, 0.908479, 0, 0.983509, 0.115418, 0.780275, 0.009238, 0.850532, 0.951099, 0.571234, 0.477478, 0.555253, 0.017768, 0.110025, 0.764851, 0.980932], [0.148136, 0.320183, 0.581765, 0, 0.410646, 0.443661, 0.782333, 0.175239, 0.495716, 0.478712, 0.003178, 0.382561, 0.244313, 0.955729, 0.306355, 0.408173], [0.4637, 0.266824, 0.480912, 0.343011, 0, 0.770848, 0.840294, 0.387365, 0.121902, 0.487451, 0.927721, 0.517861, 0.176423, 0.806915, 0.299272, 0.202777], [0.267862, 0.011169, 0.385108, 0.142567, 0.091025, 0, 0.928432, 0.521396, 0.888185, 0.615885, 0.783855, 0.528351, 0.039207, 0.653794, 0.23535, 0.636219], [0.048748, 0.152674, 0.766291, 0.521504, 0.91551, 0.901318, 0, 0.900271, 0.967331, 0.775678, 0.386998, 0.287119, 6e-06, 0.385182, 0.731608, 0.082848], [0.519154, 0.853069, 0.003951, 0.323503, 0.893088, 0.138275, 0.534745, 0, 0.991976, 0.540917, 0.615142, 0.332456, 0.778142, 0.381207, 0.913575, 0.218146], [0.294155, 0.056342, 0.768817, 0.617345, 0.423524, 0.112342, 0.018877, 0.836041, 0, 0.588671, 0.470044, 0.140543, 0.314818, 0.918425, 0.958303, 0.754846], [0.4406, 0.326296, 0.160379, 0.254123, 0.240348, 0.048666, 0.483299, 0.010282, 0.340413, 0, 0.646384, 0.691109, 0.938075, 0.534148, 0.245221, 0.490432], [0.813591, 0.335538, 0.199317, 0.29377, 0.034603, 0.250197, 0.208492, 0.697004, 0.138092, 0.002693, 0, 0.696374, 0.022965, 0.900972, 0.475027, 0.518563], [0.364825, 0.647896, 0.90575, 0.617673, 0.313122, 0.760041, 0.689327, 0.593086, 0.703631, 0.953743, 0.59853, 0, 0.830919, 0.229335, 0.515026, 0.793495], [0.012892, 0.606448, 0.229348, 0.020858, 0.329402, 0.77695, 0.294611, 0.752732, 0.38059, 0.574058, 0.781236, 0.230097, 0, 0.968228, 0.537298, 0.27735], [0.943959, 0.134314, 0.175851, 0.680338, 0.165489, 0.11596, 0.961173, 0.910468, 0.623676, 0.242164, 0.955134, 0.719309, 0.66056, 0, 0.582361, 0.28622], [0.070575, 0.667617, 0.552237, 0.491123, 0.337683, 0.272082, 0.756168, 0.247957, 0.801475, 0.246965, 0.244511, 0.200146, 0.499569, 0.66427, 0, 0.315655], [0.327568, 0.510799, 0.942227, 0.230439, 0.281424, 0.723822, 0.932712, 0.784924, 0.99788, 0.522684, 0.096184, 0.228933, 0.027612, 0.849492, 0.389464, 0]]}