{"v_num": 16, "mat": [[0, 0.990269, 0.07077, 0.306568, 0.503851, 0.436801, 0.765319, 0.161004, 0.243487, 0.303035, 0.295024, 0.129574, 0.32741, 0.176885, 0.048766, 0.027486], [0.331509, 0, 0.907675, 0.417481, 0.565728, 0.851534, 0.710202, 0.714924, 0.593932, 0.383106, 0.241234, 0.670029, 0.408014, 0.47769, 0.679981, 0.879113], [0.482971, 0.444549, 0, 0.434966, 0.661972, 0.632751, 0.414201, 0.079012, 0.926044, 0.797315, 0.725747, 0.412667, 0.691905, 0.386399, 0.284956, 0.817163], [0.742035, 0.391024, 0.482399, 0, 0.735657, 0.229554, 0.647777, 0.439005, 0.009519, 0.146893, 0.556047, 0.163649, 0.836337, 0.538298, 0.428095, 0.124124], [0.608758, 0.220934, 0.84355, 0.704009, 0, 0.523409, 0.497934, 0.62894, 0.076019, 0.145036, 0.132216, 0.471665, 0.587932, 0.081144, 0.072932, 0.539138], [0.047794, 0.801612, 0.507885, 0.061311, 0.512434, 0, 0.648746, 0.937399, 0.859228, 0.87311, 0.014143, 0.948375, 0.584158, 0.573599, 0.353527, 0.070795], [0.98836, 0.491004, 0.013032, 0.091194, 0.055051, 0.305708, 0, 0.779092, 0.603934, 0.163917, 0.056789, 0.420518, 0.183812, 0.489448, 0.171355, 0.28206], [0.125464, 0.284779, 0.044127, 0.038199, 0.263673, 0.772394, 0.607048, 0, 0.632554, 0.329366, 0.223985, 0.718919, 0.981431, 0.58173, 0.419095, 0.433437], [0.527584, 0.585481, 0.616453, 0.302406, 0.675031, 0.447239, 0.268307, 0.581762, 0, 0.136509, 0.974457, 0.558766, 0.58267, 0.999912, 0.827228, 0.642641], [0.223949, 0.738296, 0.83989, 0.191263, 0.734736, 0.703736, 0.191484, 0.540708, 0.815198, 0, 0.668124, 0.396528, 0.081911, 0.409804, 0.849369, 0.272708], [0.535202, 0.788637, 0.04521, 0.301466, 0.602592, 0.033735, 0.761691, 0.179539, 0.156435, 0.096927, 0, 0.749278, 0.024048, 0.90297, 0.504861, 0.706318], [0.921414, 0.509973, 0.550887, 0.575991, 0.878835, 0.937174, 0.781116, 0.211047, 0.886931, 0.12329, 0.761686, 0, 0.790383, 0.687536, 0.057539, 0.547771], [0.587494, 0.743019, 0.60002, 0.694005, 0.542327, 0.912999, 0.293717, 0.581822, 0.722976, 0.60477, 0.095849, 0.72321, 0, 0.317504, 0.135033, 0.71757], [0.986686, 0.946106, 0.608297, 0.668924, 0.593748, 0.362333, 0.752278, 0.686979, 0.36669, 0.295425, 0.891121, 0.413902, 0.748802, 0, 0.098904, 0.584466], [0.08206, 0.611842, 0.440818, 0.534206, 0.577734, 0.014247, 0.983606, 0.428682, 0.768997, 0.264036, 0.154063, 0.58152, 0.38975, 0.358863, 0, 0.223707], [0.682571, 0.482146, 0.022856, 0.458616, 0.785972, 0.755578, 0.283095, 0.778409, 0.734102, 0.876205, 0.436746, 0.278057, 0.652098, 0.526885, 0.394685, 0]]}