{"v_num": 16, "mat": [[0, 0.455715, 0.054897, 0.21759, 0.239822, 0.552767, 0.467034, 0.818229, 0.562881, 0.674512, 0.162597, 0.595456, 0.922321, 0.772701, 0.991405, 0.344523], [0.396469, 0, 0.465918, 0.003354, 0.226652, 0.554552, 0.169348, 0.508235, 0.651675, 0.920294, 0.212894, 0.154318, 0.489143, 0.030562, 0.718799, 0.314016], [0.123165, 0.661546, 0, 0.439966, 0.935663, 0.216536, 0.108654, 0.431929, 0.099679, 0.943947, 0.023302, 0.2434, 0.259458, 0.570507, 0.571052, 0.630116], [0.868479, 0.413349, 0.773046, 0, 0.148941, 0.347747, 0.621216, 0.886279, 0.940102, 0.889295, 0.405962, 0.59151, 0.239637, 0.384866, 0.290777, 0.359282], [0.982791, 0.319346, 0.58942, 0.910924, 0, 0.119792, 0.111393, 0.532185, 0.098371, 0.103167, 0.03111, 0.457567, 0.575724, 0.016493, 0.280163, 0.482916], [0.513932, 0.278848, 0.267917, 0.884257, 0.891395, 0, 0.80527, 0.076314, 0.08987, 0.494837, 0.630233, 0.119429, 0.643462, 0.748915, 0.363564, 0.699132], [0.227977, 0.159283, 0.767918, 0.81554, 0.950426, 0.203187, 0, 0.302469, 0.763696, 0.16679, 0.508388, 0.368613, 0.376496, 0.60468, 0.23519, 0.490788], [0.644454, 0.124994, 0.872256, 0.622065, 0.355648, 0.899986, 0.3646, 0, 0.218882, 0.975102, 0.258025, 0.598682, 0.03317, 0.61775, 0.473149, 0.168636], [0.77593, 0.634945, 0.001885, 0.919557, 0.104348, 0.182333, 0.872988, 0.266025, 0, 0.485141, 0.002018, 0.200898, 0.421811, 0.882369, 0.949469, 0.441593], [0.850622, 0.525136, 0.526847, 0.485576, 0.277433, 0.342928, 0.382422, 0.479516, 0.641687, 0, 0.478514, 0.297672, 0.721267, 0.497094, 0.43918, 0.515504], [0.811228, 0.588071, 0.271206, 0.403928, 0.785693, 0.368172, 0.517151, 0.753605, 0.707936, 0.416434, 0, 0.806583, 0.950779, 0.272866, 0.451416, 0.709017], [0.254242, 0.040459, 0.804991, 0.309315, 0.853983, 0.324453, 0.506201, 0.716871, 0.831635, 0.05017, 0.244704, 0, 0.548328, 0.922441, 0.691436, 0.535524], [0.251762, 0.720104, 0.925742, 0.097068, 0.432582, 0.178099, 0.215732, 0.105557, 0.128719, 0.382308, 0.564808, 0.205584, 0, 0.267641, 0.171905, 0.265708], [0.059526, 0.225279, 0.350389, 0.498691, 0.026408, 0.794571, 0.401232, 0.382059, 0.05923, 0.113323, 0.317245, 0.201122, 0.841357, 0, 0.175814, 0.183528], [0.662041, 0.203549, 0.24961, 0.527634, 0.27367, 0.473193, 0.539004, 0.753621, 0.424406, 0.156839, 0.210045, 0.360756, 0.978269, 0.138165, 0, 0.472602], [0.399162, 0.450553, 0.254619, 0.984801, 0.058495, 0.838009, 0.198656, 0.776826, 0.510556, 0.597847, 0.347241, 0.058749, 0.14345, 0.7637, 0.600335, 0]]}