{"v_num": 13, "mat": [[0, 0.219736, 0.637618, 0.018427, 0.89272, 0.416378, 0.978012, 0.373758, 0.416565, 0.047819, 0.36986, 0.909488, 0.135685], [0.546234, 0, 0.73774, 0.035997, 0.527136, 0.337599, 0.434903, 0.350419, 0.405942, 0.562957, 0.133963, 0.644044, 0.540853], [0.176752, 0.850288, 0, 0.129016, 0.185081, 0.436293, 0.376266, 0.78496, 0.725359, 0.867668, 0.056815, 0.607345, 0.38653], [0.126272, 0.666077, 0.510474, 0, 0.790954, 0.103991, 0.401156, 0.017786, 0.033002, 0.820262, 0.774688, 0.240976, 0.508814], [0.206482, 0.3323, 0.873273, 0.611881, 0, 0.207159, 0.270025, 0.315633, 0.027026, 0.301782, 0.752956, 0.211199, 0.487342], [0.80658, 0.131708, 0.466178, 0.739976, 0.525874, 0, 0.502707, 0.918533, 0.840311, 0.33458, 0.287573, 0.939961, 0.168395], [0.958966, 0.191534, 0.741281, 0.729414, 0.203533, 0.56431, 0, 0.851473, 0.229303, 0.899681, 0.185558, 0.672442, 0.759591], [0.038926, 0.22902, 0.521276, 0.858063, 0.766987, 0.35256, 0.933687, 0, 0.763632, 0.158961, 0.047458, 0.265116, 0.020929], [0.094379, 0.156876, 0.578302, 0.978063, 0.112006, 0.349243, 0.101812, 0.817731, 0, 0.146243, 0.461614, 0.202344, 0.764266], [0.590655, 0.331929, 0.31362, 0.711999, 0.994911, 0.230401, 0.173817, 0.794172, 0.86271, 0, 0.489021, 0.47056, 0.474038], [0.256621, 0.48951, 0.717145, 0.663371, 0.500503, 0.721409, 0.051782, 0.79258, 0.576869, 0.406456, 0, 0.665908, 0.756109], [0.410975, 0.291311, 0.258451, 0.382467, 0.719776, 0.57137, 0.371533, 0.726329, 0.336146, 0.489744, 0.692678, 0, 0.062571], [0.180878, 0.815857, 0.891086, 0.345698, 0.091217, 0.466696, 0.34423, 0.257481, 0.371355, 0.334142, 0.534062, 0.775826, 0]]}