{"v_num": 13, "mat": [[0, 0.767718, 0.357069, 0.864899, 0.9972, 0.139708, 0.422887, 0.011053, 0.63321, 0.631123, 0.855225, 0.909754, 0.263602], [0.83896, 0, 0.987344, 0.210556, 0.453011, 0.0024, 0.659346, 0.555753, 0.455063, 0.952146, 0.388802, 0.471834, 0.721919], [0.565366, 0.726743, 0, 0.414327, 0.044347, 0.809188, 0.817925, 0.38634, 0.273481, 0.630783, 0.875924, 0.901949, 0.999182], [0.872493, 0.866055, 0.516327, 0, 0.939125, 0.894258, 0.410755, 0.606911, 0.389475, 0.037335, 0.884626, 0.595551, 0.482186], [0.339841, 0.037871, 0.861404, 0.954784, 0, 0.848073, 0.29975, 0.019628, 0.281873, 0.416997, 0.547571, 0.828227, 0.772831], [0.630713, 0.026685, 0.435087, 0.505084, 0.881908, 0, 0.103155, 0.370848, 0.705878, 0.064371, 0.545967, 0.727481, 0.066511], [0.28162, 0.134839, 0.537002, 0.057059, 0.066442, 0.345297, 0, 0.440722, 0.012537, 0.100042, 0.936439, 0.309665, 0.949268], [0.647867, 0.043428, 0.476421, 0.214814, 0.416032, 0.56319, 0.46655, 0, 0.391319, 0.959135, 0.573892, 0.719375, 0.257242], [0.096604, 0.168769, 0.430504, 0.884106, 0.094485, 0.310124, 0.819126, 0.434579, 0, 0.449297, 0.088723, 0.987947, 0.661498], [0.985991, 0.799858, 0.760698, 0.004049, 0.446071, 0.364136, 0.24248, 0.882396, 0.208214, 0, 0.421312, 0.485247, 0.050349], [0.845081, 0.979167, 0.75868, 0.758503, 0.130368, 0.161548, 0.815562, 0.321858, 0.124391, 0.825759, 0, 0.814697, 0.779652], [0.170093, 0.392164, 0.640143, 0.803978, 0.721042, 0.226202, 0.149464, 0.640243, 0.109611, 0.03357, 0.353144, 0, 0.368421], [0.273949, 0.025963, 0.691797, 0.997949, 0.518884, 0.508277, 0.309312, 0.262688, 0.397336, 0.103798, 0.134126, 0.537443, 0]]}