{"v_num": 13, "mat": [[0, 0.532187, 0.525169, 0.314557, 0.435157, 0.727109, 0.971388, 0.467256, 0.782895, 0.250153, 0.807804, 0.735344, 0.960546], [0.676307, 0, 0.675632, 0.097124, 0.126487, 0.171591, 0.363864, 0.267062, 0.380467, 0.689166, 0.172835, 0.533952, 0.81054], [0.204799, 0.587972, 0, 0.119072, 0.009847, 0.571723, 0.986576, 0.452666, 0.313738, 0.933669, 0.519277, 0.090586, 0.105793], [0.693123, 0.392296, 0.723827, 0, 0.315467, 0.961771, 0.004852, 0.492488, 0.60292, 0.090655, 0.642144, 0.116398, 0.425829], [0.240483, 0.51705, 0.991477, 0.417346, 0, 0.986392, 0.838872, 0.723336, 0.159988, 0.583365, 0.313456, 0.046224, 0.228286], [0.273202, 0.962567, 0.628345, 0.143047, 0.294905, 0, 0.975962, 0.987231, 0.198381, 0.577713, 0.103361, 0.63703, 0.678919], [0.228537, 0.017713, 0.352666, 0.469224, 0.100437, 0.441496, 0, 0.804925, 0.629491, 0.138443, 0.58366, 0.717114, 0.448879], [0.378856, 0.291017, 0.579415, 0.644043, 0.027455, 0.611697, 0.948492, 0, 0.628469, 0.052141, 0.726833, 0.91276, 0.669622], [0.120837, 0.856629, 0.495682, 0.390077, 0.98034, 0.478934, 0.416496, 0.348693, 0, 0.697843, 0.830098, 0.628338, 0.584794], [0.715755, 0.085009, 0.58882, 0.773513, 0.300075, 0.909658, 0.410383, 0.863197, 0.87612, 0, 0.931833, 0.845541, 0.955103], [0.410259, 0.678335, 0.07251, 0.247621, 0.569205, 0.220596, 0.806557, 0.974082, 0.697225, 0.988158, 0, 0.112689, 0.66679], [0.131567, 0.173421, 0.288678, 0.843314, 0.94688, 0.852242, 0.08995, 0.332763, 0.444974, 0.409079, 0.115394, 0, 0.212868], [0.277793, 0.036054, 0.734777, 0.208493, 0.675459, 0.457201, 0.743816, 0.243941, 0.694061, 0.273474, 0.914986, 0.629279, 0]]}