{"v_num": 13, "mat": [[0, 0.222606, 0.437086, 0.475575, 0.118517, 0.136063, 0.552031, 0.710767, 0.182132, 0.47891, 0.1109, 0.055643, 0.247779], [0.50542, 0, 0.483177, 0.422402, 0.041789, 0.340121, 0.608052, 0.762619, 0.541029, 0.260438, 0.80265, 0.828739, 0.033008], [0.407707, 0.604913, 0, 0.343685, 0.370506, 0.473075, 0.130381, 0.469944, 0.110543, 0.010357, 0.850891, 0.328134, 0.927333], [0.100266, 0.699264, 0.150207, 0, 0.131757, 0.683403, 0.303274, 0.525022, 0.984845, 0.329787, 0.220023, 0.664641, 0.928059], [0.529661, 0.307686, 0.589521, 0.075311, 0, 0.313644, 0.535179, 0.213743, 0.596988, 0.694518, 0.932169, 0.785822, 0.967811], [0.493823, 0.619471, 0.728233, 0.08724, 0.066236, 0, 0.334326, 0.976425, 0.772765, 0.001659, 0.827399, 0.052799, 0.809914], [0.512845, 0.062149, 0.340315, 0.511132, 0.392539, 0.04022, 0, 0.926285, 0.604314, 0.337326, 0.123324, 0.46048, 0.061589], [0.274614, 0.343958, 0.684375, 0.654569, 0.343662, 0.24644, 0.44756, 0, 0.983277, 0.667943, 0.681725, 0.914967, 0.552013], [0.419444, 0.749714, 0.4218, 0.130474, 0.633744, 0.138319, 0.550189, 0.655396, 0, 0.77419, 0.943899, 0.774173, 0.161098], [0.28778, 0.045106, 0.605784, 0.879948, 0.73586, 0.576971, 0.138856, 0.050664, 0.08154, 0, 0.896158, 0.714448, 0.65835], [0.935048, 0.417093, 0.591984, 0.615211, 0.276947, 0.022822, 0.941761, 0.255611, 0.154267, 0.14184, 0, 0.07044, 0.062725], [0.75145, 0.727601, 0.658537, 0.396846, 0.668405, 0.33631, 0.115232, 0.651908, 0.9408, 0.741098, 0.151398, 0, 0.287368], [0.865023, 0.561078, 0.057951, 0.166889, 0.133687, 0.143381, 0.761973, 0.134354, 0.836565, 0.955678, 0.297901, 0.495001, 0]]}