{"v_num": 13, "mat": [[0, 0.093412, 0.393918, 0.517743, 0.248499, 0.713102, 0.543928, 0.136166, 0.065422, 0.231436, 0.79981, 0.056348, 0.431696], [0.430952, 0, 0.91219, 0.878245, 0.327965, 0.04419, 0.396234, 0.167611, 0.511526, 0.666948, 0.055788, 0.994947, 0.782028], [0.903063, 0.554048, 0, 0.682293, 0.053819, 0.904261, 0.41548, 0.452966, 0.232607, 0.119604, 0.653203, 0.435632, 0.433317], [0.658796, 0.110631, 0.780786, 0, 0.057845, 0.370163, 0.261016, 0.027275, 0.751492, 0.60766, 0.723361, 0.451397, 0.54765], [0.503258, 0.385314, 0.36854, 0.145934, 0, 0.056042, 0.684573, 0.438247, 0.582659, 0.8128, 0.686167, 0.648059, 0.97899], [0.161361, 0.179629, 0.976485, 0.67122, 0.084675, 0, 0.03823, 0.072883, 0.585037, 0.538843, 0.871764, 0.505446, 0.198071], [0.347947, 0.550146, 0.095653, 0.46635, 0.627131, 0.651452, 0, 0.364656, 0.595984, 0.849327, 0.019161, 0.26039, 0.571758], [0.337422, 0.945558, 0.518358, 0.271544, 0.986386, 0.481589, 0.374338, 0, 0.82231, 0.847156, 0.493955, 0.328904, 0.273075], [0.590389, 0.804943, 0.918933, 0.002739, 0.770107, 0.549854, 0.533307, 0.986504, 0, 0.850623, 0.957791, 0.946633, 0.752038], [0.499933, 0.339035, 0.255529, 0.212452, 0.159175, 0.100453, 0.81578, 0.763626, 0.981714, 0, 0.91413, 0.104898, 0.204838], [0.910457, 0.772757, 0.745414, 0.862645, 0.688297, 0.332775, 0.419822, 0.196744, 0.767014, 0.968565, 0, 0.201306, 0.703329], [0.841022, 0.566877, 0.831785, 0.040368, 0.262528, 0.012579, 0.914088, 0.99284, 0.390189, 0.729867, 0.728096, 0, 0.935052], [0.894072, 0.106566, 0.523856, 0.160502, 0.159155, 0.63471, 0.632661, 0.672273, 0.777043, 0.338058, 0.663372, 0.363925, 0]]}