{"v_num": 13, "mat": [[0, 0.548492, 0.08537, 0.112886, 0.877125, 0.863168, 0.067905, 0.309871, 0.511822, 0.342919, 0.634544, 0.97632, 0.7635], [0.31591, 0, 0.794988, 0.489535, 0.886046, 0.184815, 0.779519, 0.563019, 0.007368, 0.783497, 0.570308, 0.854776, 0.753758], [0.113302, 0.635598, 0, 0.996928, 0.113788, 0.01506, 0.704028, 0.92607, 0.503576, 0.348635, 0.407841, 0.815532, 0.040134], [0.246479, 0.173513, 0.137253, 0, 0.635904, 0.8825, 0.86588, 0.33284, 0.769531, 0.580904, 0.037204, 0.944709, 0.78914], [0.254409, 0.693894, 0.103371, 0.287291, 0, 0.186937, 0.031378, 0.727183, 0.980154, 0.398914, 0.377464, 0.449707, 0.377498], [0.119038, 0.921093, 0.158679, 0.10836, 0.467672, 0, 0.785496, 0.508482, 0.267221, 0.002895, 0.153995, 0.674561, 0.139482], [0.682043, 0.070112, 0.627348, 0.192663, 0.415728, 0.92606, 0, 0.949999, 0.025476, 0.236204, 0.35701, 0.734472, 0.710175], [0.451188, 0.582257, 0.343407, 0.818831, 0.608593, 0.290371, 0.099551, 0, 0.571678, 0.223095, 0.152293, 0.841296, 0.3607], [0.964489, 0.713043, 0.300023, 0.889402, 0.946879, 0.370314, 0.700131, 0.921074, 0, 0.965507, 0.452271, 0.958474, 0.662407], [0.287897, 0.015493, 0.944307, 0.806097, 0.739781, 0.028106, 0.630108, 0.177429, 0.734477, 0, 0.400156, 0.675291, 0.199233], [0.775687, 0.70609, 0.886614, 0.793405, 0.817744, 0.823632, 0.844607, 0.572807, 0.269973, 0.656224, 0, 0.2536, 0.265556], [0.415704, 0.139379, 0.622033, 0.738973, 0.113074, 0.63478, 0.079235, 0.476462, 0.574953, 0.656963, 0.639258, 0, 0.6774], [0.175318, 0.803066, 0.826777, 0.810391, 0.136188, 0.879412, 0.469339, 0.271523, 0.098296, 0.922858, 0.139151, 0.013452, 0]]}