{"v_num": 13, "mat": [[0, 0.230728, 0.282396, 0.796964, 0.44652, 0.729384, 0.85546, 0.105711, 0.743217, 0.132551, 0.481477, 0.30416, 0.462985], [0.316223, 0, 0.073154, 0.357463, 0.134154, 0.038254, 0.921116, 0.539277, 0.350798, 0.853122, 0.309624, 0.309092, 0.894629], [0.874537, 0.712534, 0, 0.683843, 0.607981, 0.956116, 0.348493, 0.235708, 0.029473, 0.86517, 0.180271, 0.047567, 0.325468], [0.919152, 0.509898, 0.918534, 0, 0.636741, 0.316311, 0.244446, 0.547125, 0.69059, 0.345182, 0.819711, 0.160539, 0.934893], [0.1551, 0.373925, 0.505129, 0.539515, 0, 0.309218, 0.425829, 0.698501, 0.688645, 0.884359, 0.770394, 0.933531, 0.52275], [0.293367, 0.901825, 0.084643, 0.27938, 0.915606, 0, 0.580643, 0.833249, 0.772816, 0.740672, 0.329298, 0.831754, 0.765262], [0.123875, 0.606, 0.216019, 0.084363, 0.200213, 0.749667, 0, 0.865282, 0.081608, 0.222613, 0.083179, 0.833408, 0.175877], [0.393096, 0.979938, 0.744497, 0.188874, 0.060355, 0.622202, 0.228639, 0, 0.06657, 0.838372, 0.557799, 0.762378, 0.366171], [0.905548, 0.347084, 0.562039, 0.87489, 0.993195, 0.319053, 0.647019, 0.878482, 0, 0.535904, 0.050778, 0.556929, 0.960055], [0.013173, 0.443626, 0.083699, 0.407047, 0.526211, 0.597919, 0.584176, 0.021033, 0.174611, 0, 0.155268, 0.07675, 0.939457], [0.622215, 0.418156, 0.903737, 0.631453, 0.9456, 0.758299, 0.367458, 0.217457, 0.02199, 0.470224, 0, 0.174492, 0.568031], [0.585874, 0.025109, 0.43694, 0.115109, 0.900914, 0.619984, 0.457664, 0.755497, 0.26703, 0.6904, 0.330769, 0, 0.24139], [0.942131, 0.581705, 0.37594, 0.144459, 0.795309, 0.630457, 0.262205, 0.309218, 0.449186, 0.826291, 0.007793, 0.546532, 0]]}