{"v_num": 13, "mat": [[0, 0.098665, 0.726818, 0.505257, 0.687451, 0.992117, 0.214299, 0.248875, 0.517237, 0.498556, 0.069045, 0.703751, 0.94416], [0.751134, 0, 0.739167, 0.086701, 0.113499, 0.652288, 0.953634, 0.833905, 0.914444, 0.891693, 0.014072, 0.312204, 0.655578], [0.143799, 0.065239, 0, 0.417779, 0.1093, 0.969466, 0.205526, 0.678297, 0.026942, 0.474661, 0.702875, 0.730485, 0.735378], [0.270397, 0.33094, 0.427254, 0, 0.43008, 0.123493, 0.073078, 0.94516, 0.834348, 0.068335, 0.129011, 0.872918, 0.640283], [0.893801, 0.213775, 0.686616, 0.919375, 0, 0.920198, 0.285445, 0.041883, 0.879449, 0.667296, 0.809744, 0.611605, 0.607605], [0.596295, 0.297898, 0.346016, 0.323262, 0.247609, 0, 0.49799, 0.931611, 0.358331, 0.25796, 0.351554, 0.375273, 0.148317], [0.599765, 0.344459, 0.883664, 0.810258, 0.578165, 0.367233, 0, 0.571258, 0.377786, 0.2092, 0.136186, 0.208488, 0.218728], [0.572962, 0.467071, 0.680009, 0.587684, 0.639487, 0.838165, 0.574491, 0, 0.581559, 0.445245, 0.738282, 0.139441, 0.109657], [0.601399, 0.925699, 0.457246, 0.360508, 0.155322, 0.095673, 0.76008, 0.703635, 0, 0.751252, 0.590625, 0.137193, 0.979831], [0.860148, 0.046415, 0.653383, 0.771085, 0.513814, 0.282632, 0.105625, 0.205152, 0.953505, 0, 0.102612, 0.761762, 0.121733], [0.881482, 0.395658, 0.635922, 0.448559, 0.832371, 0.283244, 0.573393, 0.845577, 0.486036, 0.055581, 0, 0.936546, 0.132518], [0.220311, 0.256734, 0.808133, 0.182669, 0.671691, 0.286324, 0.693997, 0.482443, 0.484871, 0.657957, 0.953909, 0, 0.710727], [0.735828, 0.056371, 0.740508, 0.390404, 0.910456, 0.660766, 0.073729, 0.27375, 0.060246, 0.99951, 0.453557, 0.032875, 0]]}