{"v_num": 13, "mat": [[0, 0.306816, 0.78633, 0.455922, 0.458783, 0.583185, 0.560951, 0.679471, 0.523289, 0.086788, 0.911209, 0.865812, 0.343503], [0.754215, 0, 0.55551, 0.721741, 0.079177, 0.675101, 0.781187, 0.123551, 0.23054, 0.768316, 0.671501, 0.740326, 0.666005], [0.223959, 0.697059, 0, 0.275657, 0.626426, 0.001007, 0.984354, 0.267044, 0.658423, 0.176078, 0.339, 0.033716, 0.041473], [0.008159, 0.739193, 0.040475, 0, 0.290375, 0.741385, 0.359603, 0.969494, 0.820016, 0.650952, 0.910793, 0.300083, 0.984422], [0.175236, 0.003198, 0.491494, 0.651991, 0, 0.123109, 0.503544, 0.240608, 0.263652, 0.465438, 0.207683, 0.273442, 0.447341], [0.145884, 0.915254, 0.674274, 0.538736, 0.241381, 0, 0.590824, 0.34528, 0.447707, 0.282255, 0.594899, 0.501574, 0.882447], [0.837869, 0.876131, 0.798577, 0.826571, 0.997689, 0.363084, 0, 0.676481, 0.670768, 0.369254, 0.474803, 0.291375, 0.422649], [0.870425, 0.263232, 0.476587, 0.356948, 0.872958, 0.189014, 0.284297, 0, 0.671053, 0.205795, 0.845515, 0.096876, 0.202247], [0.01906, 0.564227, 0.19986, 0.940495, 0.550955, 0.583931, 0.128915, 0.707223, 0, 0.250914, 0.881182, 0.780046, 0.013346], [0.307613, 0.236989, 0.303389, 0.898796, 0.990233, 0.905897, 0.245118, 0.170118, 0.5648, 0, 0.262778, 0.759797, 0.187671], [0.614143, 0.131721, 0.889113, 0.082148, 0.544302, 0.227249, 0.792436, 0.078724, 0.608202, 0.348144, 0, 0.519815, 0.50141], [0.255516, 0.024308, 0.483087, 0.954618, 0.902744, 0.153238, 0.550274, 0.295167, 0.029804, 0.03994, 0.62581, 0, 0.032347], [0.155143, 0.854023, 0.124102, 0.376815, 0.152713, 0.735366, 0.286917, 0.979374, 0.456432, 0.271238, 0.191756, 0.181756, 0]]}