{"v_num": 13, "mat": [[0, 0.131028, 0.661677, 0.418873, 0.72135, 0.116611, 0.357623, 0.96068, 0.066582, 0.391594, 0.171346, 0.765126, 0.119329], [0.58146, 0, 0.448506, 0.432697, 0.582318, 0.577488, 0.077027, 0.382507, 0.421518, 0.927854, 0.482405, 0.711319, 0.829139], [0.454359, 0.466522, 0, 0.62796, 0.418907, 0.619999, 0.397096, 0.951938, 0.167119, 0.594667, 0.677593, 0.011806, 0.012131], [0.178017, 0.175858, 0.952096, 0, 0.338286, 0.693475, 0.573658, 0.639735, 0.083989, 0.986356, 0.959737, 0.890662, 0.893073], [0.402943, 0.775042, 0.472546, 0.805319, 0, 0.501897, 0.731354, 0.733406, 0.431724, 0.990149, 0.092262, 0.977782, 0.341616], [0.210521, 0.59348, 0.729024, 0.259054, 0.639027, 0, 0.539762, 0.129601, 0.834777, 0.75954, 0.511988, 0.204545, 0.876228], [0.324147, 0.919245, 0.488301, 0.982245, 0.146614, 0.780426, 0, 0.339403, 0.177965, 0.41526, 0.626939, 0.737788, 0.364684], [0.641094, 0.013323, 0.795959, 0.720826, 0.798155, 0.282254, 0.636541, 0, 0.398153, 0.983111, 0.632754, 0.070507, 0.338261], [0.870628, 0.105331, 0.646025, 0.840039, 0.759813, 0.148648, 0.754516, 0.302544, 0, 0.424818, 0.148778, 0.606064, 0.155456], [0.774808, 0.921683, 0.949782, 0.460913, 0.385357, 0.167827, 0.406799, 0.47576, 0.729068, 0, 0.213452, 0.099825, 0.750498], [0.889863, 0.756283, 0.393552, 0.204996, 0.065624, 0.150726, 0.194688, 0.852944, 0.689811, 0.332455, 0, 0.483827, 0.848232], [0.630661, 0.317831, 0.807527, 0.56592, 0.204204, 0.010934, 0.220012, 0.530105, 0.014822, 0.888816, 0.872165, 0, 0.369752], [0.660791, 0.258084, 0.450952, 0.911037, 0.528782, 0.902553, 0.353684, 0.762778, 0.387443, 0.90569, 0.073442, 0.590193, 0]]}