{"v_num": 13, "mat": [[0, 0.253661, 0.775683, 0.085169, 0.093672, 0.50176, 0.399061, 0.520744, 0.281906, 0.570839, 0.107247, 0.576122, 0.153509], [0.92895, 0, 0.071008, 0.031249, 0.180132, 0.52519, 0.210542, 0.530761, 0.115898, 0.3646, 0.337088, 0.643019, 0.069613], [0.1964, 0.986146, 0, 0.201579, 0.267897, 0.102277, 0.480082, 0.17591, 0.551868, 0.250464, 0.453754, 0.084716, 0.79118], [0.67982, 0.853297, 0.191683, 0, 0.383246, 0.077143, 0.800079, 0.799072, 0.120514, 0.380048, 0.189405, 0.665545, 0.854863], [0.815473, 0.554613, 0.481404, 0.171283, 0, 0.157828, 0.550652, 0.449871, 0.604614, 0.482778, 0.607817, 0.808145, 0.886747], [0.242025, 0.838775, 0.795614, 0.711346, 0.024724, 0, 0.711024, 0.526298, 0.456071, 0.009887, 0.570092, 0.768875, 0.382473], [0.430054, 0.590509, 0.534818, 0.193398, 0.863551, 0.248862, 0, 0.446887, 0.007274, 0.84377, 0.772704, 0.844442, 0.287911], [0.97173, 0.047246, 0.999883, 0.332579, 0.575037, 0.794343, 0.087242, 0, 0.61348, 0.451118, 0.087935, 0.49853, 0.493128], [0.742402, 0.838153, 0.470477, 0.398717, 0.525653, 0.009919, 0.423368, 0.462887, 0, 0.7108, 0.337245, 0.722333, 0.535148], [0.475903, 0.557636, 0.461084, 0.966906, 0.798644, 0.052554, 0.505929, 0.062489, 0.365737, 0, 0.300749, 0.33514, 0.930759], [0.336473, 0.113289, 0.811039, 0.43827, 0.176164, 0.78277, 0.709451, 0.82226, 0.672476, 0.183335, 0, 0.57528, 0.327971], [0.039107, 0.932447, 0.704133, 0.328393, 0.135853, 0.269536, 0.8097, 0.875097, 0.815187, 0.439729, 0.149721, 0, 0.523343], [0.569206, 0.541103, 0.399056, 0.887306, 0.65299, 0.195982, 0.224635, 0.745527, 0.200533, 0.547322, 0.361387, 0.706763, 0]]}