{"v_num": 13, "mat": [[0, 0.269958, 0.096845, 0.594707, 0.598146, 0.600413, 0.394646, 0.23414, 0.615555, 0.49211, 0.717659, 0.447369, 0.089626], [0.288543, 0, 0.58239, 0.721656, 0.739747, 0.258454, 0.650018, 0.437731, 0.203392, 0.127374, 0.619131, 0.511563, 0.691086], [0.269413, 0.566315, 0, 0.068133, 0.85034, 0.923547, 0.670259, 0.872869, 0.941134, 0.797572, 0.691029, 0.669551, 0.353], [0.100313, 0.483463, 0.978754, 0, 0.248665, 0.489996, 0.101227, 0.369404, 0.582312, 0.67737, 0.24567, 0.731643, 0.499635], [0.912099, 0.374763, 0.349869, 0.959085, 0, 0.330735, 0.432145, 0.202597, 0.275397, 0.674645, 0.509841, 0.600701, 0.560691], [0.89812, 0.507243, 0.174607, 0.843349, 0.768944, 0, 0.197709, 0.295646, 0.076772, 0.281205, 0.03003, 0.737515, 0.403116], [0.010138, 0.070623, 0.60172, 0.842699, 0.644722, 0.389549, 0, 0.658174, 0.675178, 0.461168, 0.794137, 0.562592, 0.827417], [0.748243, 0.647199, 0.216525, 0.295325, 0.18061, 0.550706, 0.703363, 0, 0.347361, 0.901437, 0.990628, 0.516833, 0.241282], [0.188534, 0.079205, 0.79362, 0.342928, 0.180325, 0.768093, 0.693313, 0.591902, 0, 0.696153, 0.345862, 0.504762, 0.169945], [0.934549, 0.679709, 0.791692, 0.07621, 0.653216, 0.586638, 0.283998, 0.30658, 0.214279, 0, 0.432481, 0.332258, 0.262039], [0.235329, 0.057284, 0.345477, 0.296637, 0.689121, 0.042791, 0.93813, 0.420008, 0.494157, 0.889754, 0, 0.771917, 0.587156], [0.908637, 0.921738, 0.563944, 0.770095, 0.197411, 0.999635, 0.466899, 0.985612, 0.158474, 0.71836, 0.476784, 0, 0.860187], [0.998067, 0.910043, 0.643197, 0.720808, 0.147764, 0.220775, 0.605128, 0.08889, 0.3209, 0.094014, 0.11212, 0.170228, 0]]}