{"v_num": 13, "mat": [[0, 0.449899, 0.122275, 0.404773, 0.791533, 0.084267, 0.281811, 0.784159, 0.541371, 0.240786, 0.240686, 0.394041, 0.304903], [0.736226, 0, 0.634884, 0.974245, 0.662469, 0.122201, 0.925087, 0.027275, 0.635154, 0.037147, 0.791546, 0.860392, 0.336512], [0.412194, 0.732689, 0, 0.880439, 0.80651, 0.586523, 0.901202, 0.529306, 0.666854, 0.98149, 0.279428, 0.863095, 0.423324], [0.605096, 0.774562, 0.941127, 0, 0.283085, 0.566184, 0.90491, 0.356462, 0.180238, 0.88073, 0.440956, 0.168894, 0.15089], [0.594261, 0.435134, 0.886498, 0.289617, 0, 0.920888, 0.981871, 0.389883, 0.33801, 0.050116, 0.301762, 0.526234, 0.336867], [0.223941, 0.097073, 0.482807, 0.197899, 0.223055, 0, 0.283208, 0.883667, 0.605475, 0.472139, 0.218148, 0.304189, 0.491445], [0.219265, 0.832608, 0.21005, 0.422053, 0.629627, 0.300941, 0, 0.122728, 0.452973, 0.947049, 0.5197, 0.239711, 0.444525], [0.131067, 0.058162, 0.805068, 0.605683, 0.072569, 0.510239, 0.20099, 0, 0.801107, 0.254962, 0.520774, 0.636904, 0.551183], [0.748605, 0.190204, 0.631304, 0.479385, 0.334273, 0.627335, 0.66558, 0.544433, 0, 0.918934, 0.317349, 0.677887, 0.658677], [0.773267, 0.570933, 0.984283, 0.196006, 0.190111, 0.087465, 0.731544, 0.922755, 0.016935, 0, 0.996702, 0.332393, 0.848223], [0.061881, 0.062711, 0.945618, 0.503611, 0.978505, 0.115248, 0.621953, 0.601143, 0.269328, 0.141411, 0, 0.689214, 0.733158], [0.26994, 0.910873, 0.232042, 0.375171, 0.416503, 0.195929, 0.465555, 0.282683, 0.460728, 0.283243, 0.105318, 0, 0.535328], [0.207892, 0.452566, 0.997262, 0.377487, 0.182795, 0.450956, 0.34556, 0.158384, 0.422188, 0.737689, 0.120923, 0.574779, 0]]}