{"v_num": 13, "mat": [[0, 0.641377, 0.246313, 0.892175, 0.532941, 0.144248, 0.952724, 0.082083, 0.457646, 0.237093, 0.104514, 0.930616, 0.687118], [0.561187, 0, 0.266724, 0.357119, 0.86299, 0.27202, 0.316618, 0.083519, 0.256057, 0.048227, 0.466718, 0.206566, 0.880157], [0.795615, 0.053819, 0, 0.467222, 0.587658, 0.640117, 0.984508, 0.011522, 0.274361, 0.962784, 0.91988, 0.282662, 0.033249], [0.376317, 0.176572, 0.809808, 0, 0.766653, 0.313471, 0.7079, 0.271786, 0.109026, 0.59599, 0.128121, 0.295769, 0.513086], [0.727509, 0.529352, 0.293965, 0.373754, 0, 0.178526, 0.766907, 0.144904, 0.587134, 0.161763, 0.478985, 0.528272, 0.376993], [0.963983, 0.302477, 0.122375, 0.482811, 0.620866, 0, 0.721665, 0.539995, 0.802723, 0.006806, 0.938512, 0.632401, 0.117757], [0.287828, 0.715474, 0.607479, 0.211301, 0.038618, 0.345578, 0, 0.964753, 0.543033, 0.913441, 0.917292, 0.473986, 0.58976], [0.678977, 0.939719, 0.311343, 0.660017, 0.348247, 0.084398, 0.369596, 0, 0.528188, 0.782207, 0.88873, 0.006429, 0.96057], [0.636258, 0.349634, 0.696899, 0.056919, 0.660234, 0.905661, 0.184299, 0.360477, 0, 0.231236, 0.642712, 0.006401, 0.706712], [0.594846, 0.668041, 0.485939, 0.399433, 0.805693, 0.002427, 0.678519, 0.31245, 0.7429, 0, 0.253537, 0.835418, 0.529919], [0.047189, 0.318841, 0.486433, 0.769563, 0.477226, 0.09838, 0.45008, 0.771931, 0.199401, 0.782474, 0, 0.392549, 0.728623], [0.182208, 0.034594, 0.617882, 0.599405, 0.254808, 0.505029, 0.922083, 0.488766, 0.680564, 0.833156, 0.051801, 0, 0.656577], [0.928904, 0.379459, 0.377095, 0.983577, 0.798788, 0.430839, 0.532201, 0.407303, 0.791967, 0.334147, 0.633886, 0.914151, 0]]}