{"v_num": 13, "mat": [[0, 0.688527, 0.305372, 0.731238, 0.674029, 0.947587, 0.948286, 0.854735, 0.262651, 0.895484, 0.161798, 0.681213, 0.671021], [0.209445, 0, 0.03325, 0.81961, 0.067826, 0.013947, 0.850868, 0.817658, 0.017943, 0.953627, 0.204132, 0.052549, 0.59636], [0.756353, 0.034551, 0, 0.965645, 0.194461, 0.648694, 0.080081, 0.924552, 0.590782, 0.568868, 0.562484, 0.071327, 0.828151], [0.793451, 0.40884, 0.447009, 0, 0.995896, 0.301339, 0.408022, 0.973659, 0.322467, 0.836664, 0.959907, 0.806429, 0.53244], [0.018595, 0.218039, 0.137446, 0.870793, 0, 0.9836, 0.643936, 0.971754, 0.536233, 0.088425, 0.464156, 0.253692, 0.054095], [0.642186, 0.868795, 0.362983, 0.465633, 0.931189, 0, 0.219759, 0.294127, 0.989304, 0.665576, 0.467645, 0.34444, 0.099306], [0.930332, 0.172924, 0.320896, 0.130094, 0.06818, 0.800467, 0, 0.945942, 0.239937, 0.212095, 0.064072, 0.09179, 0.339295], [0.262976, 0.286624, 0.476485, 0.073081, 0.561262, 0.614104, 0.946577, 0, 0.782354, 0.781791, 0.339066, 0.51194, 0.569601], [0.339956, 0.953242, 0.631131, 0.836545, 0.185467, 0.290035, 0.149067, 0.679434, 0, 0.263596, 0.524941, 0.46939, 0.81872], [0.996199, 0.043944, 0.009986, 0.014797, 0.860688, 0.686077, 0.539046, 0.959528, 0.862217, 0, 0.633905, 0.027456, 0.184425], [0.979892, 0.812507, 0.672787, 0.086849, 0.794773, 0.305398, 0.911285, 0.680967, 0.832011, 0.578337, 0, 0.622961, 0.538365], [0.382056, 0.80186, 0.234693, 0.197313, 0.777464, 0.580303, 0.515524, 0.463863, 0.224649, 0.639472, 0.338663, 0, 0.425675], [0.058058, 0.205063, 0.855824, 0.679604, 0.806061, 0.267153, 0.439939, 0.859611, 0.548145, 0.994551, 0.565278, 0.516255, 0]]}