{"v_num": 13, "mat": [[0, 0.199244, 0.093929, 0.720078, 0.82407, 0.021106, 0.880853, 0.628106, 0.787877, 0.480378, 0.455488, 0.763088, 0.443308], [0.676158, 0, 0.929372, 0.347371, 0.627971, 0.025166, 0.604266, 0.661479, 0.513702, 0.853247, 0.131161, 0.704468, 0.206516], [0.012968, 0.616391, 0, 0.502743, 0.847158, 0.434295, 0.542807, 0.621941, 0.54807, 0.379991, 0.119982, 0.647226, 0.807283], [0.939092, 0.746444, 0.409663, 0, 0.37551, 0.7943, 0.927397, 0.135373, 0.144989, 0.41746, 0.106275, 0.31581, 0.966485], [0.117012, 0.645164, 0.237673, 0.620204, 0, 0.180498, 0.964801, 0.971062, 0.305709, 0.83884, 0.9234, 0.905059, 0.200285], [0.865047, 0.619828, 0.482191, 0.186481, 0.097641, 0, 0.556587, 0.932657, 0.751357, 0.662731, 0.004697, 0.799652, 0.154953], [0.289005, 0.849417, 0.023662, 0.45282, 0.044924, 0.213194, 0, 0.433004, 0.778071, 0.906351, 0.084516, 0.043961, 0.534597], [0.04801, 0.909031, 0.154222, 0.628773, 0.839221, 0.595067, 0.160899, 0, 0.328725, 0.461481, 0.600551, 0.877916, 0.322045], [0.932845, 0.392665, 0.623569, 0.457173, 0.558226, 0.427292, 0.226715, 0.93756, 0, 0.407572, 0.621774, 0.20884, 0.299385], [0.887986, 0.565034, 0.211056, 0.183323, 0.797412, 0.222474, 0.804613, 0.058921, 0.184952, 0, 0.562275, 0.584414, 0.133967], [0.239544, 0.046234, 0.485771, 0.797664, 0.065092, 0.070211, 0.094172, 0.725981, 0.190065, 0.626559, 0, 0.124922, 0.558396], [0.269113, 0.622964, 0.747118, 0.675751, 0.578173, 0.397666, 0.151452, 0.948497, 0.451762, 0.986053, 0.201964, 0, 0.174913], [0.124351, 0.95341, 0.359862, 0.220094, 0.534135, 0.379229, 0.914997, 0.835423, 0.831207, 0.233582, 0.648273, 0.675216, 0]]}