{"v_num": 13, "mat": [[0, 0.025949, 0.975159, 0.868887, 0.600468, 0.291757, 0.011363, 0.093188, 0.169303, 0.907583, 0.265591, 0.724123, 0.15269], [0.462047, 0, 0.209699, 0.930641, 0.141053, 0.644718, 0.041391, 0.132917, 0.154253, 0.786487, 0.617268, 0.958767, 0.176782], [0.064029, 0.006916, 0, 0.398702, 0.514627, 0.964179, 0.921215, 0.746519, 0.282021, 0.613102, 0.754619, 0.606169, 0.448591], [0.532673, 0.122509, 0.080276, 0, 0.11869, 0.357767, 0.865173, 0.814205, 0.906645, 0.222584, 0.471617, 0.494602, 0.581752], [0.924495, 0.358776, 0.342534, 0.060579, 0, 0.919598, 0.066817, 0.458014, 0.978459, 0.11101, 0.800645, 0.768131, 0.057822], [0.240581, 0.088475, 0.892126, 0.865782, 0.880745, 0, 0.422391, 0.57204, 0.937506, 0.593825, 0.290449, 0.900752, 0.574497], [0.074127, 0.794668, 0.976444, 0.360221, 0.886139, 0.112867, 0, 0.870499, 0.170298, 0.631028, 0.597874, 0.052707, 0.702382], [0.17089, 0.924167, 0.303581, 0.773763, 0.817249, 0.383346, 0.140785, 0, 0.37365, 0.96813, 0.352669, 0.382743, 0.096342], [0.504459, 0.330479, 0.844248, 0.420176, 0.851275, 0.302641, 0.601292, 0.966934, 0, 0.140246, 0.740718, 0.411183, 0.397246], [0.676057, 0.963209, 0.92073, 0.993874, 0.463741, 0.459928, 0.048233, 0.626391, 0.1199, 0, 0.868433, 0.292318, 0.032255], [0.196784, 0.381075, 0.23203, 0.631528, 0.821082, 0.526018, 0.903268, 0.240387, 0.168944, 0.641758, 0, 0.061457, 0.016518], [0.505617, 0.366343, 0.710251, 0.922949, 0.094689, 0.35218, 0.436255, 0.760969, 0.518752, 0.509561, 0.538387, 0, 0.747929], [0.786987, 0.430632, 0.548897, 0.279412, 0.396048, 0.571902, 0.651773, 0.949079, 0.434848, 0.879668, 0.559095, 0.729374, 0]]}