{"v_num": 13, "mat": [[0, 0.70783, 0.738863, 0.956405, 0.70236, 0.022803, 0.814543, 0.338359, 0.311382, 0.889859, 0.4636, 0.820167, 0.261591], [0.400078, 0, 0.363209, 0.889054, 0.447157, 0.246167, 0.756586, 0.270326, 0.483801, 0.570201, 0.247128, 0.371304, 0.25915], [0.660592, 0.794688, 0, 0.254914, 0.789511, 0.994411, 0.263886, 0.191013, 0.991378, 0.558903, 0.215926, 0.840163, 0.391805], [0.915284, 0.48936, 0.809757, 0, 0.110297, 0.052326, 0.722646, 0.498222, 0.79303, 0.490219, 0.022378, 0.646503, 0.506659], [0.879741, 0.644765, 0.603655, 0.988327, 0, 0.632278, 0.704827, 0.539845, 0.860115, 0.540092, 0.741151, 0.156354, 0.330703], [0.983039, 0.195604, 0.303436, 0.530809, 0.545216, 0, 0.540626, 0.455654, 0.448784, 0.8289, 0.009416, 0.620355, 0.463212], [0.900339, 0.446701, 0.221464, 0.653274, 0.050944, 0.701712, 0, 0.68339, 0.208177, 0.031445, 0.18961, 0.295123, 0.437563], [0.143639, 0.780438, 0.144932, 0.475896, 0.829434, 0.188091, 0.07348, 0, 0.10931, 0.242976, 0.769809, 0.246147, 0.782852], [0.738805, 0.904217, 0.069863, 0.261544, 0.240801, 0.22136, 0.340329, 0.947578, 0, 0.936189, 0.64959, 0.381047, 0.06602], [0.253539, 0.066102, 0.33506, 0.629902, 0.38773, 0.672418, 0.086125, 0.673794, 0.467717, 0, 0.560867, 0.760579, 0.396066], [0.958125, 0.266804, 0.710601, 0.382515, 0.353533, 0.544993, 0.763623, 0.905416, 0.176063, 0.726101, 0, 0.842864, 0.423163], [0.25853, 0.507732, 0.480075, 0.061614, 0.747427, 0.692089, 0.354472, 0.527589, 0.541258, 0.764694, 0.844433, 0, 0.826242], [0.181923, 0.55281, 0.929428, 0.904189, 0.2489, 0.934396, 0.428664, 0.354325, 0.460621, 0.822261, 0.269763, 0.834455, 0]]}