{"v_num": 13, "mat": [[0, 0.835622, 0.846469, 0.691044, 0.371039, 0.709392, 0.932974, 0.741111, 0.557864, 0.748932, 0.110817, 0.970831, 0.547004], [0.969007, 0, 0.773619, 0.516882, 0.290177, 0.640597, 0.274083, 0.462871, 0.042566, 0.197271, 0.93881, 0.761352, 0.967928], [0.692837, 0.97131, 0, 0.812672, 0.693585, 0.818028, 0.423958, 0.567953, 0.616088, 0.521854, 0.361364, 0.489423, 0.949635], [0.157641, 0.54309, 0.731522, 0, 0.802289, 0.508105, 0.061905, 0.340522, 0.511624, 0.739238, 0.367114, 0.920427, 0.812449], [0.004361, 0.732417, 0.159965, 0.073429, 0, 0.382922, 0.950933, 0.735644, 0.58846, 0.7513, 0.035509, 0.855232, 0.11476], [0.687257, 0.803657, 0.184565, 0.790422, 0.410878, 0, 0.530786, 0.62694, 0.338674, 0.453097, 0.592188, 0.122859, 0.786363], [0.492836, 0.435243, 0.151355, 0.43854, 0.252649, 0.148569, 0, 0.55082, 0.547545, 0.355475, 0.104757, 0.505763, 0.834054], [0.203836, 0.439677, 0.631518, 0.346359, 0.579071, 0.128707, 0.974486, 0, 0.099029, 0.51177, 0.09375, 0.687745, 0.38153], [0.647794, 0.46589, 0.744665, 0.957155, 0.121081, 0.493694, 0.540905, 0.520569, 0, 0.984915, 0.351218, 0.655884, 0.843965], [0.148242, 0.16436, 0.169751, 0.217166, 0.226908, 0.306661, 0.205013, 0.491242, 0.246344, 0, 0.743384, 0.529336, 0.3695], [0.055809, 0.819874, 0.137547, 0.654906, 0.016063, 0.052361, 0.085851, 0.611469, 0.001319, 0.630862, 0, 0.828711, 0.266708], [0.419888, 0.88612, 0.005072, 0.46626, 0.492455, 0.640842, 0.57448, 0.497025, 0.436188, 0.86657, 0.603094, 0, 0.571874], [0.654236, 0.44954, 0.773007, 0.731383, 0.028664, 0.463457, 0.287553, 0.225728, 0.406729, 0.503977, 0.288757, 0.234399, 0]]}