{"v_num": 13, "mat": [[0, 0.57313, 0.156906, 0.370632, 0.748792, 0.233086, 0.02483, 0.776401, 0.096101, 0.551275, 0.769985, 0.72741, 0.060894], [0.49373, 0, 0.283799, 0.444796, 0.418459, 0.829471, 0.551429, 0.349127, 0.980541, 0.209139, 0.899131, 0.299579, 0.144886], [0.563672, 0.719215, 0, 0.632643, 0.580705, 0.161948, 0.382544, 0.860788, 0.289676, 0.059665, 0.142753, 0.489859, 0.041588], [0.181425, 0.266305, 0.344211, 0, 0.622873, 0.736558, 0.590617, 0.445163, 0.573486, 0.838027, 0.163852, 0.281359, 0.152597], [0.160128, 0.402557, 0.260916, 0.835864, 0, 0.502139, 0.518703, 0.907822, 0.937587, 0.382164, 0.23275, 0.297692, 0.914415], [0.86816, 0.18189, 0.063439, 0.75396, 0.59479, 0, 0.541772, 0.165379, 0.425165, 0.713229, 0.259594, 0.592549, 0.702577], [0.364044, 0.17774, 0.0426, 0.081009, 0.654364, 0.983998, 0, 0.979922, 0.203761, 0.274261, 0.204903, 0.226842, 0.06167], [0.155735, 0.301125, 0.26394, 0.144987, 0.449684, 0.865346, 0.46518, 0, 0.156483, 0.072225, 0.352776, 0.444758, 0.29386], [0.383261, 0.629488, 0.403684, 0.307178, 0.707852, 0.971443, 0.311793, 0.515622, 0, 0.15361, 0.419732, 0.997035, 0.358399], [0.878815, 0.552985, 0.263241, 0.239093, 0.233739, 0.104626, 0.305762, 0.623645, 0.576624, 0, 0.083346, 0.188337, 0.039136], [0.4033, 0.638363, 0.163713, 0.430583, 0.17063, 0.820637, 0.02408, 0.303964, 0.201226, 0.741071, 0, 0.047871, 0.648372], [0.190587, 0.670495, 0.772198, 0.846428, 0.469198, 0.130524, 0.665407, 0.449699, 0.13969, 0.074356, 0.829288, 0, 0.964205], [0.592219, 0.033599, 0.895702, 0.042439, 0.03558, 0.275549, 0.288864, 0.543517, 0.744306, 0.970106, 0.740064, 0.399204, 0]]}