{"v_num": 13, "mat": [[0, 0.834188, 0.190032, 0.899072, 0.880911, 0.667907, 0.71722, 0.296836, 0.16468, 0.160178, 0.991164, 0.046524, 0.738435], [0.558519, 0, 0.439347, 0.699314, 0.247518, 0.662689, 0.749535, 0.995869, 0.009745, 0.548128, 0.200114, 0.650542, 0.69035], [0.575764, 0.575279, 0, 0.252704, 0.204109, 0.22902, 0.080674, 0.418286, 0.420759, 0.002511, 0.416492, 0.372334, 0.829852], [0.520254, 0.416807, 0.164068, 0, 0.376502, 0.243044, 0.46234, 0.979808, 0.874616, 0.133901, 0.460618, 0.208672, 0.327838], [0.106218, 0.242545, 0.820266, 0.816044, 0, 0.664884, 0.0978, 0.966103, 0.863083, 0.372793, 0.669555, 0.127657, 0.391019], [0.495819, 0.806918, 0.68727, 0.715276, 0.670258, 0, 0.390151, 0.058243, 0.163982, 0.736328, 0.355512, 0.218941, 0.240786], [0.867214, 0.96821, 0.243817, 0.462874, 0.787873, 0.311679, 0, 0.192698, 0.312516, 0.413953, 0.16065, 0.417914, 0.744652], [0.879852, 0.658974, 0.963588, 0.060221, 0.459866, 0.084831, 0.579327, 0, 0.662195, 0.684257, 0.253526, 0.360887, 0.082245], [0.065954, 0.582314, 0.756283, 0.472194, 0.416625, 0.744309, 0.677507, 0.800968, 0, 0.428115, 0.095445, 0.01887, 0.471976], [0.195044, 0.931418, 0.124261, 0.769334, 0.782244, 0.574895, 0.970696, 0.755229, 0.868387, 0, 0.536396, 0.841431, 0.245327], [0.956768, 0.029757, 0.243501, 0.618782, 0.222836, 0.747331, 0.955496, 0.586121, 0.676344, 0.72431, 0, 0.756009, 0.472112], [0.364405, 0.76306, 0.226572, 0.289648, 0.712912, 0.830669, 0.199126, 0.602308, 0.699094, 0.884868, 0.981226, 0, 0.818522], [0.313647, 0.549471, 0.189192, 0.192875, 0.975095, 0.516121, 0.816491, 0.744397, 0.363354, 0.644477, 0.342138, 0.910168, 0]]}