{"v_num": 13, "mat": [[0, 0.56981, 0.998507, 0.225221, 0.756242, 0.681703, 0.91924, 0.455994, 0.141096, 0.524109, 0.582869, 0.140921, 0.606535], [0.411498, 0, 0.023755, 0.781347, 0.846584, 0.491506, 0.00135, 0.398751, 0.945426, 0.835173, 0.733016, 0.95055, 0.145622], [0.304168, 0.401747, 0, 0.009932, 0.189632, 0.649653, 0.079022, 0.814686, 0.732568, 0.190963, 0.545464, 0.814108, 0.564076], [0.365906, 0.631689, 0.102935, 0, 0.19091, 0.662637, 0.328529, 0.325925, 0.050629, 0.501265, 0.717174, 0.510783, 0.788328], [0.961081, 0.466086, 0.363001, 0.856393, 0, 0.937655, 0.635515, 0.32236, 0.328189, 0.806656, 0.189261, 0.151818, 0.917847], [0.330327, 0.38113, 0.338394, 0.488135, 0.935822, 0, 0.349935, 0.978904, 0.821386, 0.133823, 0.349658, 0.664171, 0.553854], [0.636477, 0.017102, 0.409809, 0.605259, 0.14906, 0.269483, 0, 0.057027, 0.478592, 0.011949, 0.448478, 0.393124, 0.946288], [0.365474, 0.845826, 0.452855, 0.863883, 0.366565, 0.5288, 0.856634, 0, 0.785113, 0.814515, 0.033665, 0.161819, 0.368037], [0.231406, 0.743005, 0.567284, 0.828242, 0.185936, 0.5357, 0.319255, 0.034743, 0, 0.211383, 0.859822, 0.297691, 0.635841], [0.360296, 0.73757, 0.790499, 0.570921, 0.853314, 0.798121, 0.200766, 0.216015, 0.044748, 0, 0.887879, 0.422998, 0.480212], [0.457952, 0.533696, 0.128557, 0.572443, 0.672531, 0.506033, 0.341957, 0.674209, 0.14488, 0.854577, 0, 0.37307, 0.415672], [0.835438, 0.274516, 0.163532, 0.564765, 0.686485, 0.166345, 0.701572, 0.890099, 0.361144, 0.891029, 0.111401, 0, 0.067172], [0.774135, 0.774552, 0.532762, 0.650299, 0.339676, 0.911814, 0.640606, 0.448684, 0.263406, 0.035594, 0.925077, 0.292147, 0]]}