{"v_num": 13, "mat": [[0, 0.234313, 0.393023, 0.019589, 0.145123, 0.998493, 0.733602, 0.35736, 0.382514, 0.476913, 0.604144, 0.715958, 0.312381], [0.928561, 0, 0.304454, 0.110948, 0.97864, 0.630041, 0.775738, 0.167138, 0.090344, 0.113611, 0.242571, 0.24539, 0.720744], [0.296259, 0.887316, 0, 0.957137, 0.357127, 0.071448, 0.783442, 0.530761, 0.092125, 0.773817, 0.913392, 0.019793, 0.973503], [0.484527, 0.719363, 0.525444, 0, 0.577429, 0.347419, 0.942638, 0.394968, 0.113769, 0.058726, 0.93594, 0.976255, 0.974873], [0.560612, 0.584941, 0.947596, 0.202424, 0, 0.127561, 0.74187, 0.296237, 0.322097, 0.550891, 0.732085, 0.664448, 0.334017], [0.986194, 0.900951, 0.161381, 0.218092, 0.36149, 0, 0.248779, 0.118774, 0.912514, 0.07821, 0.581047, 0.809529, 0.166694], [0.370512, 0.895921, 0.509818, 0.48366, 0.995131, 0.319723, 0, 0.547479, 0.410762, 0.698497, 0.915573, 0.801311, 0.551804], [0.942992, 0.041092, 0.799678, 0.030513, 0.111187, 0.329884, 0.1458, 0, 0.721641, 0.393952, 0.759499, 0.533141, 0.807057], [0.148317, 0.689239, 0.961292, 0.452646, 0.83632, 0.310794, 0.846522, 0.634859, 0, 0.286605, 0.022238, 0.243272, 0.012343], [0.817736, 0.415219, 0.566443, 0.894988, 0.357083, 0.952916, 0.219546, 0.537127, 0.222543, 0, 0.899486, 0.139013, 0.881472], [0.221822, 0.427309, 0.294386, 0.318451, 0.676019, 0.91592, 0.202118, 0.967474, 0.927385, 0.785632, 0, 0.006873, 0.801481], [0.475071, 0.000348, 0.030397, 0.245677, 0.220453, 0.189749, 0.354474, 0.688326, 0.373771, 0.075532, 0.692049, 0, 0.041778], [0.22124, 0.217407, 0.122289, 0.344846, 0.224655, 0.20147, 0.653138, 0.591404, 0.410393, 0.335568, 0.407188, 0.169771, 0]]}