{"v_num": 13, "mat": [[0, 0.869458, 0.111071, 0.546761, 0.011628, 0.507749, 0.211127, 0.23357, 0.824156, 0.660916, 0.352827, 0.515744, 0.795499], [0.144251, 0, 0.202901, 0.625202, 0.592201, 0.112191, 0.801642, 0.555435, 0.349238, 0.675054, 0.963103, 0.513815, 0.930976], [0.66122, 0.276245, 0, 0.993008, 0.36945, 0.862518, 0.389163, 0.778366, 0.664477, 0.544064, 0.664675, 0.634463, 0.662969], [0.19005, 0.420359, 0.247349, 0, 0.880362, 0.410636, 0.089717, 0.600477, 0.716257, 0.995913, 0.058811, 0.425261, 0.832388], [0.916796, 0.919322, 0.349584, 0.350863, 0, 0.201683, 0.713329, 0.349276, 0.845023, 0.90622, 0.835195, 0.972153, 0.133218], [0.05033, 0.144048, 0.847775, 0.884275, 0.324942, 0, 0.594039, 0.593461, 0.647003, 0.449988, 0.866507, 0.822986, 0.882385], [0.739757, 0.631274, 0.58557, 0.988176, 0.314223, 0.974699, 0, 0.83977, 0.653254, 0.051308, 0.83014, 0.355305, 0.448176], [0.028619, 0.706839, 0.69866, 0.769799, 0.058368, 0.487524, 0.382266, 0, 0.164975, 0.712235, 0.310659, 0.96306, 0.273203], [0.861042, 0.056425, 0.030462, 0.510339, 0.492179, 0.040617, 0.274993, 0.616865, 0, 0.540033, 0.104669, 0.906301, 0.035622], [0.723251, 0.795703, 0.891065, 0.718017, 0.847804, 0.6578, 0.070396, 0.271875, 0.587005, 0, 0.363678, 0.736991, 0.384468], [0.064322, 0.090322, 0.735731, 0.273805, 0.968017, 0.483381, 0.738622, 0.794287, 0.908585, 0.908769, 0, 0.640972, 0.547814], [0.645409, 0.006714, 0.235231, 0.756915, 0.488558, 0.188686, 0.506926, 0.056891, 0.81259, 0.350485, 0.488627, 0, 0.641118], [0.735495, 0.630896, 0.337731, 0.723088, 0.756583, 0.250262, 0.114399, 0.60988, 0.292602, 0.002444, 0.832542, 0.95277, 0]]}