{"v_num": 13, "mat": [[0, 0.483744, 0.256176, 0.307836, 0.889594, 0.357202, 0.459931, 0.169339, 0.080969, 0.70437, 0.022584, 0.387083, 0.736896], [0.883369, 0, 0.18444, 0.024649, 0.083819, 0.797165, 0.550955, 0.582822, 0.085484, 0.625841, 0.414987, 0.802238, 0.769105], [0.934277, 0.252375, 0, 0.350347, 0.246611, 0.447519, 0.21998, 0.484156, 0.37722, 0.795225, 0.402131, 0.303553, 0.772655], [0.148941, 0.342971, 0.028964, 0, 0.471548, 0.456907, 0.995156, 0.304194, 0.738321, 0.471934, 0.293998, 0.834559, 0.562542], [0.195222, 0.696695, 0.29534, 0.787772, 0, 0.883665, 0.886871, 0.116076, 0.809352, 0.207921, 0.187898, 0.940859, 0.847159], [0.140476, 0.545433, 0.234977, 0.280829, 0.200499, 0, 0.180848, 0.481447, 0.10881, 0.321371, 0.642263, 0.310576, 0.11304], [0.098973, 0.232093, 0.182691, 0.087943, 0.195908, 0.096575, 0, 0.623855, 0.967707, 0.057223, 0.79668, 0.524502, 0.743334], [0.808476, 0.271957, 0.569295, 0.580885, 0.871628, 0.271515, 0.375995, 0, 0.451384, 0.237791, 0.672718, 0.022283, 0.694527], [0.514558, 0.566318, 0.554284, 0.529663, 0.665282, 0.697661, 0.837388, 0.560865, 0, 0.602108, 0.212753, 0.111039, 0.803051], [0.612394, 0.131915, 0.118283, 0.166234, 0.478265, 0.372891, 0.063765, 0.668819, 0.090808, 0, 0.989234, 0.805124, 0.106927], [0.684512, 0.172279, 0.709782, 0.23851, 0.301747, 0.197724, 0.505185, 0.148955, 0.85169, 0.284326, 0, 0.249154, 0.684052], [0.678577, 0.215171, 0.817951, 0.056232, 0.007828, 0.303562, 0.105164, 0.520182, 0.228576, 0.567375, 0.4974, 0, 0.844567], [0.895208, 0.352907, 0.658847, 0.622757, 0.45668, 0.715059, 0.768776, 0.064908, 0.959127, 0.028765, 0.252372, 0.024984, 0]]}