{"v_num": 13, "mat": [[0, 0.985765, 0.116533, 0.503206, 0.544119, 0.549219, 0.877151, 0.075426, 0.766272, 0.910923, 0.873914, 0.712093, 0.034218], [0.023137, 0, 0.141349, 0.615094, 0.667696, 0.801848, 0.400155, 0.066052, 0.410512, 0.761353, 0.924121, 0.361435, 0.630281], [0.652233, 0.267505, 0, 0.642119, 0.150254, 0.361484, 0.151788, 0.030615, 0.215864, 0.321662, 0.406509, 0.709212, 0.20383], [0.753602, 0.762368, 0.334362, 0, 0.514592, 0.466921, 0.790272, 0.447374, 0.562404, 0.998233, 0.382779, 0.643925, 0.366835], [0.861574, 0.316657, 0.319259, 0.004977, 0, 0.753543, 0.179578, 0.316519, 0.7242, 0.915117, 0.857513, 0.557111, 0.49025], [0.644459, 0.043563, 0.389614, 0.025917, 0.842826, 0, 0.701167, 0.026854, 0.987492, 0.25118, 0.933955, 0.613755, 0.808534], [0.659779, 0.494307, 0.053326, 0.373113, 0.851169, 0.166319, 0, 0.591761, 0.482494, 0.739522, 0.757255, 0.520439, 0.217015], [0.388452, 0.123262, 0.974705, 0.270895, 0.707234, 0.903721, 0.848657, 0, 0.096625, 0.523457, 0.228168, 0.30609, 0.13265], [0.833004, 0.231509, 0.097802, 0.24661, 0.017414, 0.268194, 0.106567, 0.481646, 0, 0.531763, 0.521288, 0.247294, 0.219943], [0.839131, 0.099711, 0.279942, 0.718462, 0.259969, 0.664215, 0.171718, 0.849611, 0.174969, 0, 0.615291, 0.549478, 0.702616], [0.728392, 0.916763, 0.179948, 0.858057, 0.21481, 0.402774, 0.037669, 0.816472, 0.333622, 0.389933, 0, 0.16955, 0.76542], [0.138225, 0.966289, 0.642399, 0.97265, 0.33025, 0.253467, 0.642122, 0.931742, 0.751323, 0.52979, 0.448117, 0, 0.423415], [0.597673, 0.462943, 0.098863, 0.367777, 0.284984, 0.765951, 0.48987, 0.336912, 0.220696, 0.90592, 0.588875, 0.757915, 0]]}