{"v_num": 13, "mat": [[0, 0.189937, 0.461197, 0.248102, 0.741813, 0.199735, 0.072427, 0.991211, 0.532874, 0.269397, 0.697492, 0.387615, 0.297171], [0.21356, 0, 0.731316, 0.383384, 0.579837, 0.826707, 0.167036, 0.275742, 0.326214, 0.727946, 0.041474, 0.955892, 0.541744], [0.520447, 0.510763, 0, 0.020909, 0.420816, 0.676829, 0.847476, 0.279514, 0.575001, 0.426114, 0.29075, 0.484402, 0.631085], [0.515907, 0.503077, 0.570602, 0, 0.850906, 0.859976, 0.227844, 0.168948, 0.582589, 0.680338, 0.747496, 0.810476, 0.96265], [0.911481, 0.201197, 0.068246, 0.490593, 0, 0.040131, 0.547489, 0.94941, 0.519759, 0.006324, 0.517282, 0.375314, 0.415331], [0.712599, 0.714594, 0.049502, 0.276135, 0.355115, 0, 0.315352, 0.688386, 0.068922, 0.362366, 0.392821, 0.432386, 0.321449], [0.161727, 0.138448, 0.015235, 0.242677, 0.442236, 0.1032, 0, 0.567536, 0.001692, 0.492084, 0.387938, 0.953644, 0.545648], [0.283499, 0.463099, 0.263088, 0.468, 0.064141, 0.574343, 0.503161, 0, 0.341234, 0.301768, 0.896438, 0.118519, 0.982641], [0.581899, 0.694142, 0.324363, 0.506369, 0.446982, 0.115268, 0.696168, 0.511902, 0, 0.765984, 0.651193, 0.109728, 0.428434], [0.539234, 0.935814, 0.50006, 0.869688, 0.671427, 0.125731, 0.71182, 0.012866, 0.234207, 0, 0.586305, 0.230981, 0.912797], [0.934514, 0.149973, 0.757162, 0.763813, 0.311005, 0.482604, 0.119096, 0.795176, 0.464983, 0.999219, 0, 0.765279, 0.078062], [0.873658, 0.81978, 0.10942, 0.346761, 0.225898, 0.764648, 0.805215, 0.439093, 0.592737, 0.708243, 0.384442, 0, 0.2202], [0.74884, 0.605231, 0.104727, 0.228815, 0.348444, 0.940623, 0.838696, 0.921006, 0.31393, 0.145927, 0.52574, 0.8975, 0]]}