{"v_num": 13, "mat": [[0, 0.827962, 0.053654, 0.236669, 0.01005, 0.766637, 0.181401, 0.631351, 0.823751, 0.408643, 0.66382, 0.363668, 0.513914], [0.815617, 0, 0.115489, 0.400558, 0.139824, 0.092565, 0.658525, 0.783019, 0.140257, 0.241339, 0.812321, 0.972418, 0.598542], [0.214968, 0.398173, 0, 0.066699, 0.643863, 0.809772, 0.483631, 0.367508, 0.874656, 0.972516, 0.957446, 0.124262, 0.384988], [0.698503, 0.048304, 0.710369, 0, 0.576694, 0.957468, 0.481212, 0.995269, 0.561152, 0.488211, 0.300397, 0.518804, 0.575779], [0.044904, 0.639224, 0.576773, 0.907921, 0, 0.878996, 0.262613, 0.377038, 0.44889, 0.493986, 0.762717, 0.6717, 0.191081], [0.845056, 0.351727, 0.014649, 0.170091, 0.83126, 0, 0.285266, 0.00136, 0.378953, 0.461621, 0.914905, 0.791875, 0.554789], [0.566752, 0.220752, 0.637168, 0.346725, 0.632079, 0.802579, 0, 0.01886, 0.237584, 0.872198, 0.570653, 0.41086, 0.756351], [0.624653, 0.086048, 0.628891, 0.606223, 0.35486, 0.571602, 0.109638, 0, 0.764234, 0.13773, 0.845904, 0.117183, 0.837185], [0.847714, 0.468643, 0.757173, 0.47725, 0.153031, 0.259948, 0.361934, 0.431491, 0, 0.02368, 0.312903, 0.226356, 0.024374], [0.754499, 0.806947, 0.803759, 0.714621, 0.354351, 0.164712, 0.98523, 0.10441, 0.586417, 0, 0.473661, 0.339042, 0.736888], [0.048992, 0.50961, 0.544025, 0.986338, 0.312893, 0.196683, 0.15365, 0.242395, 0.941792, 0.42766, 0, 0.28689, 0.650801], [0.968506, 0.894462, 0.459922, 0.428886, 0.453248, 0.554075, 0.129409, 0.252311, 0.125602, 0.479679, 0.199171, 0, 0.442468], [0.113127, 0.344743, 0.728329, 0.087335, 0.615404, 0.118845, 0.239185, 0.482231, 0.76493, 0.871029, 0.713462, 0.551089, 0]]}