{"v_num": 13, "mat": [[0, 0.202021, 0.791628, 0.143703, 0.140634, 0.30049, 0.08572, 0.567982, 0.3463, 0.586918, 0.710534, 0.68466, 0.282306], [0.817866, 0, 0.093075, 0.212812, 0.47218, 0.75981, 0.558211, 0.262374, 0.319422, 0.459762, 0.754206, 0.846385, 0.333625], [0.994132, 0.212042, 0, 0.380614, 0.182773, 0.196028, 0.176531, 0.057046, 0.763804, 0.470031, 0.473639, 0.349699, 0.0273], [0.038954, 0.303019, 0.871104, 0, 0.157794, 0.842787, 0.734075, 0.192063, 0.185197, 0.798068, 0.688934, 0.728424, 0.03113], [0.524518, 0.239229, 0.779056, 0.216534, 0, 0.210615, 0.336755, 0.700267, 0.008196, 0.179131, 0.105033, 0.458144, 0.045657], [0.796455, 0.88274, 0.624494, 0.606715, 0.617604, 0, 0.731776, 0.352278, 0.34979, 0.691649, 0.871152, 0.561119, 0.099188], [0.07803, 0.261924, 0.107983, 0.27596, 0.541447, 0.496788, 0, 0.430662, 0.854635, 0.947132, 0.672384, 0.864396, 0.241395], [0.725596, 0.025502, 0.654184, 0.7786, 0.318751, 0.967126, 0.64957, 0, 0.24985, 0.934651, 0.01334, 0.949957, 0.876056], [0.634598, 0.382075, 0.01102, 0.680156, 0.087509, 0.890824, 0.578281, 0.292836, 0, 0.355883, 0.112701, 0.905741, 0.599179], [0.323306, 0.6364, 0.884378, 0.622221, 0.131574, 0.989045, 0.034723, 0.540616, 0.127055, 0, 0.976771, 0.807613, 0.040739], [0.222456, 0.115019, 0.843983, 0.186188, 0.522131, 0.072707, 0.118997, 0.963793, 0.453859, 0.854943, 0, 0.414876, 0.316674], [0.847066, 0.134831, 0.232137, 0.410722, 0.326278, 0.320477, 0.581967, 0.851847, 0.521373, 0.354743, 0.388846, 0, 0.554611], [0.618967, 0.412878, 0.703561, 0.160269, 0.505072, 0.998116, 0.710449, 0.517699, 0.220727, 0.945048, 0.352492, 0.284609, 0]]}