{"v_num": 13, "mat": [[0, 0.492152, 0.919772, 0.375985, 0.286361, 0.478698, 0.115997, 0.379503, 0.327514, 0.437467, 0.623369, 0.606715, 0.669583], [0.846238, 0, 0.829624, 0.676936, 0.834059, 0.62382, 0.720174, 0.579875, 0.525868, 0.455359, 0.755169, 0.305991, 0.130825], [0.954453, 0.538145, 0, 0.083695, 0.573994, 0.301077, 0.304281, 0.302786, 0.049412, 0.254336, 0.567024, 0.648623, 0.83801], [0.926289, 0.804296, 0.601659, 0, 0.53435, 0.919001, 0.006084, 0.38269, 0.077373, 0.469662, 0.962553, 0.459729, 0.666563], [0.040602, 0.2816, 0.999131, 0.906752, 0, 0.333112, 0.567735, 0.980535, 0.751149, 0.21252, 0.126068, 0.00068, 0.911082], [0.88639, 0.098338, 0.392281, 0.490801, 0.484479, 0, 0.933425, 0.896578, 0.671281, 0.227954, 0.368473, 0.309373, 0.516207], [0.373007, 0.724262, 0.927242, 0.985408, 0.330797, 0.508397, 0, 0.93735, 0.352675, 0.56853, 0.549375, 0.070888, 0.565388], [0.806677, 0.141548, 0.356853, 0.725023, 0.900874, 0.011598, 0.219443, 0, 0.841863, 0.22423, 0.332067, 0.028482, 0.046608], [0.459035, 0.030433, 0.677163, 0.2339, 0.967425, 0.994916, 0.321562, 0.999916, 0, 0.061793, 0.156779, 0.970989, 0.192682], [0.407588, 0.184792, 0.918728, 0.137032, 0.645055, 0.36921, 0.63935, 0.821986, 0.6852, 0, 0.910047, 0.536834, 0.543446], [0.435541, 0.57569, 0.332227, 0.837431, 0.561989, 0.48679, 0.898283, 0.560003, 0.625444, 0.139948, 0, 0.822622, 0.717898], [0.792219, 0.752799, 0.039095, 0.091239, 0.985042, 0.814722, 0.807416, 0.551146, 0.476362, 0.51115, 0.313233, 0, 0.853904], [0.003946, 0.671836, 0.681108, 0.03068, 0.807927, 0.050572, 0.981647, 0.134743, 0.801483, 0.483306, 0.874539, 0.451492, 0]]}