{"v_num": 13, "mat": [[0, 0.635332, 0.162904, 0.330815, 0.73558, 0.422531, 0.926092, 0.532838, 0.676961, 0.479245, 0.348522, 0.215538, 0.134196], [0.6883, 0, 0.728728, 0.895086, 0.004571, 0.580118, 0.387959, 0.203042, 0.866427, 0.386557, 0.877292, 0.476629, 0.148341], [0.534829, 0.479681, 0, 0.261462, 0.344943, 0.977869, 0.629685, 0.435061, 0.186541, 0.492142, 0.325752, 0.84742, 0.924199], [0.622434, 0.524263, 0.544469, 0, 0.172521, 0.640225, 0.946775, 0.337421, 0.809008, 0.306845, 0.023488, 0.536285, 0.540317], [0.574664, 0.192645, 0.316653, 0.454053, 0, 0.597214, 0.193381, 0.536009, 0.941161, 0.993946, 0.553948, 0.000838, 0.545], [0.260687, 0.434974, 0.006625, 0.712017, 0.114702, 0, 0.679357, 0.076293, 0.329471, 0.547462, 0.26833, 0.293907, 0.980929], [0.167289, 0.792494, 0.326724, 0.097155, 0.874792, 0.947252, 0, 0.209444, 0.546401, 0.937587, 0.568942, 0.588086, 0.304496], [0.953526, 0.574675, 0.277188, 0.074031, 0.949052, 0.496685, 0.562725, 0, 0.8695, 0.981879, 0.944865, 0.994704, 0.263673], [0.733753, 0.104626, 0.157137, 0.573424, 0.568106, 0.768115, 0.975607, 0.752379, 0, 0.61836, 0.01191, 0.233238, 0.052206], [0.097162, 0.751684, 0.793977, 0.840563, 0.481918, 0.957694, 0.650195, 0.185046, 0.650207, 0, 0.908698, 0.861921, 0.216618], [0.262859, 0.679873, 0.345982, 0.949358, 0.20355, 0.718473, 0.202075, 0.701073, 0.212638, 0.480327, 0, 0.545608, 0.218948], [0.121486, 0.416026, 0.804766, 0.305786, 0.165156, 0.039643, 0.762268, 0.780876, 0.363148, 0.656473, 0.224453, 0, 0.441093], [0.636708, 0.765914, 0.247891, 0.596405, 0.822889, 0.355685, 0.118214, 0.051518, 0.674858, 0.787699, 0.716146, 0.585335, 0]]}