{"v_num": 13, "mat": [[0, 0.889681, 0.847232, 0.072765, 0.72137, 0.315543, 0.339889, 0.886414, 0.352452, 0.500539, 0.563078, 0.547502, 0.179659], [0.920942, 0, 0.529781, 0.719514, 0.496358, 0.330499, 0.695377, 0.592362, 0.338475, 0.894794, 0.914772, 0.766654, 0.79547], [0.855421, 0.766503, 0, 0.659561, 0.000469, 0.365774, 0.93756, 0.552712, 0.682727, 0.877731, 0.537316, 0.915551, 0.062805], [0.239835, 0.388754, 0.544204, 0, 0.383397, 0.110204, 0.315759, 0.487281, 0.044247, 0.741953, 0.464299, 0.81134, 0.523753], [0.899085, 0.442988, 0.652753, 0.291909, 0, 0.701827, 0.426691, 0.605205, 0.688419, 0.622166, 0.931051, 0.541795, 0.249303], [0.248595, 0.844045, 0.977173, 0.782012, 0.765005, 0, 0.941371, 0.650119, 0.862718, 0.066485, 0.356838, 0.316903, 0.989948], [0.57895, 0.657836, 0.575776, 0.857363, 0.235081, 0.520198, 0, 0.575165, 0.041926, 0.905232, 0.265403, 0.882811, 0.425887], [0.600235, 0.776026, 0.106033, 0.822966, 0.85467, 0.675381, 0.780665, 0, 0.327306, 0.547485, 0.520852, 0.733517, 0.659915], [0.763622, 0.39257, 0.761775, 0.911515, 0.428912, 0.397765, 0.344844, 0.894205, 0, 0.009945, 0.722619, 0.978063, 0.734119], [0.257167, 0.457847, 0.573421, 0.156209, 0.53704, 0.195695, 0.212171, 0.318912, 0.069592, 0, 0.192709, 0.175282, 0.847502], [0.43335, 0.129539, 0.221641, 0.263483, 0.350192, 0.093189, 0.29845, 0.593301, 0.406842, 0.301938, 0, 0.543755, 0.134304], [0.84943, 0.896685, 0.728653, 0.236313, 0.833973, 0.41987, 0.583962, 0.928779, 0.174962, 0.652067, 0.546154, 0, 0.039861], [0.054474, 0.421152, 0.039871, 0.52652, 0.349125, 0.686698, 0.158129, 0.37514, 0.38844, 0.09442, 0.688001, 0.158721, 0]]}