{"v_num": 13, "mat": [[0, 0.846352, 0.081436, 0.059001, 0.797733, 0.960294, 0.377044, 0.498645, 0.704793, 0.508397, 0.097551, 0.953586, 0.379143], [0.31553, 0, 0.977338, 0.875864, 0.044486, 0.898618, 0.609793, 0.829753, 0.558925, 0.728725, 0.994186, 0.686418, 0.929543], [0.860683, 0.044678, 0, 0.922184, 0.381568, 0.888542, 0.276901, 0.863746, 0.126052, 0.940888, 0.869828, 0.143796, 0.0838], [0.285457, 0.955532, 0.543462, 0, 0.087787, 0.08843, 0.512215, 0.514071, 0.843444, 0.738051, 0.404965, 0.206728, 0.147417], [0.701624, 0.463819, 0.916371, 0.953503, 0, 0.515698, 0.042347, 0.320102, 0.634038, 0.792686, 0.475449, 0.000756, 0.366011], [0.969156, 0.120656, 0.961437, 0.970501, 0.35734, 0, 0.625583, 0.91017, 0.461129, 0.57574, 0.134208, 0.414113, 0.589079], [0.340518, 0.783912, 0.100402, 0.139987, 0.164337, 0.606062, 0, 0.515191, 0.489072, 0.486034, 0.018329, 0.457495, 0.782316], [0.627435, 0.57541, 0.340095, 0.233518, 0.157353, 0.449969, 0.087927, 0, 0.388502, 0.523988, 0.80347, 0.931484, 0.649416], [0.040302, 0.553097, 0.370798, 0.130511, 0.815571, 0.752173, 0.750177, 0.766951, 0, 0.80419, 0.741088, 0.376497, 0.370587], [0.103909, 0.191795, 0.441493, 0.2768, 0.373185, 0.016489, 0.123118, 0.825954, 0.041317, 0, 0.535081, 0.403456, 0.396398], [0.024961, 0.828571, 0.323162, 0.376566, 0.647448, 0.367071, 0.707313, 0.366873, 0.646311, 0.211162, 0, 0.937533, 0.048919], [0.319978, 0.504886, 0.142814, 0.381161, 0.699851, 0.712952, 0.273017, 0.257239, 0.217772, 0.822325, 0.2961, 0, 0.261059], [0.478443, 0.024292, 0.906697, 0.522147, 0.423204, 0.812026, 0.772091, 0.823677, 0.159891, 0.932029, 0.215125, 0.951368, 0]]}