{"v_num": 13, "mat": [[0, 0.802412, 0.693906, 0.642426, 0.939658, 0.835941, 0.226352, 0.436407, 0.975623, 0.962104, 0.718127, 0.423305, 0.975906], [0.578029, 0, 0.940362, 0.511823, 0.837879, 0.167788, 0.500478, 0.846642, 0.61245, 0.244119, 0.716827, 0.394885, 0.417348], [0.720146, 0.761437, 0, 0.283803, 0.480344, 0.059089, 0.394563, 0.612504, 0.930412, 0.120755, 0.873851, 0.890029, 0.25225], [0.402031, 0.134675, 0.539817, 0, 0.16234, 0.603106, 0.118538, 0.880162, 0.057991, 0.942549, 0.116471, 0.683902, 0.202019], [0.446522, 0.718942, 0.194884, 0.705897, 0, 0.159076, 0.145871, 0.391454, 0.022178, 0.866679, 0.922421, 0.151102, 0.504895], [0.903803, 0.335681, 0.471353, 0.791633, 0.457099, 0, 0.315735, 0.263724, 0.565209, 0.232532, 0.413781, 0.509671, 0.678966], [0.605605, 0.002793, 0.609865, 0.789997, 0.9901, 0.636027, 0, 0.61927, 0.188834, 0.608321, 0.936363, 0.878997, 0.015306], [0.39213, 0.684851, 0.466198, 0.427696, 0.826823, 0.279957, 0.986655, 0, 0.972356, 0.539394, 0.771193, 0.975868, 0.92666], [0.726936, 0.235958, 0.688306, 0.236278, 0.587947, 0.289703, 0.203686, 0.585164, 0, 0.946504, 0.582175, 0.119114, 0.686311], [0.31388, 0.457612, 0.699277, 0.289119, 0.42693, 0.159274, 0.676533, 0.920546, 0.978376, 0, 0.74849, 0.485912, 0.572181], [0.209244, 0.633245, 0.466669, 0.052498, 0.307931, 0.821072, 0.124197, 0.775353, 0.87897, 0.561536, 0, 0.44864, 0.076964], [0.553808, 0.432385, 0.512276, 0.770331, 0.240338, 0.048112, 0.315857, 0.041994, 0.022406, 0.95339, 0.394466, 0, 0.349028], [0.150378, 0.261442, 0.477054, 0.464243, 0.972174, 0.864301, 0.641681, 0.026746, 0.672132, 0.304073, 0.491195, 0.818227, 0]]}