{"v_num": 13, "mat": [[0, 0.215852, 0.962656, 0.56058, 0.795483, 0.281226, 0.060808, 0.333401, 0.396098, 0.125027, 0.711905, 0.874024, 0.547637], [0.511659, 0, 0.277216, 0.456734, 0.020021, 0.663134, 0.512954, 0.023412, 0.822415, 0.627219, 0.870988, 0.076078, 0.49063], [0.009449, 0.40571, 0, 0.298465, 0.964744, 0.256156, 0.281288, 0.107759, 0.881175, 0.95598, 0.359184, 0.143913, 0.398681], [0.45829, 0.507346, 0.384998, 0, 0.826523, 0.622661, 0.344133, 0.279004, 0.606379, 0.531423, 0.47113, 0.565264, 0.179696], [0.146919, 0.337825, 0.02058, 0.351339, 0, 0.312211, 0.753337, 0.380063, 0.668506, 0.360474, 0.10314, 0.833405, 0.527763], [0.60373, 0.308532, 0.910263, 0.848657, 0.436283, 0, 0.272061, 0.583394, 0.513114, 0.632276, 0.798934, 0.263078, 0.969861], [0.105905, 0.372454, 0.499591, 0.592012, 0.152195, 0.039585, 0, 0.560296, 0.217657, 0.794324, 0.768212, 0.750752, 0.410859], [0.644823, 0.611348, 0.513113, 0.472076, 0.073398, 0.75385, 0.74435, 0, 0.314341, 0.921758, 0.914973, 0.638538, 0.405701], [0.285065, 0.127534, 0.788082, 0.321811, 0.678291, 0.319396, 0.310922, 0.383559, 0, 0.51508, 0.030387, 0.025309, 0.798254], [0.555238, 0.901138, 0.552207, 0.414294, 0.006888, 0.949617, 0.849032, 0.132355, 0.950141, 0, 0.859491, 0.696117, 0.405978], [0.150848, 0.422817, 0.245968, 0.06669, 0.729298, 0.463341, 0.529616, 0.885738, 0.196012, 0.324291, 0, 0.07008, 0.486552], [0.870359, 0.094714, 0.79959, 0.936592, 0.95741, 0.815751, 0.478937, 0.42175, 0.260718, 0.860602, 0.138886, 0, 0.017445], [0.466823, 0.682599, 0.021191, 0.179205, 0.941235, 0.192162, 0.106875, 0.36838, 0.677245, 0.287789, 0.329808, 0.973671, 0]]}