{"v_num": 13, "mat": [[0, 0.580583, 0.495219, 0.437395, 0.132045, 0.420516, 0.719302, 0.628505, 0.576033, 0.845766, 0.740916, 0.44732, 0.674861], [0.874135, 0, 0.186462, 0.011088, 0.118264, 0.866284, 0.308387, 0.041196, 0.691894, 0.906568, 0.711538, 0.874583, 0.327757], [0.36408, 0.703427, 0, 0.69401, 0.460013, 0.211925, 0.266509, 0.65167, 0.239119, 0.026041, 0.900209, 0.315439, 0.956574], [0.633918, 0.582557, 0.851552, 0, 0.842465, 0.245381, 0.422757, 0.132222, 0.06566, 0.636288, 0.952902, 0.849565, 0.571434], [0.040581, 0.650855, 0.691406, 0.07211, 0, 0.787238, 0.396152, 0.468221, 0.32306, 0.632863, 0.040005, 0.335567, 0.784032], [0.298836, 0.821685, 0.964334, 0.710596, 0.140715, 0, 0.445058, 0.99774, 0.948528, 0.52358, 0.697693, 0.609114, 0.83917], [0.10152, 0.648774, 0.159499, 0.545546, 0.31405, 0.51778, 0, 0.724933, 0.135649, 0.476908, 0.397912, 0.79097, 0.947264], [0.413036, 0.627695, 0.845264, 0.904148, 0.352952, 0.805407, 0.409962, 0, 0.115938, 0.229099, 0.518932, 0.257453, 0.07776], [0.647898, 0.538324, 0.032162, 0.856669, 0.449248, 0.042036, 0.466395, 0.098434, 0, 0.078913, 0.73361, 0.359757, 0.157936], [0.580962, 0.333676, 0.594013, 0.537441, 0.029564, 0.400346, 0.884676, 0.987019, 0.797186, 0, 0.501536, 0.744911, 0.211881], [0.860902, 0.590211, 0.32137, 0.704828, 0.019508, 0.040433, 0.98586, 0.643206, 0.348684, 0.814974, 0, 0.003571, 0.291184], [0.424544, 0.028839, 0.281719, 0.973085, 0.367709, 0.964333, 0.106511, 0.795366, 0.835795, 0.759896, 0.328209, 0, 0.487498], [0.907794, 0.623905, 0.991412, 0.337596, 0.78044, 0.965617, 0.749211, 0.92036, 0.549398, 0.585498, 0.144572, 0.819688, 0]]}