{"v_num": 13, "mat": [[0, 0.688322, 0.30768, 0.321251, 0.985844, 0.51078, 0.09874, 0.209338, 0.456027, 0.941861, 0.059573, 0.673657, 0.4093], [0.387334, 0, 0.261177, 0.945613, 0.536716, 0.146008, 0.738839, 0.454088, 0.520829, 0.525602, 0.81933, 0.824811, 0.543566], [0.316723, 0.53365, 0, 0.853706, 0.528767, 0.364192, 0.039715, 0.907109, 0.842696, 0.569237, 0.488866, 0.09604, 0.737034], [0.803249, 0.773436, 0.607336, 0, 0.743552, 0.956316, 0.803314, 0.616063, 0.97324, 0.484703, 0.542852, 0.997288, 0.569146], [0.66171, 0.647083, 0.562563, 0.063814, 0, 0.342611, 0.564198, 0.919683, 0.636886, 0.10201, 0.146392, 0.804651, 0.567635], [0.294415, 0.965783, 0.712719, 0.204965, 0.663805, 0, 0.202038, 0.348561, 0.836243, 0.668099, 0.160645, 0.987925, 0.577577], [0.230504, 0.249889, 0.342303, 0.076281, 0.400645, 0.60319, 0, 0.835578, 0.577106, 0.566824, 0.852209, 0.890285, 0.453954], [0.343398, 0.966636, 0.409241, 0.659519, 0.232641, 0.436077, 0.139154, 0, 0.851587, 0.849616, 0.212693, 0.651884, 0.071801], [0.033975, 0.129112, 0.134431, 0.614651, 0.194155, 0.677052, 0.63999, 0.371432, 0, 0.970357, 0.571385, 0.241772, 0.800553], [0.189968, 0.818318, 0.556053, 0.852342, 0.877873, 0.744795, 0.335527, 0.684593, 0.290058, 0, 0.982895, 0.882188, 0.294447], [0.021639, 0.369218, 0.198294, 0.448016, 0.185219, 0.052943, 0.050649, 0.140437, 0.37078, 0.197247, 0, 0.438216, 0.069084], [0.898975, 0.52457, 0.147277, 0.293039, 0.876574, 0.943147, 0.216216, 0.754434, 0.06832, 0.568779, 0.162815, 0, 0.129127], [0.903565, 0.389456, 0.31805, 0.014409, 0.731708, 0.607106, 0.494685, 0.192027, 0.530116, 0.824905, 0.117603, 0.555064, 0]]}