{"v_num": 13, "mat": [[0, 0.965952, 0.844033, 0.470687, 0.318449, 0.384769, 0.169502, 0.143029, 0.423598, 0.514528, 0.726817, 0.921827, 0.032969], [0.84131, 0, 0.026388, 0.64069, 0.906049, 0.149084, 0.596093, 0.548508, 0.980427, 0.057539, 0.038562, 0.784844, 0.291953], [0.766887, 0.408162, 0, 0.484983, 0.581663, 0.140188, 0.311898, 0.293903, 0.228746, 0.88394, 0.526065, 0.17198, 0.863613], [0.89212, 0.976078, 0.367337, 0, 0.282612, 0.885691, 0.490003, 0.729455, 0.601529, 0.199028, 0.18264, 0.713208, 0.43264], [0.527187, 0.019019, 0.569766, 0.160072, 0, 0.444011, 0.102421, 0.770901, 0.670736, 0.48506, 0.613644, 0.622191, 0.688524], [0.675385, 0.484128, 0.574682, 0.638518, 0.674839, 0, 0.195555, 0.267949, 0.553233, 0.672575, 0.466325, 0.657864, 0.314193], [0.619858, 0.557079, 0.401754, 0.043379, 0.886157, 0.721182, 0, 0.531144, 0.790774, 0.250051, 0.438895, 0.433199, 0.073994], [0.314539, 0.067057, 0.42472, 0.09945, 0.161922, 0.146195, 0.376775, 0, 0.834816, 0.33242, 0.983235, 0.4484, 0.58508], [0.368563, 0.139369, 0.626198, 0.886687, 0.871163, 0.842738, 0.099871, 0.137898, 0, 0.969083, 0.538141, 0.990042, 0.553226], [0.228628, 0.574605, 0.262525, 0.225659, 0.706341, 0.63444, 0.022491, 0.706212, 0.180549, 0, 0.989352, 0.526882, 0.22411], [0.097005, 0.749096, 0.745121, 0.75986, 0.270345, 0.877749, 0.177771, 0.007899, 0.059741, 0.411608, 0, 0.880096, 0.698382], [0.974156, 0.630976, 0.203288, 0.869568, 0.798021, 0.224959, 0.645196, 0.289614, 0.183076, 0.77066, 0.75287, 0, 0.790751], [0.658298, 0.934587, 0.307194, 0.995511, 0.949811, 0.662178, 0.149928, 0.533098, 0.300119, 0.886657, 0.922625, 0.423612, 0]]}