{"v_num": 13, "mat": [[0, 0.596971, 0.511387, 0.499961, 0.696228, 0.325751, 0.484978, 0.07079, 0.38589, 0.77566, 0.482973, 0.974379, 0.012113], [0.036195, 0, 0.356204, 0.669224, 0.222007, 0.83194, 0.405194, 0.931573, 0.54506, 0.237878, 0.135279, 0.60823, 0.634255], [0.833058, 0.523889, 0, 0.829763, 0.155637, 0.000278, 0.950048, 0.980973, 0.554844, 0.872831, 0.385598, 0.012864, 0.161565], [0.029314, 0.375292, 0.755253, 0, 0.030421, 0.767809, 0.297817, 0.548417, 0.081175, 0.330975, 0.275283, 0.129823, 0.857247], [0.590493, 0.401222, 0.60115, 0.697458, 0, 0.648548, 0.024121, 0.294495, 0.402474, 0.396212, 0.192918, 0.472662, 0.516914], [0.064952, 0.461485, 0.169423, 0.409223, 0.353292, 0, 0.906037, 0.67381, 0.392375, 0.915045, 0.432204, 0.197018, 0.971804], [0.379132, 0.42537, 0.903425, 0.368359, 0.687921, 0.091217, 0, 0.719899, 0.725806, 0.442673, 0.946498, 0.305422, 0.578602], [0.438746, 0.852585, 0.9188, 0.131819, 0.976914, 0.516246, 0.927741, 0, 0.96494, 0.869595, 0.988839, 0.220045, 0.597794], [0.479051, 0.303487, 0.216169, 0.540272, 0.861757, 0.400203, 0.70455, 0.091946, 0, 0.177804, 0.14408, 0.376017, 0.087111], [0.007138, 0.619207, 0.972066, 0.495118, 0.104518, 0.711923, 0.373639, 0.968032, 0.856044, 0, 0.307303, 0.039224, 0.305021], [0.692565, 0.269105, 0.173699, 0.730832, 0.366858, 0.319787, 0.082146, 0.373486, 0.747808, 0.588182, 0, 0.54034, 0.132012], [0.779062, 0.256935, 0.402237, 0.75311, 0.585844, 0.494528, 0.208853, 0.274123, 0.788862, 0.553004, 0.379262, 0, 0.755092], [0.872963, 0.078673, 0.025673, 0.885221, 0.924352, 0.153132, 0.326729, 0.269962, 0.058837, 0.489656, 0.295382, 0.307239, 0]]}