{"v_num": 13, "mat": [[0, 0.511444, 0.233538, 0.488536, 0.180701, 0.172338, 0.116379, 0.90776, 0.085197, 0.220737, 0.040623, 0.531776, 0.43671], [0.597857, 0, 0.4263, 0.098671, 0.570456, 0.005027, 0.065337, 0.509296, 0.438994, 0.6653, 0.249759, 0.942696, 0.946321], [0.856348, 0.033903, 0, 0.577579, 0.206576, 0.329443, 0.183376, 0.101721, 0.720752, 0.79931, 0.559949, 0.217686, 0.925835], [0.186098, 0.344954, 0.536742, 0, 0.680887, 0.703778, 0.367055, 0.961948, 0.739939, 0.4916, 0.672195, 0.134406, 0.195221], [0.90646, 0.524757, 0.697854, 0.266682, 0, 0.41909, 0.630395, 0.749772, 0.711226, 0.024031, 0.364574, 0.815816, 0.473304], [0.313772, 0.377791, 0.130969, 0.043412, 0.173941, 0, 0.949674, 0.345042, 0.321013, 0.548238, 0.170226, 0.943449, 0.678812], [0.709035, 0.492754, 0.934152, 0.472378, 0.562181, 0.246017, 0, 0.289959, 0.276233, 0.717515, 0.736231, 0.97405, 0.841802], [0.173809, 0.26261, 0.558062, 0.996158, 0.32559, 0.211016, 0.961826, 0, 0.159979, 0.52401, 0.910371, 0.522355, 0.325836], [0.936755, 0.648061, 0.821767, 0.603889, 0.376806, 0.278754, 0.284535, 0.698101, 0, 0.575128, 0.874967, 0.556975, 0.790315], [0.255593, 0.377062, 0.662558, 0.75451, 0.773135, 0.410894, 0.688826, 0.008238, 0.267878, 0, 0.401496, 0.620383, 0.610974], [0.278729, 0.153253, 0.628532, 0.405501, 0.851477, 0.137507, 0.573327, 0.714441, 0.883133, 0.584476, 0, 0.086453, 0.654949], [0.348003, 0.483537, 0.558923, 0.935237, 0.7318, 0.637752, 0.484864, 0.426103, 0.65611, 0.829425, 0.859762, 0, 0.25374], [0.800949, 0.675777, 0.813276, 0.436967, 0.388327, 0.57884, 0.109779, 0.462082, 0.654049, 0.739642, 0.92504, 0.793105, 0]]}