{"v_num": 13, "mat": [[0, 0.103002, 0.540057, 0.249335, 0.095061, 0.292848, 0.480468, 0.488662, 0.891615, 0.31329, 0.514638, 0.580579, 0.551856], [0.253176, 0, 0.202858, 0.429594, 0.772479, 0.203639, 0.092804, 0.521156, 0.965218, 0.832728, 0.394789, 0.296275, 0.56788], [0.16969, 0.123596, 0, 0.54672, 0.801688, 0.566381, 0.316812, 0.192333, 0.74612, 0.198823, 0.314921, 0.032839, 0.25447], [0.482315, 0.869911, 0.480507, 0, 0.046901, 0.084346, 0.283075, 0.196401, 0.835181, 0.942019, 0.459975, 0.941129, 0.427681], [0.294194, 0.390115, 0.217407, 0.777635, 0, 0.103519, 0.513729, 0.14716, 0.275225, 0.981031, 0.338234, 0.869445, 0.492319], [0.414795, 0.881115, 0.246084, 0.994294, 0.725675, 0, 0.922474, 0.78104, 0.136229, 0.284813, 0.942591, 0.264966, 0.563504], [0.575841, 0.388333, 0.32919, 0.971066, 0.210237, 0.181679, 0, 0.705344, 0.604743, 0.526194, 0.766593, 0.593985, 0.618328], [0.278399, 0.676999, 0.297687, 0.547245, 0.589584, 0.000615, 0.844014, 0, 0.027055, 0.834083, 0.86245, 0.501402, 0.874955], [0.276257, 0.673449, 0.637149, 0.941337, 0.781989, 0.899659, 0.282752, 0.316287, 0, 0.404634, 0.388778, 0.083561, 0.590023], [0.245907, 0.328111, 0.829269, 0.697303, 0.529454, 0.618465, 0.134838, 0.469416, 0.074423, 0, 0.145881, 0.331139, 0.834362], [0.993687, 0.847101, 0.345358, 0.211295, 0.810742, 0.403449, 0.67889, 0.895499, 0.659327, 0.85769, 0, 0.462625, 0.793815], [0.098548, 0.556286, 0.439147, 0.718737, 0.199845, 0.865067, 0.360093, 0.618703, 0.138689, 0.915971, 0.149244, 0, 0.670213], [0.965117, 0.972795, 0.883672, 0.656337, 0.578051, 0.63254, 0.195142, 0.467474, 0.134125, 0.918551, 0.783395, 0.888915, 0]]}