{"v_num": 13, "mat": [[0, 0.64203, 0.559206, 0.05482, 0.466832, 0.749131, 0.821538, 0.243963, 0.980697, 0.738539, 0.628865, 0.624384, 0.976425], [0.950995, 0, 0.867377, 0.356614, 0.201291, 0.802786, 0.124174, 0.455626, 0.032366, 0.238507, 0.708878, 0.98278, 0.197243], [0.367323, 0.966873, 0, 0.058407, 0.723111, 0.916893, 0.381199, 0.841691, 0.125072, 0.419778, 0.677833, 0.74251, 0.47067], [0.056959, 0.923319, 0.790148, 0, 0.089219, 0.276869, 0.144923, 0.178268, 0.453443, 0.880353, 0.670021, 0.94333, 0.593409], [0.309305, 0.38978, 0.435256, 0.14652, 0, 0.834657, 0.243293, 0.356594, 0.116852, 0.088325, 0.462256, 0.751814, 0.215286], [0.472375, 0.314147, 0.845296, 0.835349, 0.259445, 0, 0.274843, 0.88894, 0.134173, 0.572526, 0.288997, 0.863602, 0.69105], [0.879694, 0.576456, 0.73606, 0.673483, 0.863788, 0.869771, 0, 0.976493, 0.867584, 0.282468, 0.137119, 0.734287, 0.683157], [0.685636, 0.830988, 0.741392, 0.739179, 0.388173, 0.665304, 0.865229, 0, 0.05853, 0.342041, 0.826864, 0.223582, 0.87216], [0.989003, 0.600113, 0.050761, 0.269611, 0.663563, 0.615607, 0.959745, 0.344119, 0, 0.735785, 0.346823, 0.747887, 0.985871], [0.06928, 0.74514, 0.709394, 0.306471, 0.884449, 0.577409, 0.254415, 0.160836, 0.250238, 0, 0.860839, 0.54284, 0.858657], [0.040981, 0.942323, 0.436051, 0.768686, 0.005803, 0.701223, 0.99348, 0.046331, 0.296943, 0.296628, 0, 0.330136, 0.332527], [0.093825, 0.499385, 0.847527, 0.734664, 0.046703, 0.630919, 0.252678, 0.310767, 0.789021, 0.502987, 0.005911, 0, 0.884586], [0.151791, 0.966405, 0.271251, 0.664782, 0.210695, 0.563409, 0.152866, 0.484894, 0.34723, 0.362048, 0.191615, 0.465145, 0]]}