{"v_num": 13, "mat": [[0, 0.854328, 0.120258, 0.111985, 0.179589, 0.84886, 0.268623, 0.976821, 0.477705, 0.25623, 0.964615, 0.172949, 0.726578], [0.158982, 0, 0.379337, 0.145251, 0.12304, 0.868647, 0.188486, 0.151741, 0.588135, 0.743493, 0.285215, 0.812901, 0.513807], [0.960402, 0.515533, 0, 0.654007, 0.699122, 0.87428, 0.138669, 0.332762, 0.490326, 0.226144, 0.439059, 0.692986, 0.744653], [0.081818, 0.111904, 0.362661, 0, 0.748773, 0.501236, 0.366888, 0.232058, 0.799973, 0.643034, 0.037113, 0.135232, 0.121242], [0.655064, 0.490559, 0.68242, 0.157314, 0, 0.735981, 0.666213, 0.293684, 0.831148, 0.876684, 0.402502, 0.378139, 0.275461], [0.159952, 0.263217, 0.478859, 0.320172, 0.442708, 0, 0.871681, 0.929998, 0.376992, 0.72134, 0.119128, 0.178521, 0.739615], [0.359921, 0.120432, 0.046771, 0.014592, 0.52182, 0.792992, 0, 0.17092, 0.735153, 0.396938, 0.81875, 0.5095, 0.949589], [0.404168, 0.769832, 0.981436, 0.196532, 0.124166, 0.204119, 0.236906, 0, 0.602933, 0.756267, 0.414806, 0.495, 0.399248], [0.734544, 0.584131, 0.282602, 0.145469, 0.341655, 0.683038, 0.216035, 0.406149, 0, 0.385463, 0.857716, 0.163501, 0.603139], [0.705372, 0.760625, 0.331914, 0.278196, 0.038736, 0.625571, 0.218762, 0.018441, 0.765364, 0, 0.812921, 0.173532, 0.701411], [0.784565, 0.538607, 0.82109, 0.799751, 0.327734, 0.900895, 0.436212, 0.016893, 0.804048, 0.465179, 0, 0.853023, 0.49308], [0.924991, 0.478872, 0.951087, 0.561355, 0.376554, 0.85136, 0.665601, 0.907564, 0.98421, 0.618535, 0.262179, 0, 0.860723], [0.606068, 0.909613, 0.305828, 0.889578, 0.763317, 0.065181, 0.368908, 0.633684, 0.088586, 0.659559, 0.281663, 0.631253, 0]]}