{"v_num": 13, "mat": [[0, 0.799018, 0.188484, 0.109392, 0.715987, 0.836228, 0.708097, 0.520746, 0.074405, 0.417998, 0.184432, 0.607495, 0.035624], [0.274331, 0, 0.18593, 0.085064, 0.724823, 0.597864, 0.986104, 0.076176, 0.24656, 0.640155, 0.293316, 0.808048, 0.97425], [0.394123, 0.294828, 0, 0.996241, 0.027928, 0.333344, 0.68174, 0.425414, 0.080575, 0.433545, 0.868407, 0.120198, 0.139171], [0.887737, 0.688709, 0.581215, 0, 0.860859, 0.909269, 0.335377, 0.483753, 0.785241, 0.909946, 0.167522, 0.559389, 0.807138], [0.102929, 0.740976, 0.583618, 0.897131, 0, 0.405707, 0.830071, 0.955981, 0.227318, 0.974781, 0.95378, 0.084529, 0.14015], [0.616593, 0.102201, 0.787958, 0.516655, 0.89092, 0, 0.005895, 0.423731, 0.196712, 0.277491, 0.976025, 0.075553, 0.431856], [0.482788, 0.686619, 0.153567, 0.564622, 0.533496, 0.550807, 0, 0.170419, 0.870309, 0.936704, 0.759186, 0.55187, 0.721839], [0.847856, 0.549328, 0.232212, 0.754396, 0.929545, 0.592823, 0.914184, 0, 0.832625, 0.166854, 0.115148, 0.642241, 0.555192], [0.558143, 0.71005, 0.032165, 0.314784, 0.330515, 0.503008, 0.914021, 0.336298, 0, 0.361084, 0.208376, 0.395211, 0.02822], [0.530998, 0.191617, 0.881197, 0.220842, 0.031428, 0.569756, 0.717567, 0.311259, 0.866335, 0, 0.620514, 0.395185, 0.715146], [0.471402, 0.913217, 0.379756, 0.532752, 0.243547, 0.103134, 0.586146, 0.759344, 0.535698, 0.51736, 0, 0.554179, 0.607552], [0.208279, 0.58941, 0.060811, 0.260357, 0.837596, 0.529883, 0.339479, 0.01067, 0.66122, 0.683666, 0.205366, 0, 0.609209], [0.909944, 0.712804, 0.836284, 0.4079, 0.88487, 0.124539, 0.879559, 0.497925, 0.357808, 0.308476, 0.33125, 0.21577, 0]]}