{"v_num": 13, "mat": [[0, 0.278678, 0.687562, 0.014351, 0.31715, 0.332355, 0.810392, 0.273252, 0.892873, 0.289534, 0.049692, 0.578755, 0.37315], [0.962673, 0, 0.110695, 0.827155, 0.777805, 0.702995, 0.864893, 0.058093, 0.817353, 0.32028, 0.932645, 0.350467, 0.671961], [0.301763, 0.856208, 0, 0.755812, 0.084571, 0.477783, 0.714326, 0.4973, 0.584542, 0.109786, 0.885862, 0.718785, 0.774322], [0.714048, 0.982417, 0.065544, 0, 0.968262, 0.630227, 0.601323, 0.863108, 0.522689, 0.821813, 0.307464, 0.146334, 0.4366], [0.16515, 0.364376, 0.287144, 0.160266, 0, 0.557845, 0.08672, 0.581267, 0.56435, 0.787213, 0.619368, 0.91284, 0.98645], [0.912556, 0.7248, 0.741449, 0.408791, 0.969799, 0, 0.698598, 0.542054, 0.266684, 0.189566, 0.622444, 0.280882, 0.405692], [0.623835, 0.946775, 0.931912, 0.911356, 0.585717, 0.850972, 0, 0.847873, 0.633226, 0.419549, 0.415334, 0.00381, 0.20822], [0.295276, 0.835362, 0.53957, 0.448873, 0.879122, 0.187237, 0.988661, 0, 0.427094, 0.874755, 0.56303, 0.597347, 0.025758], [0.527334, 0.21904, 0.989367, 0.501253, 0.336343, 0.969347, 0.768699, 0.109203, 0, 0.867842, 0.976602, 0.091113, 0.324287], [0.377739, 0.102084, 0.111068, 0.424664, 0.23117, 0.637154, 0.74252, 0.27189, 0.186205, 0, 0.879156, 0.320895, 0.985748], [0.43341, 0.750566, 0.629537, 0.593013, 0.209612, 0.128353, 0.013232, 0.367759, 0.680993, 0.038291, 0, 0.756751, 0.702459], [0.853872, 0.832338, 0.923722, 0.599548, 0.032012, 0.427698, 0.328976, 0.629498, 0.20466, 0.586869, 0.682526, 0, 0.972537], [0.870723, 0.178169, 0.495785, 0.467042, 0.551027, 0.821757, 0.622437, 0.918624, 0.02614, 0.045286, 0.377768, 0.910153, 0]]}