{"v_num": 13, "mat": [[0, 0.84717, 0.765867, 0.999984, 0.426173, 0.183657, 0.8952, 0.296082, 0.052599, 0.7395, 0.18757, 0.669673, 0.473078], [0.923774, 0, 0.104153, 0.938966, 0.158633, 0.889939, 0.866099, 0.530262, 0.693325, 0.136212, 0.55249, 0.863567, 0.303947], [0.806109, 0.999318, 0, 0.772812, 0.996272, 0.688936, 0.49793, 0.545564, 0.559894, 0.398104, 0.343931, 0.507026, 0.167402], [0.014341, 0.269266, 0.344484, 0, 0.850094, 0.093814, 0.659788, 0.136503, 0.739356, 0.766969, 0.517843, 0.798652, 0.976179], [0.168225, 0.194173, 0.354397, 0.277368, 0, 0.091205, 0.059076, 0.758756, 0.261686, 0.635065, 0.02664, 0.962367, 0.869581], [0.090085, 0.855692, 0.070992, 0.804725, 0.125776, 0, 0.752432, 0.097061, 0.910462, 0.386774, 0.544555, 0.996111, 0.795478], [0.261921, 0.669821, 0.107489, 0.309856, 0.68193, 0.291689, 0, 0.099419, 0.80563, 0.059817, 0.115421, 0.24244, 0.065022], [0.117599, 0.144959, 0.520481, 0.236196, 0.844754, 0.588709, 0.310516, 0, 0.724871, 0.395988, 0.681238, 0.092095, 0.021236], [0.399165, 0.771461, 0.003473, 0.029116, 0.499183, 0.050701, 0.014911, 0.265968, 0, 0.405366, 0.684785, 0.289031, 0.788767], [0.78914, 0.223794, 0.982397, 0.412315, 0.770987, 0.601523, 0.936949, 0.816101, 0.089308, 0, 0.800743, 0.658064, 0.744236], [0.107323, 0.683839, 0.585874, 0.896857, 0.816795, 0.764317, 0.655393, 0.608234, 0.067733, 0.985722, 0, 0.413815, 0.403697], [0.181587, 0.678817, 0.224109, 0.461043, 0.754375, 0.583739, 0.717179, 0.662391, 0.21941, 0.829396, 0.207909, 0, 0.695951], [0.727822, 0.624715, 0.90312, 0.20495, 0.490089, 0.774474, 0.423574, 0.332484, 0.49465, 0.437906, 0.928458, 0.470976, 0]]}