{"v_num": 13, "mat": [[0, 0.691138, 0.494034, 0.080569, 0.512123, 0.5895, 0.010313, 0.19748, 0.57138, 0.79727, 0.037414, 0.618705, 0.135466], [0.872988, 0, 0.583304, 0.799446, 0.399181, 0.581778, 0.664026, 0.022875, 0.498601, 0.591285, 0.063426, 0.123433, 0.212379], [0.491555, 0.662939, 0, 0.523372, 0.277595, 0.062156, 0.034804, 0.259096, 0.845914, 0.996547, 0.858791, 0.811065, 0.88198], [0.126212, 0.406702, 0.185486, 0, 0.022381, 0.896323, 0.226872, 0.56767, 0.976726, 0.260933, 0.183155, 0.414767, 0.083491], [0.402352, 0.780063, 0.774105, 0.706802, 0, 0.870969, 0.086853, 0.403654, 0.137131, 0.457122, 0.020276, 0.482032, 0.084032], [0.533562, 0.97245, 0.63951, 0.354597, 0.222951, 0, 0.660391, 0.521351, 0.979471, 0.000392, 0.537032, 0.240814, 0.287857], [0.236026, 0.536967, 0.625203, 0.968, 0.567363, 0.219496, 0, 0.13213, 0.15935, 0.736558, 0.437301, 0.424309, 0.274831], [0.785035, 0.141275, 0.324914, 0.358193, 0.495893, 0.394151, 0.82604, 0, 0.954959, 0.373234, 0.287048, 0.117658, 0.507362], [0.678712, 0.661932, 0.423507, 0.5367, 0.983309, 0.15339, 0.048211, 0.874572, 0, 0.824245, 0.141915, 0.908899, 0.027849], [0.689505, 0.712203, 0.702027, 0.345549, 0.982541, 0.139019, 0.031805, 0.335386, 0.227886, 0, 0.778238, 0.732206, 0.1581], [0.340265, 0.683203, 0.888361, 0.511677, 0.69715, 0.026009, 0.217785, 0.104765, 0.02682, 0.938474, 0, 0.974649, 0.618287], [0.661392, 0.982459, 0.343754, 0.046938, 0.141553, 0.385658, 0.113048, 0.288244, 0.588914, 0.946931, 0.110801, 0, 0.75745], [0.020273, 0.545879, 0.216559, 0.834226, 0.233228, 0.152401, 0.182793, 0.896148, 0.796482, 0.38225, 0.91198, 0.295792, 0]]}