{"v_num": 13, "mat": [[0, 0.964079, 0.943631, 0.832167, 0.789887, 0.543451, 0.708318, 0.233482, 0.388314, 0.301588, 0.144501, 0.476712, 0.158649], [0.325471, 0, 0.85271, 0.735921, 0.240967, 0.641427, 0.545808, 0.108924, 0.510777, 0.360544, 0.417075, 0.716559, 0.213088], [0.453698, 0.365396, 0, 0.184013, 0.197191, 0.103985, 0.11879, 0.131008, 0.971713, 0.988299, 0.966603, 0.578099, 0.47003], [0.565333, 0.280168, 0.325404, 0, 0.158645, 0.426228, 0.039237, 0.507904, 0.861131, 0.776673, 0.640566, 0.916192, 0.092696], [0.860129, 0.059878, 0.658594, 0.216608, 0, 0.769444, 0.093108, 0.591266, 0.448398, 0.643792, 0.767928, 0.369159, 0.390879], [0.537133, 0.281122, 0.156357, 0.670825, 0.460988, 0, 0.827395, 0.320457, 0.997385, 0.146043, 0.140416, 0.57279, 0.162308], [0.958141, 0.892374, 0.596404, 0.827313, 0.549392, 0.563971, 0, 0.885675, 0.833358, 0.5596, 0.337711, 0.2812, 0.629249], [0.309375, 0.868382, 0.619182, 0.526662, 0.693271, 0.018038, 0.833817, 0, 0.752007, 0.363974, 0.665074, 0.491527, 0.653614], [0.65585, 0.507648, 0.891122, 0.970961, 0.625556, 0.513518, 0.973167, 0.335853, 0, 0.433803, 0.422696, 0.32479, 0.702537], [0.477791, 0.653242, 0.115373, 0.988407, 0.373959, 0.186717, 0.234106, 0.369978, 0.890863, 0, 0.586086, 0.621434, 0.320624], [0.000704, 0.404285, 0.838327, 0.403092, 0.633965, 0.925555, 0.700839, 0.659612, 0.299949, 0.048548, 0, 0.487839, 0.800998], [0.340849, 0.486981, 0.024401, 0.642893, 0.920622, 0.991426, 0.168219, 0.984187, 0.785975, 0.670974, 0.993992, 0, 0.087607], [0.701911, 0.110889, 0.34875, 0.419323, 0.945037, 0.738456, 0.999167, 0.344572, 0.822798, 0.506517, 0.263837, 0.542277, 0]]}