{"v_num": 13, "mat": [[0, 0.654995, 0.529839, 0.490795, 0.675655, 0.720133, 0.442369, 0.911901, 0.555844, 0.241319, 0.267984, 0.379947, 0.137291], [0.372773, 0, 0.813141, 0.871207, 0.033032, 0.85798, 0.755233, 0.498959, 0.875042, 0.129049, 0.65319, 0.330208, 0.727275], [0.374893, 0.406715, 0, 0.319585, 0.317494, 0.935638, 0.18412, 0.847492, 0.621544, 0.322064, 0.786944, 0.146612, 0.991914], [0.95365, 0.373003, 0.545477, 0, 0.41761, 0.127225, 0.299849, 0.392454, 0.306382, 0.359486, 0.993261, 0.867375, 0.951135], [0.130288, 0.422569, 0.407165, 0.140809, 0, 0.390128, 0.128537, 0.340884, 0.632298, 0.665041, 0.446608, 0.060014, 0.203647], [0.235924, 0.986543, 0.679668, 0.03428, 0.86561, 0, 0.069242, 0.038462, 0.048623, 0.228818, 0.411205, 0.470281, 0.783842], [0.929754, 0.301653, 0.219046, 0.386909, 0.685986, 0.757, 0, 0.101775, 0.782229, 0.551874, 0.518213, 0.543659, 0.566934], [0.237538, 0.862025, 0.531616, 0.755755, 0.181251, 0.241599, 0.758913, 0, 0.994926, 0.228332, 0.969331, 0.521416, 0.778583], [0.71772, 0.409496, 0.815318, 0.419637, 0.871882, 0.009669, 0.669168, 0.450472, 0, 0.663215, 0.736325, 0.731023, 0.970345], [0.339422, 0.72315, 0.367941, 0.973081, 0.652987, 0.183871, 0.288541, 0.373463, 0.637336, 0, 0.408459, 0.078993, 0.509174], [0.210504, 0.510114, 0.666925, 0.07263, 0.314415, 0.701659, 0.085371, 0.642306, 0.886228, 0.772739, 0, 0.237775, 0.701866], [0.923886, 0.162619, 0.644023, 0.820371, 0.205346, 0.540372, 0.589647, 0.237026, 0.764381, 0.450155, 0.590525, 0, 0.314044], [0.726561, 0.990168, 0.646852, 0.203402, 0.986482, 0.917792, 0.738413, 0.525312, 0.036784, 0.602692, 0.223225, 0.676821, 0]]}