{"v_num": 13, "mat": [[0, 0.61136, 0.998396, 0.163375, 0.776633, 0.685313, 0.349151, 0.934769, 0.323799, 0.997891, 0.840033, 0.299247, 0.185732], [0.441927, 0, 0.838446, 0.536097, 0.93363, 0.981955, 0.679506, 0.400349, 0.22711, 0.925726, 0.384986, 0.776706, 0.104744], [0.326975, 0.986084, 0, 0.265556, 0.00674, 0.240647, 0.587282, 0.353393, 0.614626, 0.899283, 0.939477, 0.772907, 0.048651], [0.11058, 0.751494, 0.219321, 0, 0.248597, 0.124263, 0.884454, 0.861662, 0.756675, 0.986894, 0.509524, 0.302009, 0.394503], [0.076901, 0.265671, 0.996091, 0.320789, 0, 0.793692, 0.248538, 0.735895, 0.549421, 0.917015, 0.624396, 0.301664, 0.419373], [0.492921, 0.525009, 0.627968, 0.268812, 0.286212, 0, 0.375638, 0.490349, 0.982823, 0.23078, 0.318561, 0.798612, 0.677421], [0.954792, 0.499048, 0.054857, 0.275322, 0.635597, 0.965311, 0, 0.924942, 0.526196, 0.047235, 0.665498, 0.838933, 0.328642], [0.212919, 0.74691, 0.302421, 0.038628, 0.752238, 0.806595, 0.379031, 0, 0.430024, 0.297204, 0.138513, 0.581095, 0.804142], [0.46611, 0.920957, 0.388954, 0.114552, 0.697614, 0.239063, 0.729877, 0.915505, 0, 0.769829, 0.467719, 0.807677, 0.0558], [0.826956, 0.257422, 0.359049, 0.272255, 0.383786, 0.763534, 0.439702, 0.00078, 0.070645, 0, 0.281821, 0.033915, 0.27086], [0.7212, 0.665197, 0.551141, 0.379826, 0.656737, 0.621539, 0.788132, 0.281764, 0.784331, 0.552222, 0, 0.157806, 0.149387], [0.097814, 0.918725, 0.12795, 0.717047, 0.820487, 0.706248, 0.732362, 0.538615, 0.748013, 0.309859, 0.247993, 0, 0.087098], [0.988907, 0.844272, 0.884927, 0.224054, 0.726458, 0.561645, 0.112311, 0.337305, 0.60749, 0.886751, 0.442147, 0.079822, 0]]}