{"v_num": 13, "mat": [[0, 0.90197, 0.366963, 0.998049, 0.0305, 0.959575, 0.629551, 0.444178, 0.493134, 0.057593, 0.324351, 0.961906, 0.665148], [0.459851, 0, 0.277001, 0.9463, 0.25262, 0.910702, 0.735099, 0.136709, 0.181189, 0.664919, 0.618991, 0.519044, 0.740221], [0.215761, 0.946967, 0, 0.545082, 0.183267, 0.625339, 0.179053, 0.616826, 0.758604, 0.886929, 0.24583, 0.22108, 0.233693], [0.290871, 0.599465, 0.117646, 0, 0.054211, 0.309922, 0.779115, 0.34515, 0.119737, 0.8706, 0.468465, 0.854082, 0.648381], [0.344604, 0.11977, 0.629542, 0.993278, 0, 0.825396, 0.80794, 0.099195, 0.870455, 0.414842, 0.888127, 0.652312, 0.740533], [0.960075, 0.303155, 0.91402, 0.584221, 0.756421, 0, 0.620055, 0.757309, 0.492445, 0.442415, 0.453007, 0.570556, 0.865301], [0.949122, 0.137997, 0.29012, 0.167932, 0.974925, 0.405748, 0, 0.083542, 0.305182, 0.762117, 0.550311, 0.414103, 0.991398], [0.262117, 0.138731, 0.737873, 0.156307, 0.969433, 0.154089, 0.78932, 0, 0.4506, 0.633893, 0.335684, 0.821013, 0.062372], [0.806302, 0.878056, 0.822136, 0.918761, 0.689816, 0.336968, 0.692225, 0.097327, 0, 0.26533, 0.155128, 0.324962, 0.662961], [0.473651, 0.154066, 0.526461, 0.711687, 0.023909, 0.731315, 0.492686, 0.584755, 0.620855, 0, 0.903981, 0.943745, 0.311114], [0.939914, 0.28833, 0.74097, 0.463687, 0.147122, 0.176249, 0.469634, 0.111251, 0.831661, 0.848561, 0, 0.294175, 0.499562], [0.643905, 0.277845, 0.822502, 0.375933, 0.081809, 0.170097, 0.195472, 0.621358, 0.188481, 0.752922, 0.338537, 0, 0.105895], [0.456006, 0.141378, 0.41941, 0.451382, 0.778625, 0.894093, 0.792899, 0.981958, 0.571935, 0.486296, 0.032605, 0.075292, 0]]}