{"v_num": 13, "mat": [[0, 0.471003, 0.714426, 0.872767, 0.741903, 0.877186, 0.373651, 0.872214, 0.396312, 0.248315, 0.867576, 0.355488, 0.22284], [0.963739, 0, 0.01799, 0.256765, 0.115747, 0.665077, 0.903946, 0.251882, 0.85011, 0.117706, 0.717819, 0.784841, 0.628272], [0.064301, 0.913044, 0, 0.588211, 0.571813, 0.618204, 0.183313, 0.947599, 0.474758, 0.362507, 0.411121, 0.930859, 0.87747], [0.727551, 0.798965, 0.639577, 0, 0.554093, 0.137276, 0.581583, 0.80753, 0.704485, 0.256211, 0.437013, 0.097469, 0.387749], [0.076327, 0.444985, 0.066985, 0.649321, 0, 0.350064, 0.339409, 0.985946, 0.474514, 0.837697, 0.209337, 0.636658, 0.482927], [0.923279, 0.750895, 0.93517, 0.12638, 0.119484, 0, 0.368469, 0.46477, 0.65288, 0.417767, 0.105115, 0.116015, 0.731703], [0.393236, 0.66775, 0.116224, 0.015221, 0.960942, 0.009896, 0, 0.961508, 0.208309, 0.378622, 0.705296, 0.785177, 0.771848], [0.552233, 0.71102, 0.994902, 0.763791, 0.655252, 0.254043, 0.707568, 0, 0.604559, 0.136666, 0.80656, 0.024698, 0.996135], [0.218066, 0.769095, 0.399285, 0.200698, 0.463283, 0.125209, 0.001223, 0.696708, 0, 0.913101, 0.583994, 0.982531, 0.036182], [0.55785, 0.056816, 0.884153, 0.332889, 0.316675, 0.871919, 0.86928, 0.807361, 0.680129, 0, 0.724983, 0.85181, 0.213956], [0.5202, 0.294261, 0.962247, 0.497, 0.059485, 0.93189, 0.569284, 0.544928, 0.96606, 0.386984, 0, 0.47167, 0.324491], [0.292345, 0.295778, 0.025582, 0.829342, 0.180041, 0.537434, 0.245321, 0.256088, 0.788594, 0.4514, 0.231967, 0, 0.393602], [0.516162, 0.04919, 0.532556, 0.934552, 0.135537, 0.443989, 0.02295, 0.199042, 0.633807, 0.881151, 0.130021, 0.699539, 0]]}