{"v_num": 13, "mat": [[0, 0.46106, 0.779769, 0.396468, 0.666723, 0.301486, 0.044186, 0.380917, 0.053511, 0.322709, 0.781633, 0.775625, 0.049117], [0.099246, 0, 0.791056, 0.880241, 0.073981, 0.315485, 0.094233, 0.477747, 0.905117, 0.286485, 0.148445, 0.699012, 0.590842], [0.197089, 0.655256, 0, 0.235146, 0.520043, 0.36151, 0.500858, 0.779763, 0.153584, 0.937494, 0.233336, 0.573159, 0.17634], [0.752636, 0.862915, 0.143274, 0, 0.970098, 0.140405, 0.026686, 0.805454, 0.20406, 0.801203, 0.097039, 0.933015, 0.252867], [0.275056, 0.713387, 0.769942, 0.47892, 0, 0.026966, 0.089971, 0.188085, 0.072693, 0.502387, 0.193072, 0.502503, 0.496648], [0.813558, 0.051806, 0.803409, 0.289913, 0.540216, 0, 0.21669, 0.488461, 0.939913, 0.486172, 0.933798, 0.782551, 0.950728], [0.004156, 0.747565, 0.635077, 0.395378, 0.395276, 0.601547, 0, 0.889297, 0.207492, 0.860803, 0.674005, 0.443046, 0.683576], [0.516679, 0.154998, 0.534139, 0.299558, 0.488406, 0.402174, 0.140525, 0, 0.429837, 0.192778, 0.176835, 0.875676, 0.369516], [0.494636, 0.856541, 0.089412, 0.433269, 0.597521, 0.96772, 0.267907, 0.666855, 0, 0.68575, 0.704395, 0.239702, 0.021419], [0.464091, 0.405034, 0.338346, 0.503672, 0.478937, 0.438657, 0.357945, 0.948199, 0.898438, 0, 0.675355, 0.944031, 0.614518], [0.837032, 0.994817, 0.630493, 0.389762, 0.899984, 0.747853, 0.302085, 0.853439, 0.009633, 0.40996, 0, 0.912695, 0.907884], [0.693183, 0.151635, 0.186192, 0.754121, 0.612242, 0.34175, 0.811744, 0.755474, 0.845079, 0.818546, 0.863367, 0, 0.093869], [0.732388, 0.136917, 0.040871, 0.158736, 0.40133, 0.38227, 0.7632, 0.623207, 0.819305, 0.408438, 0.010612, 0.705575, 0]]}