{"v_num": 13, "mat": [[0, 0.469636, 0.97394, 0.402733, 0.472679, 0.589963, 0.449423, 0.202846, 0.45456, 0.796455, 0.07659, 0.161092, 0.226987], [0.364053, 0, 0.222779, 0.046065, 0.08761, 0.197804, 0.745887, 0.997127, 0.634929, 0.318082, 0.416817, 0.112384, 0.538331], [0.143742, 0.264393, 0, 0.364042, 0.311994, 0.763898, 0.855131, 0.459487, 0.649256, 0.200415, 0.465565, 0.635916, 0.017108], [0.596714, 0.952976, 0.127919, 0, 0.07082, 0.366351, 0.821612, 0.259338, 0.112039, 0.565464, 0.194424, 0.465444, 0.009785], [0.095519, 0.694954, 0.873779, 0.883149, 0, 0.232703, 0.411792, 0.821942, 0.890475, 0.257864, 0.072222, 0.2298, 0.407837], [0.845681, 0.723123, 0.489999, 0.950959, 0.58338, 0, 0.001143, 0.374721, 0.516254, 0.754355, 0.650547, 0.229557, 0.070807], [0.107813, 0.770783, 0.211307, 0.282319, 0.035905, 0.122753, 0, 0.259765, 0.105046, 0.703481, 0.907964, 0.372407, 0.544459], [0.589066, 0.710843, 0.458914, 0.203303, 0.592083, 0.076876, 0.157679, 0, 0.472892, 0.124184, 0.553412, 0.858045, 0.222725], [0.302443, 0.701151, 0.242606, 0.47784, 0.39526, 0.139597, 0.953604, 0.024677, 0, 0.31265, 0.662456, 0.743965, 0.30743], [0.769412, 0.322101, 0.408885, 0.168785, 0.24156, 0.573747, 0.298226, 0.241691, 0.608461, 0, 0.499125, 0.6143, 0.822413], [0.297921, 0.048773, 0.202955, 0.161159, 0.74059, 0.939124, 0.491954, 0.286892, 0.741048, 0.725399, 0, 0.33157, 0.202861], [0.962773, 0.383594, 0.914082, 0.529821, 0.77079, 0.481905, 0.584151, 0.869299, 0.218298, 0.151391, 0.617836, 0, 0.525402], [0.278228, 0.60041, 0.362359, 0.475996, 0.776098, 0.900663, 0.751738, 0.540207, 0.93195, 0.79365, 0.762034, 0.311086, 0]]}