{"v_num": 13, "mat": [[0, 0.005581, 0.336239, 0.279324, 0.582956, 0.095215, 0.528194, 0.629308, 0.766405, 0.811766, 0.166026, 0.888322, 0.228679], [0.724211, 0, 0.975586, 0.522322, 0.319429, 0.093882, 0.039407, 0.889345, 0.240884, 0.120552, 0.03066, 0.262488, 0.643094], [0.213686, 0.162391, 0, 0.624166, 0.963835, 0.892363, 0.743326, 0.256871, 0.704041, 0.334039, 0.825305, 0.159004, 0.665971], [0.799608, 0.634449, 0.019247, 0, 0.273138, 0.718122, 0.003815, 0.813843, 0.150617, 0.853562, 0.10843, 0.57475, 0.556553], [0.61503, 0.961267, 0.380952, 0.523949, 0, 0.490372, 0.731058, 0.587091, 0.244915, 0.510312, 0.696191, 0.186624, 0.367603], [0.794154, 0.091905, 0.529617, 0.95196, 0.776057, 0, 0.228258, 0.456637, 0.698418, 0.465122, 0.988072, 0.320309, 0.538677], [0.37915, 0.585395, 0.534725, 0.431413, 0.745163, 0.345536, 0, 0.144932, 0.904634, 0.341919, 0.645699, 0.007619, 0.39609], [0.34577, 0.731298, 0.024992, 0.916713, 0.620191, 0.427553, 0.121746, 0, 0.969113, 0.419231, 0.149352, 0.934255, 0.245279], [0.09439, 0.931003, 0.685735, 0.612716, 0.947345, 0.446788, 0.82148, 0.04312, 0, 0.843649, 0.871932, 0.926326, 0.382814], [0.416853, 0.480381, 0.033685, 0.13304, 0.995311, 0.432636, 0.975129, 0.075873, 0.413751, 0, 0.044427, 0.3183, 0.594004], [0.36082, 0.283057, 0.741878, 0.695627, 0.226583, 0.168023, 0.684341, 0.018905, 0.635725, 0.697839, 0, 0.946632, 0.738961], [0.950694, 0.041281, 0.811772, 0.822492, 0.872764, 0.237052, 0.625548, 0.19542, 0.943188, 0.594351, 0.427821, 0, 0.555587], [0.590262, 0.57755, 0.431378, 0.134669, 0.237375, 0.687722, 0.025326, 0.025802, 0.813349, 0.002998, 0.166978, 0.498479, 0]]}