{"v_num": 13, "mat": [[0, 0.27661, 0.040759, 0.839791, 0.263228, 0.014487, 0.792094, 0.888891, 0.085616, 0.044179, 0.198808, 0.219798, 0.037237], [0.94309, 0, 0.816261, 0.654458, 0.982164, 0.670958, 0.496303, 0.989296, 0.153843, 0.875695, 0.247666, 0.248415, 0.225023], [0.506394, 0.303869, 0, 0.793102, 0.426986, 0.871993, 0.515028, 0.713569, 0.468943, 0.1058, 0.548474, 0.05861, 0.919412], [0.827541, 0.428402, 0.601515, 0, 0.692515, 0.756275, 0.300185, 0.317929, 0.341809, 0.525015, 0.58394, 0.433344, 0.721636], [0.027543, 0.769433, 0.082414, 0.3591, 0, 0.741391, 0.377412, 0.120835, 0.500071, 0.52479, 0.692451, 0.167304, 0.327698], [0.158497, 0.01953, 0.36433, 0.629843, 0.504355, 0, 0.338806, 0.324159, 0.22308, 0.066066, 0.476682, 0.678079, 0.209713], [0.119695, 0.441508, 0.919191, 0.239093, 0.753334, 0.577773, 0, 0.433343, 0.216504, 0.041332, 0.165765, 0.933379, 0.748524], [0.22049, 0.687398, 0.90813, 0.117118, 0.594709, 0.317886, 0.178137, 0, 0.20494, 0.578827, 0.843226, 0.228057, 0.862225], [0.778679, 0.714714, 0.875284, 0.395904, 0.552153, 0.363417, 0.121846, 0.601505, 0, 0.723736, 0.097456, 0.911599, 0.0097], [0.900576, 0.925371, 0.978206, 0.832663, 0.423957, 0.500097, 0.071672, 0.231428, 0.161775, 0, 0.404335, 0.167627, 0.143408], [0.397154, 0.734661, 0.314495, 0.277078, 0.738332, 0.033639, 0.270085, 0.261192, 0.920186, 0.593851, 0, 0.76612, 0.174049], [0.923132, 0.920526, 0.398953, 0.05497, 0.972634, 0.093579, 0.100019, 0.737844, 0.161242, 0.662122, 0.047827, 0, 0.318773], [0.559417, 0.126178, 0.34645, 0.506745, 0.658834, 0.151465, 0.250376, 0.619247, 0.776744, 0.979581, 0.055892, 0.34104, 0]]}