{"v_num": 13, "mat": [[0, 0.136371, 0.54734, 0.970548, 0.244632, 0.8959, 0.857529, 0.294116, 0.055825, 0.004002, 0.027717, 0.285761, 0.237506], [0.196135, 0, 0.878476, 0.380492, 0.983683, 0.644095, 0.907064, 0.314265, 0.264528, 0.195217, 0.624598, 0.138902, 0.957398], [0.373518, 0.060347, 0, 0.579624, 0.603471, 0.29605, 0.949316, 0.830865, 0.548592, 0.382667, 0.431749, 0.091315, 0.169905], [0.888472, 0.409197, 0.013891, 0, 0.574037, 0.300187, 0.458945, 0.546172, 0.725711, 0.903763, 0.882862, 0.422448, 0.742459], [0.731261, 0.838985, 0.294661, 0.14459, 0, 0.731553, 0.577351, 0.753131, 0.598841, 0.626944, 0.016095, 0.776074, 0.845541], [0.157274, 0.17105, 0.563454, 0.515629, 0.561193, 0, 0.982181, 0.497555, 0.690636, 0.789027, 0.752503, 0.913929, 0.560163], [0.2509, 0.453874, 0.834059, 0.36663, 0.443517, 0.850174, 0, 0.922838, 0.112406, 0.663936, 0.023121, 0.782066, 0.156497], [0.651648, 0.316374, 0.617604, 0.196724, 0.18405, 0.995109, 0.019307, 0, 0.421846, 0.169204, 0.706066, 0.308988, 0.195314], [0.885415, 0.25805, 0.907027, 0.086491, 0.079161, 0.602118, 0.840862, 0.963729, 0, 0.770015, 0.305095, 0.933129, 0.238559], [0.250239, 0.004408, 0.491231, 0.792579, 0.755591, 0.821948, 0.460139, 0.594447, 0.750166, 0, 0.42936, 0.737649, 0.446713], [0.6313, 0.494185, 0.075628, 0.25208, 0.871985, 0.68697, 0.832931, 0.278623, 0.06636, 0.401855, 0, 0.403894, 0.175002], [0.801628, 0.30118, 0.530889, 0.416676, 0.304383, 0.824621, 0.259597, 0.24911, 0.39387, 0.810973, 0.921146, 0, 0.496236], [0.40717, 0.426476, 0.963343, 0.210469, 0.174382, 0.589458, 0.66977, 0.486695, 0.668387, 0.95274, 0.075701, 0.612762, 0]]}