{"v_num": 13, "mat": [[0, 0.575782, 0.797953, 0.880776, 0.076676, 0.344035, 0.526492, 0.419334, 0.037576, 0.277346, 0.61605, 0.263903, 0.351121], [0.874494, 0, 0.748098, 0.150899, 0.331844, 0.727731, 0.452756, 0.176019, 0.803478, 0.919974, 0.961293, 0.082699, 0.194301], [0.992377, 0.569395, 0, 0.05846, 0.286772, 0.460061, 0.948143, 0.253906, 0.310148, 0.692473, 0.857973, 0.164638, 0.040476], [0.152814, 0.146835, 0.930309, 0, 0.436538, 0.185135, 0.14438, 0.977942, 0.002858, 0.786647, 0.680478, 0.00837, 0.558234], [0.855356, 0.852804, 0.387026, 0.107743, 0, 0.690775, 0.497474, 0.594729, 0.042328, 0.446223, 0.11257, 0.035203, 0.935702], [0.226902, 0.063936, 0.305703, 0.624769, 0.790529, 0, 0.619325, 0.552981, 0.559526, 0.014554, 0.491631, 0.098056, 0.126916], [0.481393, 0.211943, 0.853376, 0.380749, 0.778578, 0.533222, 0, 0.149115, 0.82889, 0.278892, 0.231344, 0.833189, 0.593701], [0.746876, 0.420771, 0.236952, 0.406586, 0.521545, 0.419984, 0.836045, 0, 0.813025, 0.312082, 0.127414, 0.865262, 0.861889], [0.803129, 0.81639, 0.059548, 0.203904, 0.69389, 0.539977, 0.081115, 0.917856, 0, 0.439881, 0.743355, 0.831591, 0.506575], [0.97936, 0.991365, 0.884039, 0.084636, 0.280206, 0.596431, 0.113744, 0.468998, 0.800107, 0, 0.097152, 0.205842, 0.016652], [0.909472, 0.523381, 0.849913, 0.673631, 0.36834, 0.689951, 0.010656, 0.12212, 0.417112, 0.139517, 0, 0.265929, 0.845871], [0.29321, 0.2434, 0.204135, 0.879641, 0.512937, 0.499389, 0.894741, 0.259636, 0.169435, 0.289619, 0.922939, 0, 0.989232], [0.722916, 0.246954, 0.906925, 0.554529, 0.240245, 0.95724, 0.280608, 0.29782, 0.988796, 0.615287, 0.566749, 0.331694, 0]]}