{"v_num": 13, "mat": [[0, 0.15275, 0.811668, 0.795412, 0.769806, 0.135675, 0.587223, 0.026432, 0.385807, 0.747649, 0.917443, 0.115386, 0.254851], [0.621259, 0, 0.102483, 0.191602, 0.706569, 0.119653, 0.795475, 0.005543, 0.23979, 0.271792, 0.978041, 0.856807, 0.232062], [0.421207, 0.15318, 0, 0.098294, 0.870206, 0.785509, 0.662286, 0.897036, 0.795745, 0.137467, 0.105471, 0.248869, 0.158028], [0.904922, 0.236648, 0.631646, 0, 0.160371, 0.497047, 0.41719, 0.757892, 0.313251, 0.323047, 0.897538, 0.747594, 0.128541], [0.976202, 0.428431, 0.385413, 0.401109, 0, 0.236486, 0.836084, 0.694348, 0.685412, 0.358884, 0.971651, 0.868523, 0.273216], [0.806189, 0.32874, 0.350694, 0.937345, 0.442932, 0, 0.210737, 0.07912, 0.734993, 0.442515, 0.65509, 0.277466, 0.589601], [0.380426, 0.469159, 0.584575, 0.641292, 0.676227, 0.212885, 0, 0.943546, 0.186053, 0.016837, 0.940343, 0.742886, 0.238624], [0.061991, 0.099672, 0.555164, 0.7317, 0.457402, 0.055166, 0.649034, 0, 0.75429, 0.809945, 0.570692, 0.739414, 0.374054], [0.614765, 0.411005, 0.448264, 0.437249, 0.025293, 0.127834, 0.021173, 0.906631, 0, 0.947894, 0.280675, 0.450447, 0.623511], [0.819685, 0.693625, 0.372461, 0.997652, 0.44533, 0.737076, 0.645516, 0.299524, 0.801656, 0, 0.551758, 0.882255, 0.915639], [0.802203, 0.95474, 0.90815, 0.093531, 0.449317, 0.346875, 0.984467, 0.872856, 0.230623, 0.7588, 0, 0.886233, 0.690733], [0.767818, 0.840113, 0.177589, 0.680017, 0.90737, 0.876889, 0.279236, 0.557187, 0.9068, 0.954447, 0.749525, 0, 0.143455], [0.341703, 0.320544, 0.599353, 0.855609, 0.494098, 0.763274, 0.656505, 0.506184, 0.666308, 0.656355, 0.750343, 0.162902, 0]]}