{"v_num": 13, "mat": [[0, 0.912611, 0.566131, 0.611079, 0.707323, 0.965232, 0.543412, 0.575463, 0.267914, 0.177852, 0.982362, 0.967656, 0.860852], [0.110893, 0, 0.218946, 0.122706, 0.918624, 0.807448, 0.666064, 0.816182, 0.37596, 0.450088, 0.602393, 0.084549, 0.6495], [0.626751, 0.128187, 0, 0.787155, 0.11085, 0.862768, 0.020433, 0.31535, 0.664343, 0.882745, 0.302777, 0.104509, 0.13745], [0.346493, 0.661755, 0.535815, 0, 0.67611, 0.2771, 0.18494, 0.287689, 0.268894, 0.265772, 0.645732, 0.469686, 0.495789], [0.317406, 0.705533, 0.129809, 0.185987, 0, 0.042075, 0.587965, 0.214559, 0.802285, 0.771065, 0.986805, 0.775905, 0.445397], [0.267787, 0.448897, 0.612641, 0.532887, 0.745925, 0, 0.040809, 0.21648, 0.740441, 0.156621, 0.00274, 0.097839, 0.384605], [0.153889, 0.330726, 0.957077, 0.926237, 0.831629, 0.926313, 0, 0.964489, 0.653593, 0.930424, 0.126024, 0.585437, 0.688837], [0.894588, 0.674753, 0.677966, 0.987042, 0.280366, 0.239285, 0.276275, 0, 0.61641, 0.565709, 0.132175, 0.271356, 0.53902], [0.057499, 0.335125, 0.942524, 0.013119, 0.019705, 0.498139, 0.285119, 0.618627, 0, 0.025248, 0.721008, 0.914519, 0.714505], [0.132489, 0.489922, 0.942599, 0.047643, 0.62519, 0.751384, 0.577137, 0.381322, 0.021195, 0, 0.748539, 0.003623, 0.884641], [0.670838, 0.993431, 0.059353, 0.01138, 0.538917, 0.003685, 0.900587, 0.266688, 0.031937, 0.399663, 0, 0.389119, 0.559348], [0.086721, 0.122598, 0.943958, 0.26615, 0.609131, 0.540824, 0.480622, 0.334247, 0.960554, 0.12878, 0.690962, 0, 0.759013], [0.914444, 0.84731, 0.208953, 0.171227, 0.214595, 0.312254, 0.449186, 0.232588, 0.408317, 0.336652, 0.350643, 0.389422, 0]]}