{"v_num": 13, "mat": [[0, 0.025103, 0.062804, 0.717664, 0.122715, 0.330506, 0.09347, 0.216756, 0.235062, 0.894575, 0.752298, 0.990318, 0.118201], [0.156032, 0, 0.51467, 0.845289, 0.38734, 0.013541, 0.672018, 0.751687, 0.954452, 0.546678, 0.848618, 0.991447, 0.139382], [0.489515, 0.992509, 0, 0.584489, 0.33108, 0.839039, 0.521424, 0.035376, 0.403182, 0.340224, 0.590699, 0.622561, 0.458227], [0.428724, 0.644139, 0.793821, 0, 0.594622, 0.901975, 0.600175, 0.977442, 0.746528, 0.927022, 0.099464, 0.333452, 0.156991], [0.669388, 0.004694, 0.41078, 0.793891, 0, 0.405145, 0.363931, 0.204592, 0.27412, 0.051221, 0.651831, 0.107374, 0.992301], [0.097823, 0.276699, 0.715977, 0.070588, 0.579924, 0, 0.199263, 0.63176, 0.022133, 0.475518, 0.492087, 0.334189, 0.215555], [0.434389, 0.995184, 0.914988, 0.142538, 0.097776, 0.728108, 0, 0.075483, 0.168771, 0.390692, 0.12654, 0.978385, 0.839103], [0.067799, 0.506473, 0.855159, 0.445386, 0.356984, 0.836909, 0.71976, 0, 0.493175, 0.505573, 0.48792, 0.150367, 0.017997], [0.624465, 0.829724, 0.118304, 0.956624, 0.380247, 0.492393, 0.657576, 0.362311, 0, 0.379632, 0.028571, 0.055582, 0.681502], [0.612816, 0.300921, 0.149647, 0.726546, 0.834928, 0.272057, 0.589445, 0.179831, 0.721266, 0, 0.458544, 0.901583, 0.909496], [0.21635, 0.716622, 0.822198, 0.018294, 0.442175, 0.679421, 0.04189, 0.150288, 0.955198, 0.619793, 0, 0.337046, 0.086565], [0.332316, 0.662267, 0.602406, 0.937444, 0.425, 0.560835, 0.75275, 0.197352, 0.100347, 0.16505, 0.798082, 0, 0.654395], [0.459862, 0.269571, 0.38797, 0.361663, 0.753501, 0.600328, 0.331167, 0.235241, 0.265643, 0.146552, 0.673078, 0.05402, 0]]}