{"v_num": 13, "mat": [[0, 0.319075, 0.76097, 0.01639, 0.595188, 0.54751, 0.099824, 0.174707, 0.179512, 0.6966, 0.111335, 0.17201, 0.106189], [0.444423, 0, 0.869619, 0.700553, 0.476583, 0.587299, 0.10735, 0.763026, 0.002348, 0.980091, 0.307023, 0.897742, 0.642911], [0.154955, 0.030554, 0, 0.391582, 0.672973, 0.038137, 0.502131, 0.57444, 0.627779, 0.835811, 0.032315, 0.459718, 0.52004], [0.171012, 0.436861, 0.305292, 0, 0.236727, 0.437615, 0.232995, 0.26096, 0.796417, 0.001238, 0.331878, 0.75755, 0.453633], [0.970688, 0.404583, 0.901737, 0.854634, 0, 0.822483, 0.686627, 0.105166, 0.280341, 0.107749, 0.565772, 0.992413, 0.148615], [0.61609, 0.450877, 0.970845, 0.501716, 0.29751, 0, 0.287355, 0.914952, 0.184007, 0.184256, 0.070448, 0.816688, 0.317728], [0.969336, 0.176523, 0.03895, 0.863038, 0.258146, 0.887057, 0, 0.331753, 0.1261, 0.524397, 0.443732, 0.845293, 0.690007], [0.690927, 0.696032, 0.957311, 0.149992, 0.565519, 0.868433, 0.399253, 0, 0.881969, 0.587234, 0.989558, 0.586814, 0.713044], [0.872575, 0.832683, 0.63953, 0.085412, 0.712931, 0.185888, 0.886098, 0.459984, 0, 0.023514, 0.539633, 0.861247, 0.674003], [0.765015, 0.74413, 0.661617, 0.143487, 0.044093, 0.743178, 0.975958, 0.619061, 0.912774, 0, 0.30467, 0.16376, 0.462531], [0.725302, 0.262325, 0.364069, 0.586287, 0.75106, 0.477916, 0.135741, 0.239741, 0.355052, 0.872844, 0, 0.936585, 0.034974], [0.349738, 0.414347, 0.934058, 0.598349, 0.128059, 0.001334, 0.398396, 0.398828, 0.115888, 0.40226, 0.90154, 0, 0.436048], [0.484285, 0.934073, 0.056318, 0.133121, 0.727266, 0.852556, 0.241524, 0.712918, 0.215425, 0.647285, 0.036759, 0.967306, 0]]}