{"v_num": 13, "mat": [[0, 0.026613, 0.374036, 0.505211, 0.146536, 0.288184, 0.831308, 0.673147, 0.724285, 0.715999, 0.623999, 0.280928, 0.126615], [0.650087, 0, 0.203058, 0.82683, 0.229209, 0.876698, 0.762698, 0.591832, 0.143227, 0.464386, 0.489413, 0.719517, 0.534001], [0.311038, 0.80895, 0, 0.305746, 0.111023, 0.36472, 0.317124, 0.85595, 0.217617, 0.300367, 0.876271, 0.399949, 0.84088], [0.989482, 0.569666, 0.938878, 0, 0.670195, 0.782051, 0.361065, 0.668222, 0.616203, 0.801926, 0.286569, 0.336073, 0.48789], [0.071038, 0.4431, 0.096401, 0.945122, 0, 0.250566, 0.615278, 0.829288, 0.570896, 0.69019, 0.300267, 0.252144, 0.500552], [0.247929, 0.432416, 0.00261, 0.660146, 0.11732, 0, 0.536966, 0.079025, 0.612625, 0.802847, 0.777022, 0.764615, 0.721772], [0.113564, 0.549889, 0.574102, 0.077958, 0.460492, 0.267796, 0, 0.101959, 0.075109, 0.966777, 0.376932, 0.287238, 0.304992], [0.344819, 0.891477, 0.634256, 0.79493, 0.96359, 0.636134, 0.157334, 0, 0.540543, 0.804177, 0.524762, 0.467845, 0.346062], [0.992019, 0.072378, 0.693492, 0.42737, 0.031795, 0.269487, 0.195602, 0.567202, 0, 0.347476, 0.288306, 0.852487, 0.701462], [0.258332, 0.5112, 0.100001, 0.438469, 0.14653, 0.750677, 0.14459, 0.95825, 0.80321, 0, 0.382876, 0.488988, 0.73605], [0.338977, 0.440636, 0.81096, 0.769507, 0.494539, 0.617962, 0.431828, 0.615518, 0.408166, 0.054469, 0, 0.69018, 0.302707], [0.980152, 0.880077, 0.784628, 0.216426, 0.268721, 0.125629, 0.274213, 0.184833, 0.701392, 0.23262, 0.243026, 0, 0.584714], [0.08063, 0.14759, 0.13946, 0.546648, 0.773236, 0.228342, 0.340128, 0.101212, 0.260583, 0.306017, 0.985188, 0.284472, 0]]}