{"v_num": 13, "mat": [[0, 0.833482, 0.988011, 0.934518, 0.454964, 0.111801, 0.614419, 0.903121, 0.302938, 0.207141, 0.354457, 0.937701, 0.280707], [0.673419, 0, 0.780448, 0.460841, 0.91332, 0.012987, 0.703786, 0.310952, 0.468191, 0.181504, 0.957821, 0.610613, 0.833327], [0.943323, 0.270376, 0, 0.21067, 0.025085, 0.96078, 0.879366, 0.208304, 0.777598, 0.597876, 0.502314, 0.70815, 0.392053], [0.658821, 0.094485, 0.117663, 0, 0.031996, 0.240164, 0.538001, 0.442427, 0.86011, 0.618028, 0.241156, 0.312881, 0.119224], [0.917697, 0.076509, 0.797258, 0.882406, 0, 0.579845, 0.457503, 0.545487, 0.598769, 0.76044, 0.004381, 0.645729, 0.905153], [0.648547, 0.407663, 0.540768, 0.36927, 0.587027, 0, 0.725688, 0.480019, 0.837761, 0.689634, 0.014128, 0.201858, 0.939775], [0.021041, 0.489675, 0.186553, 0.2589, 0.224982, 0.341648, 0, 0.265252, 0.310783, 0.841962, 0.89774, 0.412078, 0.948955], [0.102476, 0.011175, 0.95709, 0.113149, 0.405943, 0.978954, 0.485185, 0, 0.292963, 0.317943, 0.983592, 0.976937, 0.098411], [0.331458, 0.291797, 0.401155, 0.4749, 0.820948, 0.678162, 0.66822, 0.264016, 0, 0.982806, 0.555819, 0.175285, 0.760469], [0.884573, 0.003981, 0.404835, 0.67921, 0.924433, 0.041339, 0.152579, 0.587363, 0.436287, 0, 0.14709, 0.702685, 0.308879], [0.506822, 0.982458, 0.6287, 0.056186, 0.584029, 0.762119, 0.007015, 0.147792, 0.65438, 0.345894, 0, 0.117204, 0.441427], [0.159213, 0.668593, 0.400561, 0.413266, 0.943278, 0.935873, 0.101332, 0.864999, 0.418213, 0.383956, 0.077355, 0, 0.395652], [0.814425, 0.333354, 0.816977, 0.946504, 0.762102, 0.461688, 0.935881, 0.441088, 0.223819, 0.223879, 0.47283, 0.01104, 0]]}