{"v_num": 13, "mat": [[0, 0.741611, 0.224169, 0.454034, 0.005055, 0.932379, 0.56534, 0.954827, 0.003891, 0.992958, 0.525094, 0.359344, 0.41614], [0.772452, 0, 0.595743, 0.386371, 0.583717, 0.071194, 0.104563, 0.255269, 0.342461, 0.417717, 0.831229, 0.790012, 0.005941], [0.792526, 0.20483, 0, 0.518596, 0.827196, 0.509296, 0.219754, 0.694629, 0.189001, 0.242393, 0.413855, 0.367302, 0.63912], [0.257197, 0.009651, 0.730132, 0, 0.447579, 0.706071, 0.831688, 0.215306, 0.833746, 0.442193, 0.487264, 0.706791, 0.974541], [0.964513, 0.875858, 0.947086, 0.362024, 0, 0.226567, 0.46226, 0.799749, 0.335616, 0.059433, 0.057929, 0.065244, 0.07784], [0.164912, 0.496509, 0.708778, 0.007293, 0.194598, 0, 0.889724, 0.669276, 0.897553, 0.912507, 0.815798, 0.378809, 0.453641], [0.681343, 0.432002, 0.717753, 0.589173, 0.554501, 0.22669, 0, 0.36923, 0.299241, 0.921376, 0.503106, 0.926422, 0.926147], [0.291964, 0.262803, 0.680764, 0.418751, 0.995424, 0.768508, 0.527469, 0, 0.820572, 0.218367, 0.080339, 0.625319, 0.409994], [0.235303, 0.250579, 0.011423, 0.754464, 0.213272, 0.372072, 0.912896, 0.673173, 0, 0.308501, 0.640915, 0.775937, 0.384783], [0.140024, 0.043661, 0.771991, 0.635224, 0.892974, 0.328993, 0.693932, 0.717498, 0.005694, 0, 0.698897, 0.152938, 0.849639], [0.745349, 0.664428, 0.620157, 0.647901, 0.671497, 0.884679, 0.44398, 0.521215, 0.075426, 0.061706, 0, 0.162309, 0.853167], [0.714432, 0.298272, 0.56803, 0.523722, 0.157444, 0.00675, 0.149149, 0.641753, 0.138716, 0.556175, 0.477772, 0, 0.668371], [0.923234, 0.463956, 0.138678, 0.948552, 0.035962, 0.996229, 0.868992, 0.776006, 0.351244, 0.830299, 0.829, 0.28061, 0]]}