{"v_num": 13, "mat": [[0, 0.225931, 0.451913, 0.112282, 0.815447, 0.501553, 0.366383, 0.997387, 0.747702, 0.585086, 0.930596, 0.195089, 0.494515], [0.954087, 0, 0.076586, 0.849339, 0.900926, 0.21915, 0.996373, 0.503333, 0.13594, 0.432236, 0.582571, 0.310715, 0.019532], [0.817393, 0.47345, 0, 0.813784, 0.291237, 0.861973, 0.632928, 0.454854, 0.430729, 0.72942, 0.770155, 0.679247, 0.941289], [0.851682, 0.801451, 0.912661, 0, 0.763934, 0.850043, 0.965326, 0.836098, 0.331457, 0.231674, 0.127072, 0.108769, 0.748843], [0.323276, 0.342526, 0.573151, 0.016378, 0, 0.943834, 0.153639, 0.487681, 0.374019, 0.405615, 0.281495, 0.755602, 0.217729], [0.356808, 0.267721, 0.953863, 0.699712, 0.797748, 0, 0.894294, 0.177796, 0.338791, 0.444804, 0.951741, 0.743815, 0.389624], [0.653666, 0.881459, 0.526947, 0.312464, 0.948539, 0.852819, 0, 0.764011, 0.57154, 0.262288, 0.690189, 0.578151, 0.33272], [0.825096, 0.381828, 0.346159, 0.139215, 0.481852, 0.154351, 0.995427, 0, 0.357724, 0.787413, 0.36191, 0.012605, 0.690641], [0.232237, 0.742765, 0.06621, 0.068363, 0.394134, 0.666206, 0.076523, 0.787888, 0, 0.689007, 0.770601, 0.304665, 0.373652], [0.00725, 0.667702, 0.232285, 0.41948, 0.546821, 0.193367, 0.930417, 0.984007, 0.762567, 0, 0.274695, 0.15289, 0.18371], [0.611533, 0.866143, 0.325145, 0.776447, 0.088633, 0.940778, 0.531106, 0.636698, 0.110215, 0.221782, 0, 0.095833, 0.918986], [0.886758, 0.541575, 0.317208, 0.92346, 0.779619, 0.433666, 0.432429, 0.637221, 0.783091, 0.025273, 0.225518, 0, 0.177423], [0.134877, 0.300504, 0.405555, 0.952819, 0.092684, 0.254244, 0.504599, 0.442309, 0.675978, 0.800518, 0.50748, 0.396548, 0]]}