{"v_num": 13, "mat": [[0, 0.648416, 0.909608, 0.382945, 0.941215, 0.500728, 0.581835, 0.625224, 0.670387, 0.427488, 0.179057, 0.091645, 0.735973], [0.208321, 0, 0.556701, 0.556092, 0.813847, 0.275456, 0.107902, 0.414751, 0.299556, 0.233896, 0.050748, 0.104648, 0.1474], [0.985022, 0.348777, 0, 0.025071, 0.289977, 0.256479, 0.933067, 0.718489, 0.208581, 0.415572, 0.281198, 0.766478, 0.167574], [0.790104, 0.115542, 0.516188, 0, 0.158502, 0.458868, 0.22238, 0.568147, 0.697603, 0.923288, 0.323988, 0.419138, 0.658857], [0.834606, 0.171348, 0.427318, 0.093086, 0, 0.805827, 0.579268, 0.969885, 0.445549, 0.763092, 0.084687, 0.173436, 0.964969], [0.195336, 0.023355, 0.667047, 0.572317, 0.996857, 0, 0.818175, 0.27859, 0.992069, 0.678952, 0.000908, 0.313559, 0.187773], [0.0234, 0.589055, 0.675579, 0.94856, 0.266547, 0.211768, 0, 0.226798, 0.257643, 0.889684, 0.680248, 0.942847, 0.490457], [0.911341, 0.40047, 0.778358, 0.578358, 0.975018, 0.719554, 0.296138, 0, 0.277188, 0.617731, 0.228679, 0.006275, 0.821632], [0.89991, 0.438042, 0.517607, 0.215767, 0.162818, 0.486494, 0.418427, 0.254883, 0, 0.206676, 0.515121, 0.173652, 0.394968], [0.686906, 0.349381, 0.456332, 0.714794, 0.239192, 0.755683, 0.886372, 0.9656, 0.716393, 0, 0.301464, 0.327664, 0.667307], [0.650278, 0.539177, 0.078103, 0.918849, 0.759628, 0.260104, 0.977128, 0.639512, 0.597861, 0.842463, 0, 0.539825, 0.004432], [0.060278, 0.398857, 0.725995, 0.202153, 0.059661, 0.165569, 0.23062, 0.348543, 0.279922, 0.726898, 0.412872, 0, 0.6707], [0.963274, 0.19846, 0.743079, 0.357811, 0.64507, 0.853918, 0.067688, 0.97693, 0.254853, 0.496248, 0.701975, 0.004294, 0]]}