{"v_num": 13, "mat": [[0, 0.39117, 0.992476, 0.186107, 0.846844, 0.355007, 0.565874, 0.959801, 0.280265, 0.225918, 0.358924, 0.093316, 0.139397], [0.932366, 0, 0.083138, 0.561344, 0.81024, 0.480538, 0.774167, 0.514321, 0.809413, 0.31924, 0.105649, 0.857245, 0.15232], [0.981198, 0.291362, 0, 0.461922, 0.316197, 0.175839, 0.142907, 0.105951, 0.847016, 0.249983, 0.811806, 0.919576, 0.609633], [0.173963, 0.689404, 0.964913, 0, 0.623282, 0.860039, 0.069125, 0.836302, 0.859979, 0.348049, 0.097003, 0.992958, 0.903333], [0.765417, 0.538016, 0.473848, 0.441661, 0, 0.625653, 0.273932, 0.356633, 0.130296, 0.740856, 0.31921, 0.280413, 0.932352], [0.627642, 0.040709, 0.683698, 0.99214, 0.352818, 0, 0.796109, 0.744231, 0.62119, 0.054128, 0.903965, 0.162091, 0.507594], [0.445727, 0.059713, 0.734883, 0.471565, 0.724273, 0.279147, 0, 0.88881, 0.260234, 0.61887, 0.487711, 0.246812, 0.121766], [0.630917, 0.152315, 0.063058, 0.837072, 0.632035, 0.596395, 0.373425, 0, 0.406712, 0.426073, 0.090097, 0.950811, 0.886058], [0.558243, 0.192246, 0.093502, 0.992464, 0.52477, 0.272821, 0.272881, 0.489456, 0, 0.342302, 0.385169, 0.74695, 0.892395], [0.613013, 0.942493, 0.277975, 0.990286, 0.851713, 0.410877, 0.12514, 0.31732, 0.152772, 0, 0.41063, 0.552994, 0.886313], [0.241794, 0.205155, 0.0404, 0.463645, 0.167826, 0.185676, 0.873807, 0.019926, 0.821947, 0.362155, 0, 0.723117, 0.939433], [0.454326, 0.189453, 0.015898, 0.420993, 0.961694, 0.890216, 0.700402, 0.247438, 0.896181, 0.78253, 0.219928, 0, 0.356814], [0.284284, 0.625693, 0.428276, 0.937755, 0.039221, 0.487905, 0.918164, 0.807291, 0.247129, 0.228958, 0.472327, 0.991559, 0]]}