{"v_num": 13, "mat": [[0, 0.661088, 0.00962, 0.332491, 0.700692, 0.929282, 0.654025, 0.54493, 0.056398, 0.880653, 0.716613, 0.503586, 0.876677], [0.187929, 0, 0.424585, 0.297103, 0.237211, 0.835257, 0.115398, 0.183862, 0.563161, 0.210191, 0.402957, 0.973857, 0.083553], [0.564745, 0.386033, 0, 0.971865, 0.115087, 0.95901, 0.374854, 0.367544, 0.943321, 0.136009, 0.509973, 0.404357, 0.816762], [0.306967, 0.234105, 0.604815, 0, 0.899837, 0.720594, 0.014354, 0.571167, 0.539685, 0.293042, 0.245807, 0.03664, 0.017404], [0.068732, 0.415425, 0.894627, 0.793126, 0, 0.197787, 0.457041, 0.58761, 0.379872, 0.455648, 0.99142, 0.770069, 0.399681], [0.017785, 0.250025, 0.93535, 0.266306, 0.423898, 0, 0.823642, 0.982317, 0.248073, 0.007261, 0.730964, 0.515912, 0.091837], [0.889931, 0.357686, 0.028729, 0.250213, 0.4282, 0.761292, 0, 0.835735, 0.042647, 0.587984, 0.420206, 0.977107, 0.237252], [0.800675, 0.314598, 0.52836, 0.458296, 0.262079, 0.282554, 0.176428, 0, 0.684503, 0.755824, 0.884367, 0.245026, 0.578235], [0.146237, 0.723481, 0.136464, 0.17316, 0.614393, 0.245177, 0.816867, 0.061355, 0, 0.073579, 0.804839, 0.19395, 0.216015], [0.255544, 0.519487, 0.786405, 0.255551, 0.408739, 0.192803, 0.586306, 0.222184, 0.935985, 0, 0.618964, 0.002551, 0.149146], [0.295784, 0.943407, 0.629798, 0.21031, 0.488329, 0.013579, 0.01207, 0.614379, 0.591243, 0.752656, 0, 0.386707, 0.024616], [0.462956, 0.186476, 0.774472, 0.101363, 0.353548, 0.917573, 0.363289, 0.28889, 0.431352, 0.646206, 0.534983, 0, 0.035776], [0.396465, 0.709707, 0.748324, 0.114654, 0.407553, 0.199559, 0.525885, 0.513191, 0.990502, 0.712348, 0.18812, 0.463353, 0]]}