{"v_num": 13, "mat": [[0, 0.738174, 0.54691, 0.04288, 0.812427, 0.942819, 0.2955, 0.137447, 0.540126, 0.754745, 0.627363, 0.116735, 0.177364], [0.20165, 0, 0.938397, 0.459993, 0.506963, 0.97116, 0.25727, 0.932488, 0.743555, 0.368319, 0.624905, 0.625428, 0.806206], [0.427216, 0.562963, 0, 0.901783, 0.910249, 0.987282, 0.509634, 0.812321, 0.309196, 0.70921, 0.133891, 0.104006, 0.563346], [0.250609, 0.684925, 0.023871, 0, 0.769716, 0.240067, 0.592997, 0.776903, 0.358542, 0.092201, 0.64275, 0.215634, 0.313937], [0.826901, 0.169471, 0.801533, 0.388552, 0, 0.701657, 0.166954, 0.251035, 0.562877, 0.572452, 0.986451, 0.554475, 0.879193], [0.01213, 0.796892, 0.468464, 0.764964, 0.828364, 0, 0.336299, 0.18984, 0.175113, 0.58748, 0.771662, 0.478725, 0.184886], [0.830764, 0.946662, 0.359353, 0.930749, 0.087654, 0.042961, 0, 0.816828, 0.821659, 0.505039, 0.050164, 0.344221, 0.039387], [0.238695, 0.556141, 0.224055, 0.472357, 0.933835, 0.00626, 0.394389, 0, 0.823018, 0.719199, 0.286146, 0.91456, 0.392501], [0.51747, 0.374603, 0.125323, 0.654145, 0.485898, 0.341771, 0.298012, 0.923597, 0, 0.932642, 0.526502, 0.644737, 0.049867], [0.557049, 0.355668, 0.783315, 0.632322, 0.952215, 0.980061, 0.640501, 0.975537, 0.185571, 0, 0.367601, 0.477633, 0.711378], [0.408753, 0.986164, 0.592527, 0.166064, 0.870354, 0.455807, 0.325221, 0.008952, 0.830669, 0.764754, 0, 0.3886, 0.952702], [0.814051, 0.611995, 0.01274, 0.33957, 0.598413, 0.319778, 0.601144, 0.841326, 0.785701, 0.823045, 0.61167, 0, 0.487181], [0.074196, 0.746482, 0.277133, 0.675445, 0.592727, 0.191295, 0.951628, 0.091501, 0.353744, 0.975321, 0.939513, 0.474054, 0]]}