{"v_num": 13, "mat": [[0, 0.844506, 0.766693, 0.91766, 0.359831, 0.716972, 0.038477, 0.2212, 0.836821, 0.948148, 0.69941, 0.521724, 0.968376], [0.273916, 0, 0.952874, 0.328271, 0.96845, 0.743954, 0.246022, 0.604723, 0.861038, 0.817566, 0.502669, 0.839117, 0.795791], [0.638878, 0.729167, 0, 0.009296, 0.66446, 0.086272, 0.336964, 0.909619, 0.474248, 0.863087, 0.246446, 0.009642, 0.030801], [0.403692, 0.982702, 0.059131, 0, 0.185086, 0.540866, 0.771277, 0.072631, 0.499948, 0.551286, 0.919102, 0.371588, 0.027866], [0.689904, 0.288985, 0.299674, 0.140616, 0, 0.736549, 0.726009, 0.619375, 0.777647, 0.934621, 0.448222, 0.358063, 0.686152], [0.860476, 0.045435, 0.959821, 0.534531, 0.29081, 0, 0.129973, 0.1059, 0.720396, 0.498826, 0.574887, 0.538272, 0.575092], [0.821028, 0.192969, 0.56534, 0.882688, 0.224023, 0.561748, 0, 0.187687, 0.482935, 0.10726, 0.181723, 0.954655, 0.358013], [0.355711, 0.443677, 0.498257, 0.830888, 0.378951, 0.44238, 0.474527, 0, 0.198268, 0.258845, 0.379275, 0.128579, 0.183667], [0.710201, 0.20056, 0.533775, 0.378131, 0.108556, 0.177446, 0.545257, 0.856519, 0, 0.357374, 0.883387, 0.710416, 0.155737], [0.437973, 0.139062, 0.577609, 0.993568, 0.77185, 0.021667, 0.63563, 0.891358, 0.365381, 0, 0.233998, 0.195268, 0.689041], [0.255671, 0.485098, 0.949356, 0.280395, 0.189247, 0.511127, 0.460016, 0.760281, 0.451849, 0.814577, 0, 0.603466, 0.166211], [0.851388, 0.096013, 0.393294, 0.742573, 0.44988, 0.787506, 0.317932, 0.407892, 0.298124, 0.031772, 0.333795, 0, 0.402842], [0.498744, 0.964066, 0.225374, 0.360245, 0.888824, 0.213582, 0.259306, 0.07416, 0.525304, 0.439789, 0.48977, 0.020263, 0]]}