{"v_num": 13, "mat": [[0, 0.563569, 0.975277, 0.03664, 0.693355, 0.501993, 0.009316, 0.099692, 0.98761, 0.995131, 0.323594, 0.259466, 0.251455], [0.702026, 0, 0.249435, 0.975093, 0.424967, 0.380692, 0.380905, 0.817055, 0.226558, 0.30929, 0.83986, 0.247137, 0.106497], [0.056164, 0.729723, 0, 0.233384, 0.427585, 0.608809, 0.307509, 0.83518, 0.275854, 0.165109, 0.470299, 0.81496, 0.728407], [0.748545, 0.38215, 0.989859, 0, 0.595023, 0.116801, 0.78439, 0.813524, 0.556561, 0.586645, 0.216753, 0.853615, 0.626453], [0.927603, 0.208104, 0.804073, 0.56288, 0, 0.247977, 0.703754, 0.214233, 0.6497, 0.368615, 0.919805, 0.952309, 0.715965], [0.392385, 0.194846, 0.404123, 0.743025, 0.579488, 0, 0.956422, 0.104103, 0.36328, 0.111043, 0.097442, 0.127564, 0.190956], [0.769583, 0.660421, 0.922652, 0.32389, 0.550397, 0.883829, 0, 0.846452, 0.596551, 0.863012, 0.533713, 0.928318, 0.352051], [0.139919, 0.774951, 0.038286, 0.49596, 0.896289, 0.763559, 0.824615, 0, 0.323433, 0.578733, 0.738353, 0.473184, 0.97087], [0.213152, 0.536454, 0.166148, 0.717937, 0.129828, 0.821588, 0.747085, 0.199149, 0, 0.859764, 0.426998, 0.403295, 0.754306], [0.102002, 0.542027, 0.408858, 0.786186, 0.175835, 0.639769, 0.372795, 0.343249, 0.673868, 0, 0.447155, 0.495623, 0.026776], [0.241773, 0.541622, 0.107125, 0.089087, 0.181369, 0.112046, 0.121436, 0.797962, 0.542643, 0.725352, 0, 0.51016, 0.535699], [0.616824, 0.309046, 0.254238, 0.949005, 0.435149, 0.612233, 0.827285, 0.653395, 0.972357, 0.518698, 0.55717, 0, 0.151333], [0.998996, 0.838873, 0.400452, 0.311067, 0.639518, 0.676989, 0.575728, 0.693454, 0.680657, 0.442693, 0.552824, 0.371676, 0]]}