{"v_num": 13, "mat": [[0, 0.149522, 0.792312, 0.735711, 0.859214, 0.111304, 0.064094, 0.665645, 0.700378, 0.406042, 0.152471, 0.182346, 0.387211], [0.180269, 0, 0.036994, 0.388804, 0.719342, 0.228129, 0.087501, 0.711265, 0.83532, 0.68175, 0.527023, 0.134166, 0.422225], [0.120256, 0.889197, 0, 0.448525, 0.42963, 0.922656, 0.047931, 0.714444, 0.522448, 0.226803, 0.552212, 0.533471, 0.186292], [0.942865, 0.633923, 0.413917, 0, 0.815208, 0.193817, 0.109475, 0.344945, 0.814459, 0.511932, 0.63797, 0.373191, 0.678124], [0.584181, 0.78501, 0.740992, 0.112163, 0, 0.45826, 0.744896, 0.716628, 0.493889, 0.369516, 0.454079, 0.822303, 0.384262], [0.793392, 0.328324, 0.090471, 0.29502, 0.230799, 0, 0.914538, 0.297651, 0.470934, 0.799649, 0.768836, 0.713401, 0.572097], [0.454973, 0.722325, 0.936441, 0.088175, 0.662196, 0.480192, 0, 0.105451, 0.232135, 0.694461, 0.10678, 0.932171, 0.563121], [0.318539, 0.676608, 0.577678, 0.48706, 0.840942, 0.259104, 0.478554, 0, 0.666983, 0.01353, 0.560404, 0.864764, 0.615454], [0.922296, 0.358821, 0.967189, 0.152513, 0.382436, 0.371134, 0.407457, 0.852405, 0, 0.320389, 0.708084, 0.248838, 0.107879], [0.456885, 0.402464, 0.324175, 0.947229, 0.424632, 0.625312, 0.733068, 0.602899, 0.395773, 0, 0.048431, 0.485551, 0.746953], [0.303039, 0.034795, 0.924919, 0.53679, 0.929447, 0.283048, 0.230478, 0.221439, 0.84179, 0.628117, 0, 0.818723, 0.139356], [0.873605, 0.363566, 0.504882, 0.362208, 0.543374, 0.864317, 0.993598, 0.469623, 0.781909, 0.016094, 0.647112, 0, 0.371072], [0.620067, 0.484403, 0.169333, 0.869514, 0.784947, 0.631534, 0.020228, 0.485349, 0.893242, 0.833997, 0.271593, 0.790777, 0]]}