{"v_num": 13, "mat": [[0, 0.446434, 0.187521, 0.369911, 0.345534, 0.863161, 0.50955, 0.295863, 0.738304, 0.158436, 0.011024, 0.674339, 0.889004], [0.818047, 0, 0.426459, 0.058328, 0.15757, 0.080588, 0.096833, 0.220798, 0.348804, 0.223598, 0.969646, 0.716419, 0.231708], [0.487681, 0.009721, 0, 0.298009, 0.41836, 0.719322, 0.195827, 0.589754, 0.326527, 0.432618, 0.562185, 0.342352, 0.940593], [0.825662, 0.849821, 0.884866, 0, 0.468409, 0.293094, 0.188453, 0.793002, 0.752623, 0.535104, 0.21, 0.944618, 0.671089], [0.120675, 0.860152, 0.422965, 0.522054, 0, 0.13131, 0.892821, 0.857355, 0.953125, 0.04804, 0.723058, 0.78369, 0.619236], [0.190024, 0.222843, 0.12738, 0.62311, 0.875574, 0, 0.806001, 0.876514, 0.65884, 0.597271, 0.017711, 0.079342, 0.279804], [0.396334, 0.246692, 0.857087, 0.663387, 0.20118, 0.331834, 0, 0.408439, 0.617794, 0.35887, 0.848783, 0.437812, 0.222198], [0.555496, 0.390983, 0.540763, 0.884058, 0.656627, 0.973763, 0.76235, 0, 0.663506, 0.329791, 0.791717, 0.155924, 0.077511], [0.973531, 0.84119, 0.35091, 0.02253, 0.873045, 0.593921, 0.896511, 0.77851, 0, 0.975699, 0.842479, 0.394398, 0.078603], [0.65748, 0.022319, 0.230188, 0.519698, 0.434452, 0.261243, 0.166375, 0.62211, 0.625163, 0, 0.090838, 0.160198, 0.220518], [0.53608, 0.161468, 0.752617, 0.043086, 0.138315, 0.399806, 0.296826, 0.161398, 0.122884, 0.614749, 0, 0.904959, 0.401383], [0.43347, 0.270288, 0.74922, 0.37698, 0.679228, 0.283472, 0.279953, 0.472054, 0.644954, 0.928667, 0.064485, 0, 0.455154], [0.758386, 0.853341, 0.482286, 0.743716, 0.308351, 0.758426, 0.497254, 0.836808, 0.675276, 0.994743, 0.462077, 0.73355, 0]]}