{"v_num": 13, "mat": [[0, 0.910827, 0.517791, 0.593234, 0.20423, 0.056856, 0.689308, 0.621207, 0.773258, 0.154, 0.266025, 0.004832, 0.896609], [0.245308, 0, 0.734275, 0.604808, 0.952996, 0.037494, 0.576401, 0.974149, 0.890144, 0.196312, 0.68788, 0.958386, 0.406924], [0.913086, 0.33704, 0, 0.10424, 0.788915, 0.000358, 0.725223, 0.05584, 0.139915, 0.178269, 0.785244, 0.801601, 0.701909], [0.317998, 0.720992, 0.374423, 0, 0.595615, 0.590665, 0.467227, 0.004789, 0.836221, 0.310797, 0.922347, 0.481356, 0.27935], [0.577844, 0.690203, 0.926314, 0.408873, 0, 0.294079, 0.782768, 0.242297, 0.642009, 0.611474, 0.322752, 0.554818, 0.634616], [0.60652, 0.798078, 0.149165, 0.814698, 0.157896, 0, 0.996373, 0.02561, 0.773229, 0.791063, 0.459409, 0.293675, 0.105788], [0.781986, 0.065907, 0.947873, 0.686571, 0.022912, 0.560339, 0, 0.501166, 0.693109, 0.522639, 0.365615, 0.207443, 0.757776], [0.234962, 0.083036, 0.980016, 0.549183, 0.581597, 0.969885, 0.755271, 0, 0.961392, 0.051097, 0.290238, 0.000451, 0.091661], [0.28355, 0.007145, 0.204944, 0.570939, 0.347873, 0.593787, 0.340765, 0.824975, 0, 0.184578, 0.336631, 0.684173, 0.01649], [0.024911, 0.011621, 0.977715, 0.437676, 0.150252, 0.540932, 0.955737, 0.672835, 0.395368, 0, 0.325412, 0.917619, 0.679643], [0.8939, 0.590838, 0.494898, 0.455225, 0.859646, 0.013359, 0.861164, 0.882081, 0.321922, 0.587164, 0, 0.754877, 0.029888], [0.332028, 0.630416, 0.939386, 0.220899, 0.826116, 0.379564, 0.815682, 0.069373, 0.007297, 0.285251, 0.929196, 0, 0.743211], [0.988277, 0.651276, 0.118814, 0.262569, 0.362976, 0.271022, 0.267295, 0.064367, 0.022073, 0.54368, 0.18298, 0.329126, 0]]}