{"v_num": 13, "mat": [[0, 0.252025, 0.948083, 0.498863, 0.102955, 0.815614, 0.511256, 0.189343, 0.024729, 0.091689, 0.089227, 0.588497, 0.490876], [0.788176, 0, 0.181897, 0.77366, 0.48436, 0.490303, 0.103956, 0.303239, 0.919022, 0.738966, 0.387503, 0.19343, 0.204048], [0.330415, 0.28271, 0, 0.419906, 0.522021, 0.676592, 0.658013, 0.692909, 0.928623, 0.485002, 0.70477, 0.214465, 0.644568], [0.351175, 0.928038, 0.769621, 0, 0.094955, 0.672552, 0.843949, 0.443247, 0.838245, 0.787065, 0.049978, 0.866982, 0.698237], [0.020562, 0.673718, 0.754342, 0.565397, 0, 0.45331, 0.392432, 0.76413, 0.434136, 0.528173, 0.71242, 0.780409, 0.466016], [0.825651, 0.698308, 0.546913, 0.899688, 0.124442, 0, 0.369147, 0.568051, 0.779622, 0.647743, 0.026527, 0.416204, 0.165897], [0.004284, 0.033097, 0.397014, 0.733514, 0.570271, 0.002752, 0, 0.099339, 0.670598, 0.399657, 0.450315, 0.147973, 0.586173], [0.537652, 0.527496, 0.208616, 0.453203, 0.982221, 0.861519, 0.696678, 0, 0.941328, 0.586708, 0.86535, 0.503038, 0.212983], [0.642698, 0.821712, 0.903939, 0.569563, 0.887963, 0.724386, 0.135442, 0.773044, 0, 0.172596, 0.119347, 0.941891, 0.66275], [0.557602, 0.20357, 0.540716, 0.473572, 0.568875, 0.578103, 0.920886, 0.905738, 0.50823, 0, 0.65297, 0.694103, 0.955143], [0.758079, 0.926628, 0.711363, 0.117117, 0.982148, 0.523673, 0.0852, 0.50924, 0.911134, 0.863126, 0, 0.356789, 0.571587], [0.538354, 0.798691, 0.665072, 0.881572, 0.166267, 0.453567, 0.940811, 0.998076, 0.980002, 0.008934, 0.581564, 0, 0.438818], [0.777173, 0.216303, 0.859553, 0.794135, 0.020123, 0.020086, 0.16197, 0.165555, 0.835709, 0.424441, 0.094724, 0.497554, 0]]}