{"v_num": 13, "mat": [[0, 0.859698, 0.716124, 0.959116, 0.528724, 0.931166, 0.096851, 0.496781, 0.694721, 0.668095, 0.881939, 0.54377, 0.16695], [0.038063, 0, 0.102768, 0.233919, 0.221357, 0.32483, 0.397185, 0.016413, 0.241735, 0.037842, 0.790875, 0.022776, 0.881748], [0.827243, 0.446032, 0, 0.812945, 0.683727, 0.743067, 0.444204, 0.878708, 0.528478, 0.022832, 0.346878, 0.87053, 0.486419], [0.046291, 0.404965, 0.052155, 0, 0.302289, 0.990431, 0.140937, 0.623, 0.881495, 0.185692, 0.959296, 0.943863, 0.698567], [0.605029, 0.947803, 0.168684, 0.971581, 0, 0.746243, 0.807618, 0.954533, 0.008849, 0.18126, 0.174984, 0.675703, 0.818696], [0.121066, 0.162349, 0.779201, 0.202135, 0.984588, 0, 0.756576, 0.362538, 0.973972, 0.439188, 0.405437, 0.578732, 0.966619], [0.397189, 0.342684, 0.232466, 0.589054, 0.910957, 0.159673, 0, 0.101735, 0.857861, 0.094154, 0.343303, 0.884512, 0.542412], [0.470585, 0.193677, 0.559012, 0.139154, 0.323502, 0.729377, 0.891242, 0, 0.001256, 0.827243, 0.524322, 0.501712, 0.58519], [0.711789, 0.885277, 0.60095, 0.85425, 0.04912, 0.719402, 0.672586, 0.62383, 0, 0.084238, 0.942139, 0.663143, 0.94341], [0.220415, 0.818912, 0.777485, 0.935015, 0.541085, 0.636379, 0.475764, 0.65039, 0.274422, 0, 0.386219, 0.935318, 0.019807], [0.111266, 0.94965, 0.101801, 0.915172, 0.060369, 0.885642, 0.434132, 0.87779, 0.82954, 0.259653, 0, 0.618818, 0.694155], [0.213045, 0.476011, 0.764589, 0.348336, 0.597795, 0.081686, 0.411473, 0.862431, 0.471822, 0.955071, 0.337837, 0, 0.506434], [0.058725, 0.196263, 0.270333, 0.382221, 0.997097, 0.415502, 0.775485, 0.996932, 0.145936, 0.308226, 0.064005, 0.148221, 0]]}