{"v_num": 13, "mat": [[0, 0.096503, 0.280722, 0.854215, 0.456722, 0.322671, 0.149099, 0.319995, 0.277776, 0.653026, 0.172496, 0.849777, 0.908916], [0.023245, 0, 0.523063, 0.156211, 0.700143, 0.623995, 0.482512, 0.078024, 0.42071, 0.613592, 0.20051, 0.824741, 0.818524], [0.22586, 0.032958, 0, 0.556209, 0.053792, 0.716315, 0.894679, 0.211065, 0.13896, 0.704758, 0.905536, 0.425642, 0.194893], [0.676038, 0.872602, 0.461565, 0, 0.475728, 0.198171, 0.486852, 0.085265, 0.829061, 0.58777, 0.977702, 0.755169, 0.924908], [0.921549, 0.192807, 0.978544, 0.152162, 0, 0.099705, 0.097739, 0.979876, 0.351983, 0.329672, 0.808869, 0.546953, 0.325026], [0.590304, 0.396055, 0.967383, 0.303951, 0.566503, 0, 0.702812, 0.912796, 0.542341, 0.258804, 0.686587, 0.977719, 0.592172], [0.639736, 0.089999, 0.843144, 0.110608, 0.004407, 0.01983, 0, 0.109408, 0.848253, 0.398882, 0.403777, 0.445577, 0.375075], [0.410974, 0.193829, 0.042607, 0.900895, 0.756973, 0.802716, 0.850767, 0, 0.055388, 0.368526, 0.737, 0.98781, 0.043016], [0.119392, 0.105942, 0.10105, 0.06185, 0.661722, 0.720318, 0.026618, 0.220696, 0, 0.979116, 0.34273, 0.638549, 0.104046], [0.626634, 0.961415, 0.272976, 0.021781, 0.823795, 0.032824, 0.832614, 0.594648, 0.43422, 0, 0.530736, 0.07464, 0.5153], [0.947452, 0.765253, 0.568608, 0.717557, 0.266067, 0.602471, 0.493561, 0.457794, 0.721903, 0.752805, 0, 0.539284, 0.594953], [0.891913, 0.822568, 0.86881, 0.068628, 0.348924, 0.64365, 0.628934, 0.983991, 0.39816, 0.422109, 0.395205, 0, 0.525597], [0.103486, 0.099686, 0.164614, 0.435861, 0.216358, 0.848578, 0.166181, 0.594252, 0.960409, 0.185128, 0.40837, 0.65668, 0]]}