{"v_num": 13, "mat": [[0, 0.61503, 0.008057, 0.114027, 0.115613, 0.402355, 0.854133, 0.883989, 0.575731, 0.719273, 0.691971, 0.877279, 0.292739], [0.886727, 0, 0.155516, 0.222495, 0.518826, 0.091767, 0.536298, 0.145366, 0.482627, 0.550984, 0.884111, 0.261661, 0.215204], [0.236217, 0.880749, 0, 0.850063, 0.260974, 0.415701, 0.98732, 0.759561, 0.512244, 0.754002, 0.009542, 0.522344, 0.583097], [0.41483, 0.25675, 0.780189, 0, 0.194721, 0.299878, 0.196202, 0.84686, 0.529773, 0.114277, 0.360398, 0.584216, 0.012787], [0.111877, 0.061499, 0.627449, 0.468125, 0, 0.856086, 0.580092, 0.828816, 0.49349, 0.937531, 0.735555, 0.904676, 0.537727], [0.277506, 0.260849, 0.562699, 0.417549, 0.835709, 0, 0.954649, 0.555163, 0.367084, 0.691877, 0.296709, 0.466379, 0.585297], [0.942652, 0.292722, 0.164486, 0.867335, 0.357602, 0.149528, 0, 0.720257, 0.45394, 0.336712, 0.6862, 0.878214, 0.974565], [0.088859, 0.523164, 0.970965, 0.503211, 0.43352, 0.573163, 0.63768, 0, 0.068077, 0.140831, 0.402805, 0.666623, 0.960111], [0.040122, 0.969584, 0.011248, 0.75627, 0.565122, 0.091844, 0.114687, 0.389938, 0, 0.560315, 0.312882, 0.581388, 0.967925], [0.839058, 0.695879, 0.027167, 0.366647, 0.377841, 0.487623, 0.215534, 0.58653, 0.255216, 0, 0.098968, 0.077329, 0.957161], [0.217842, 0.575971, 0.912564, 0.022986, 0.168679, 0.354391, 0.829612, 0.96241, 0.861561, 0.629154, 0, 0.039203, 0.035474], [0.178993, 0.79717, 0.787983, 0.879602, 0.691667, 0.297432, 0.998523, 0.411529, 0.583364, 0.737282, 0.682981, 0, 0.278196], [0.772638, 0.390995, 0.093157, 0.501212, 0.25407, 0.080386, 0.93935, 0.615254, 0.703121, 0.774852, 0.046862, 0.232491, 0]]}