{"v_num": 13, "mat": [[0, 0.538368, 0.682152, 0.824557, 0.855817, 0.71998, 0.298188, 0.467207, 0.013485, 0.432312, 0.036091, 0.516692, 0.371938], [0.981819, 0, 0.787254, 0.605186, 0.470317, 0.244746, 0.952987, 0.938435, 0.326145, 0.78157, 0.861951, 0.452079, 0.858885], [0.728827, 0.888756, 0, 0.446807, 0.381138, 0.619866, 0.978032, 0.680832, 0.874301, 0.105495, 0.351138, 0.496929, 0.807703], [0.132093, 0.589756, 0.284171, 0, 0.217096, 0.692267, 0.946429, 0.783321, 0.609278, 0.947783, 0.471584, 0.582443, 0.628854], [0.176858, 0.845647, 0.36922, 0.491264, 0, 0.660673, 0.322899, 0.37169, 0.417716, 0.093012, 0.300531, 0.046928, 0.336409], [0.751097, 0.481566, 0.061709, 0.983026, 0.233435, 0, 0.779258, 0.417081, 0.046579, 0.455273, 0.909575, 0.141982, 0.466792], [0.545014, 0.756264, 0.468979, 0.250807, 0.252206, 0.040395, 0, 0.272737, 0.240267, 0.378429, 0.643114, 0.626031, 0.932063], [0.471908, 0.535966, 0.715988, 0.709864, 0.745599, 0.137066, 0.018544, 0, 0.750183, 0.607065, 0.476293, 0.363064, 0.061308], [0.939381, 0.876729, 0.490501, 0.60782, 0.457009, 0.45993, 0.432449, 0.369687, 0, 0.549894, 0.996098, 0.914259, 0.497825], [0.776145, 0.301914, 0.24149, 0.049555, 0.73612, 0.206708, 0.459274, 0.885811, 0.486341, 0, 0.990189, 0.782571, 0.245559], [0.478668, 0.171652, 0.509299, 0.698013, 0.779031, 0.483175, 0.263813, 0.394428, 0.61484, 0.842439, 0, 0.476821, 0.725513], [0.733531, 0.661684, 0.010864, 0.365632, 0.725676, 0.649305, 0.83302, 0.952056, 0.951385, 0.122547, 0.633142, 0, 0.208527], [0.908249, 0.105069, 0.160787, 0.284094, 0.333703, 0.89581, 0.45834, 0.332171, 0.684774, 0.462085, 0.474852, 0.158771, 0]]}