{"v_num": 13, "mat": [[0, 0.675606, 0.143794, 0.478632, 0.489395, 0.52367, 0.170655, 0.510751, 0.398888, 0.189567, 0.264486, 0.366194, 0.329255], [0.033405, 0, 0.647288, 0.844668, 0.322977, 0.649084, 0.743742, 0.64367, 0.713828, 0.136443, 0.720462, 0.359597, 0.039509], [0.905567, 0.861609, 0, 0.402729, 0.284347, 0.27143, 0.852572, 0.442598, 0.027056, 0.021325, 0.956744, 0.521406, 0.868633], [0.992769, 0.687902, 0.252097, 0, 0.414758, 0.366297, 0.995982, 0.612893, 0.448705, 0.645736, 0.355568, 0.590913, 0.297212], [0.98259, 0.972102, 0.741954, 0.777039, 0, 0.578952, 0.981654, 0.672242, 0.87614, 0.368835, 0.235386, 0.297546, 0.794344], [0.379429, 0.681976, 0.664913, 0.688595, 0.676691, 0, 0.673463, 0.000118, 0.951061, 0.517079, 0.706876, 0.969037, 0.802396], [0.675098, 0.704513, 0.321039, 0.507314, 0.150505, 0.172323, 0, 0.267231, 0.644135, 0.426591, 0.466294, 0.339672, 0.903019], [0.735992, 0.689351, 0.122849, 0.019462, 0.285377, 0.622155, 0.068859, 0, 0.197988, 0.933953, 0.916702, 0.509551, 0.310172], [0.710135, 0.904662, 0.679692, 0.776669, 0.742471, 0.200585, 0.328723, 0.886667, 0, 0.66136, 0.711239, 0.680375, 0.901495], [0.989503, 0.672226, 0.231783, 0.212889, 0.63592, 0.476602, 0.293841, 0.769947, 0.449613, 0, 0.612061, 0.164887, 0.687425], [0.281579, 0.329298, 0.874007, 0.333118, 0.577265, 0.039559, 0.81908, 0.91766, 0.481099, 0.911965, 0, 0.80072, 0.807897], [0.999834, 0.057635, 0.795299, 0.402752, 0.330793, 0.842046, 0.035481, 0.763743, 0.14539, 0.028773, 0.857818, 0, 0.54313], [0.045511, 0.370269, 0.525619, 0.835216, 0.23834, 0.229929, 0.903542, 0.496461, 0.244856, 0.852292, 0.670051, 0.821978, 0]]}