{"v_num": 13, "mat": [[0, 0.89866, 0.980769, 0.181645, 0.155693, 0.599643, 0.905135, 0.120733, 0.401267, 0.852486, 0.310945, 0.208776, 0.666783], [0.391524, 0, 0.77687, 0.565612, 0.102168, 0.354915, 0.426417, 0.89213, 0.145347, 0.11107, 0.33412, 0.317464, 0.637373], [0.597252, 0.488875, 0, 0.097885, 0.324088, 0.388596, 0.398094, 0.960659, 0.54451, 0.165327, 0.472384, 0.557593, 0.056895], [0.342765, 0.489762, 0.378001, 0, 0.741837, 0.348619, 0.670556, 0.062583, 0.614049, 0.474609, 0.13223, 0.19734, 0.344904], [0.341878, 0.47541, 0.051122, 0.752054, 0, 0.266338, 0.43111, 0.814394, 0.146468, 0.489265, 0.469091, 0.089513, 0.102691], [0.141275, 0.663427, 0.339425, 0.169755, 0.788973, 0, 0.104661, 0.457047, 0.11025, 0.507891, 0.159221, 0.07064, 0.043205], [0.952544, 0.801312, 0.58462, 0.298937, 0.96251, 0.298196, 0, 0.673652, 0.181838, 0.533551, 0.598122, 0.868477, 0.772474], [0.032687, 0.755859, 0.143581, 0.653634, 0.481676, 0.30453, 0.752117, 0, 0.688877, 0.562126, 0.185813, 0.83907, 0.60573], [0.369688, 0.875979, 0.263947, 0.190728, 0.214088, 0.407865, 0.383696, 0.17004, 0, 0.783405, 0.161442, 0.715239, 0.440775], [0.086275, 0.949348, 0.721265, 0.493441, 0.956752, 0.224341, 0.736699, 0.707538, 0.0554, 0, 0.55787, 0.194087, 0.756364], [0.175494, 0.275622, 0.719844, 0.536574, 0.822877, 0.658359, 0.850269, 0.411375, 0.075482, 0.232271, 0, 0.84514, 0.727249], [0.386991, 0.911027, 0.997206, 0.989764, 0.362654, 0.205767, 0.387007, 0.461568, 0.26158, 0.511107, 0.337487, 0, 0.937386], [0.691472, 0.850539, 0.16578, 0.532669, 0.244879, 0.858141, 0.236292, 0.147262, 0.435689, 0.96837, 0.117095, 0.864881, 0]]}