{"v_num": 13, "mat": [[0, 0.465084, 0.143509, 0.102426, 0.286635, 0.120735, 0.84592, 0.436991, 0.673977, 0.179537, 0.481251, 0.32003, 0.897169], [0.433605, 0, 0.909446, 0.266187, 0.35667, 0.684065, 0.516152, 0.372008, 0.018179, 0.264269, 0.712898, 0.393305, 0.312785], [0.422933, 0.459266, 0, 0.454567, 0.603289, 0.277456, 0.32427, 0.105951, 0.277406, 0.267235, 0.989485, 0.846205, 0.0415], [0.64787, 0.257216, 0.704447, 0, 0.2789, 0.452682, 0.340407, 0.920817, 0.095801, 0.460908, 0.017782, 0.610951, 0.733067], [0.301399, 0.022437, 0.5208, 0.665322, 0, 0.828363, 0.73495, 0.982972, 0.810665, 0.407849, 0.022364, 0.292567, 0.333799], [0.158889, 0.026265, 0.747337, 0.08052, 0.777401, 0, 0.276855, 0.304604, 0.235766, 0.751135, 0.10885, 0.204393, 0.769709], [0.996694, 0.323411, 0.761184, 0.547987, 0.790872, 0.129263, 0, 0.624656, 0.084088, 0.461942, 0.376017, 0.526396, 0.002064], [0.890229, 0.229084, 0.976575, 0.828008, 0.887848, 0.582954, 0.241306, 0, 0.033239, 0.3993, 0.257919, 0.630495, 0.067884], [0.272225, 0.846464, 0.211218, 0.96194, 0.433522, 0.365787, 0.956717, 0.490875, 0, 0.612305, 0.632631, 0.477403, 0.772425], [0.413815, 0.967973, 0.435023, 0.370777, 0.661925, 0.010617, 0.484062, 0.682055, 0.229507, 0, 0.869685, 0.9212, 0.929696], [0.629709, 0.604509, 0.832149, 0.072796, 0.574468, 0.379333, 0.456462, 0.189723, 0.161591, 0.428805, 0, 0.441296, 0.424817], [0.435039, 0.418705, 0.654864, 0.531139, 0.782827, 0.862264, 0.896029, 0.130266, 0.078221, 0.090544, 0.845949, 0, 0.194079], [0.148299, 0.873985, 0.37478, 0.27491, 0.644521, 0.745623, 0.498466, 0.342464, 0.98565, 0.286077, 0.38299, 0.949551, 0]]}