{"v_num": 13, "mat": [[0, 0.066919, 0.424824, 0.724414, 0.658081, 0.662049, 0.895342, 0.92598, 0.821222, 0.045657, 0.327399, 0.217499, 0.536633], [0.277143, 0, 0.377526, 0.873516, 0.422396, 0.398765, 0.229074, 0.167111, 0.612449, 0.220134, 0.879496, 0.131543, 0.734873], [0.522724, 0.829551, 0, 0.052176, 0.162106, 0.287066, 0.593254, 0.382756, 0.018294, 0.708926, 0.626341, 0.242452, 0.262421], [0.873925, 0.490708, 0.609308, 0, 0.585234, 0.477667, 0.737256, 0.493953, 0.754456, 0.324599, 0.830289, 0.889589, 0.645838], [0.876269, 0.753053, 0.336992, 0.551237, 0, 0.247478, 0.248081, 0.141629, 0.331979, 0.225816, 0.746062, 0.045376, 0.526995], [0.069441, 0.08536, 0.106873, 0.134447, 0.917489, 0, 0.533674, 0.409572, 0.520139, 0.779419, 0.62292, 0.398074, 0.745879], [0.489058, 0.803465, 0.673071, 0.310703, 0.795395, 0.397047, 0, 0.918684, 0.785909, 0.625708, 0.15777, 0.024792, 0.459533], [0.360581, 0.235182, 0.839886, 0.828373, 0.795362, 0.332747, 0.938482, 0, 0.165058, 0.988631, 0.687712, 0.655781, 0.545734], [0.18565, 0.708163, 0.20466, 0.422994, 0.356589, 0.426261, 0.509639, 0.866385, 0, 0.087349, 0.861959, 0.154355, 0.783644], [0.835599, 0.339811, 0.181552, 0.456096, 0.19719, 0.724077, 0.832691, 0.462136, 0.082353, 0, 0.776269, 0.098363, 0.768344], [0.74488, 0.212368, 0.065311, 0.514241, 0.564825, 0.129612, 0.075619, 0.382276, 0.846953, 0.891336, 0, 0.324384, 0.716587], [0.098397, 0.606886, 0.90928, 0.96276, 0.673116, 0.642229, 0.915323, 0.573813, 0.336598, 0.044368, 0.913686, 0, 0.350232], [0.517483, 0.283522, 0.121367, 0.059948, 0.109803, 0.896612, 0.993818, 0.71001, 0.14432, 0.585015, 0.387213, 0.006722, 0]]}