{"v_num": 13, "mat": [[0, 0.689624, 0.925025, 0.029872, 0.91018, 0.746671, 0.14437, 0.112507, 0.605379, 0.363268, 0.604984, 0.749475, 0.455496], [0.799519, 0, 0.746385, 0.973529, 0.041563, 0.429148, 0.885114, 0.111354, 0.208774, 0.996352, 0.698563, 0.7773, 0.937023], [0.145747, 0.89593, 0, 0.192777, 0.356892, 0.961886, 0.931876, 0.459915, 0.18289, 0.693479, 0.435193, 0.284489, 0.423732], [0.41005, 0.322741, 0.119329, 0, 0.900912, 0.796373, 0.062727, 0.355219, 0.85803, 0.301151, 0.392155, 0.637773, 0.455118], [0.190593, 0.73303, 0.807811, 0.136484, 0, 0.808614, 0.136918, 0.170842, 0.713142, 0.626081, 0.388186, 0.608315, 0.810931], [0.013072, 0.352654, 0.020826, 0.970855, 0.295165, 0, 0.893647, 0.097211, 0.534283, 0.726917, 0.842358, 0.23059, 0.37602], [0.01258, 0.708532, 0.516392, 0.389116, 0.603846, 0.359772, 0, 0.915309, 0.539916, 0.670053, 0.187313, 0.943375, 0.060683], [0.576462, 0.226146, 0.911161, 0.92275, 0.386349, 0.443695, 0.195612, 0, 0.560831, 0.417236, 0.047337, 0.876392, 0.847554], [0.705459, 0.036151, 0.661374, 0.879864, 0.191269, 0.98818, 0.551349, 0.06185, 0, 0.99556, 0.077762, 0.696715, 0.524574], [0.555201, 0.377163, 0.981997, 0.403165, 0.327263, 0.75431, 0.758472, 0.700058, 0.249139, 0, 0.041929, 0.475733, 0.640855], [0.143802, 0.742575, 0.589918, 0.610002, 0.317546, 0.992389, 0.713899, 0.423795, 0.637619, 0.27765, 0, 0.075575, 0.508453], [0.861704, 0.310761, 0.49388, 0.207816, 0.934448, 0.603745, 0.54202, 0.573147, 0.419129, 0.301983, 0.599247, 0, 0.709225], [0.515401, 0.246153, 0.882593, 0.62831, 0.271381, 0.071099, 0.277617, 0.91009, 0.792874, 0.315363, 0.975006, 0.703306, 0]]}