{"v_num": 13, "mat": [[0, 0.906513, 0.4689, 0.517802, 0.794955, 0.248852, 0.032448, 0.655576, 0.572338, 0.216027, 0.407855, 0.15891, 0.861696], [0.797417, 0, 0.412456, 0.485745, 0.493656, 0.19217, 0.570592, 0.470473, 0.782422, 0.416232, 0.084424, 0.082944, 0.970306], [0.66934, 0.059868, 0, 0.493864, 0.023032, 0.900513, 0.94461, 0.467022, 0.775756, 0.073934, 0.06055, 0.702179, 0.451456], [0.891046, 0.007519, 0.474853, 0, 0.904601, 0.645319, 0.388621, 0.548977, 0.794405, 0.0075, 0.319955, 0.885305, 0.91428], [0.436699, 0.901975, 0.708956, 0.990122, 0, 0.913206, 0.383425, 0.706399, 0.123833, 0.039399, 0.546942, 0.948446, 0.351104], [0.692414, 0.047834, 0.302422, 0.744338, 0.07716, 0, 0.041107, 0.944601, 0.139686, 0.367618, 0.425702, 0.393258, 0.06781], [0.412742, 0.494024, 0.448608, 0.15427, 0.442076, 0.06476, 0, 0.360415, 0.819079, 0.317986, 0.685702, 0.744748, 0.830343], [0.823639, 0.283358, 0.819231, 0.631668, 0.394926, 0.720169, 0.536442, 0, 0.217872, 0.899121, 0.778079, 0.464074, 0.599511], [0.826446, 0.093287, 0.939821, 0.405116, 0.877691, 0.450207, 0.204854, 0.63938, 0, 0.518824, 0.122704, 0.673838, 0.43986], [0.058506, 0.494482, 0.295041, 0.333724, 0.71204, 0.014969, 0.298229, 0.414518, 0.129297, 0, 0.510146, 0.603749, 0.438419], [0.212303, 0.689465, 0.68877, 0.024799, 0.480781, 0.303111, 0.898531, 0.894848, 0.72627, 0.689118, 0, 0.668003, 0.703756], [0.643692, 0.378637, 0.521343, 0.285681, 0.349385, 0.426703, 0.492968, 0.790348, 0.152476, 0.330488, 0.562087, 0, 0.873798], [0.148681, 0.654985, 0.411967, 0.297139, 0.949264, 0.964767, 0.288928, 0.158489, 0.745684, 0.354323, 0.503863, 0.123448, 0]]}