{"v_num": 13, "mat": [[0, 0.283274, 0.960637, 0.395581, 0.34817, 0.935751, 0.579574, 0.2331, 0.05661, 0.843748, 0.699374, 0.256789, 0.289563], [0.712277, 0, 0.977462, 0.680553, 0.311964, 0.30244, 0.098089, 0.57939, 0.615883, 0.759081, 0.994085, 0.797699, 0.323226], [0.156278, 0.803875, 0, 0.614354, 0.693743, 0.788108, 0.796273, 0.733946, 0.309151, 0.471189, 0.705578, 0.031067, 0.868764], [0.623177, 0.038151, 0.314777, 0, 0.040572, 0.880604, 0.778864, 0.564048, 0.566938, 0.980969, 0.46266, 0.553276, 0.561681], [0.92058, 0.723295, 0.641639, 0.292004, 0, 0.061673, 0.687563, 0.32373, 0.985066, 0.296454, 0.25652, 0.585069, 0.295906], [0.463216, 0.58878, 0.734839, 0.383496, 0.254815, 0, 0.391691, 0.270455, 0.428431, 0.026355, 0.910177, 0.769439, 0.073862], [0.854367, 0.85864, 0.62177, 0.299885, 0.828353, 0.687812, 0, 0.766875, 0.523975, 0.53267, 0.502309, 0.635265, 0.81099], [0.072339, 0.408672, 0.983709, 0.399642, 0.833295, 0.093305, 0.305239, 0, 0.16033, 0.275658, 0.730824, 0.566755, 0.401214], [0.534877, 0.299668, 0.997035, 0.10723, 0.812141, 0.990783, 0.755026, 0.894532, 0, 0.892789, 0.844067, 0.58117, 0.936111], [0.116076, 0.872194, 0.658072, 0.076878, 0.964213, 0.482908, 0.056131, 0.715663, 0.893755, 0, 0.919843, 0.273804, 0.672107], [0.758669, 0.281659, 0.955534, 0.246876, 0.92838, 0.09331, 0.401067, 0.872663, 0.460281, 0.815945, 0, 0.888641, 0.118304], [0.265105, 0.600159, 0.169941, 0.047637, 0.585704, 0.149594, 0.186108, 0.867406, 0.539644, 0.141758, 0.489239, 0, 0.594483], [0.151515, 0.336516, 0.287207, 0.813965, 0.857152, 0.236987, 0.778707, 0.846867, 0.881272, 0.000429, 0.557268, 0.668434, 0]]}