{"v_num": 13, "mat": [[0, 0.474495, 0.480126, 0.731281, 0.76448, 0.608327, 0.508071, 0.570779, 0.107589, 0.244754, 0.197516, 0.110858, 0.267963], [0.913358, 0, 0.863326, 0.872102, 0.394514, 0.817684, 0.120647, 0.447126, 0.477786, 0.602037, 0.602216, 0.940347, 0.949742], [0.553751, 0.38896, 0, 0.269743, 0.270723, 0.793417, 0.734906, 0.411359, 0.5481, 0.944877, 0.994616, 0.586635, 0.69016], [0.461473, 0.135478, 0.974409, 0, 0.858934, 0.885145, 0.734641, 0.901286, 0.060519, 0.509622, 0.897088, 0.103261, 0.744005], [0.237913, 0.383954, 0.182216, 0.84875, 0, 0.159932, 0.489977, 0.849224, 0.521557, 0.047088, 0.809967, 0.824449, 0.767054], [0.534387, 0.900552, 0.006888, 0.260874, 0.376856, 0, 0.615107, 0.438951, 0.049078, 0.128403, 0.395843, 0.966933, 0.9241], [0.506693, 0.83918, 0.747717, 0.967828, 0.664445, 0.822813, 0, 0.547091, 0.867725, 0.184585, 0.526209, 0.237417, 0.30432], [0.180669, 0.40763, 0.269367, 0.969313, 0.492209, 0.615449, 0.444795, 0, 0.26352, 0.047682, 0.382064, 0.365322, 0.42137], [0.909735, 0.144149, 0.528292, 0.989624, 0.795727, 0.821835, 0.465063, 0.268081, 0, 0.926757, 0.907928, 0.742911, 0.619267], [0.662871, 0.329124, 0.907002, 0.004896, 0.146081, 0.636188, 0.323434, 0.47754, 0.022807, 0, 0.001584, 0.473559, 0.578011], [0.866714, 0.019274, 0.689532, 0.250792, 0.594804, 0.318397, 0.092004, 0.016163, 0.11766, 0.702523, 0, 0.666569, 0.75883], [0.775016, 0.331233, 0.36697, 0.19006, 0.038602, 0.062633, 0.00694, 0.168095, 0.237089, 0.759741, 0.818305, 0, 0.033934], [0.634841, 0.505439, 0.942628, 0.842331, 0.687292, 0.345452, 0.157793, 0.527512, 0.079086, 0.319227, 0.664005, 0.501422, 0]]}