{"v_num": 13, "mat": [[0, 0.222453, 0.295501, 0.266102, 0.841383, 0.662242, 0.00791, 0.95103, 0.292056, 0.647571, 0.268101, 0.841348, 0.364702], [0.460308, 0, 0.384221, 0.722084, 0.115318, 0.659639, 0.015507, 0.576929, 0.820504, 0.760666, 0.8715, 0.866792, 0.387522], [0.280181, 0.46334, 0, 0.925003, 0.522654, 0.050329, 0.519564, 0.209298, 0.196443, 0.867924, 0.736329, 0.789969, 0.460687], [0.497437, 0.944315, 0.302201, 0, 0.23127, 0.76468, 0.399002, 0.639686, 0.859197, 0.344028, 0.163931, 0.521109, 0.398771], [0.272945, 0.209205, 0.69008, 0.968686, 0, 0.370606, 0.466944, 0.727373, 0.378602, 0.942342, 0.818859, 0.062698, 0.086365], [0.711688, 0.905101, 0.946806, 0.653693, 0.596673, 0, 0.083991, 0.163213, 0.365269, 0.946815, 0.586346, 0.347728, 0.173878], [0.63947, 0.365482, 0.284073, 0.420416, 0.610658, 0.646236, 0, 0.45924, 0.420436, 0.291602, 0.259971, 0.586833, 0.646244], [0.018448, 0.776164, 0.533468, 0.962361, 0.765602, 0.496566, 0.708354, 0, 0.290768, 0.56203, 0.032871, 0.571518, 0.922152], [0.897706, 0.928884, 0.280984, 0.80799, 0.228557, 0.777627, 0.712422, 0.310596, 0, 0.800406, 0.280271, 0.917776, 0.185169], [0.136765, 0.20208, 0.617621, 0.460603, 0.907589, 0.885514, 0.723645, 0.197102, 0.04887, 0, 0.372182, 0.395118, 0.945926], [0.071287, 0.449361, 0.775708, 0.69289, 0.24999, 0.798876, 0.886928, 0.722202, 0.425333, 0.288675, 0, 0.784738, 0.597468], [0.416653, 0.412501, 0.978648, 0.908283, 0.460762, 0.141712, 0.947712, 0.082829, 0.954378, 0.654628, 0.470909, 0, 0.890072], [0.620291, 0.413074, 0.575334, 0.311015, 0.485457, 0.521979, 0.927416, 0.828334, 0.225283, 0.342882, 0.86273, 0.622353, 0]]}