{"v_num": 13, "mat": [[0, 0.539839, 0.708953, 0.505013, 0.047762, 0.934004, 0.618589, 0.050385, 0.313396, 0.190412, 0.984738, 0.166738, 0.187575], [0.738198, 0, 0.549678, 0.122754, 0.353682, 0.665314, 0.781053, 0.318413, 0.423783, 0.752726, 0.872331, 0.789931, 0.831663], [0.086463, 0.321764, 0, 0.578366, 0.501844, 0.178713, 0.98933, 0.66765, 0.886427, 0.937314, 0.68881, 0.211125, 0.985521], [0.104631, 0.399934, 0.523741, 0, 0.35862, 0.696397, 0.75177, 0.336982, 0.656116, 0.568983, 0.886851, 0.260648, 0.605928], [0.604943, 0.744925, 0.208819, 0.385926, 0, 0.158428, 0.728629, 0.004517, 0.699154, 0.735617, 0.539819, 0.050133, 0.387921], [0.714164, 0.369715, 0.065752, 0.662302, 0.143999, 0, 0.406765, 0.06427, 0.197071, 0.480572, 0.054805, 0.171584, 0.286836], [0.046709, 0.12406, 0.289525, 0.743776, 0.872838, 0.982559, 0, 0.201299, 0.906594, 0.700942, 0.031161, 0.351847, 0.580858], [0.837635, 0.468612, 0.953587, 0.881888, 0.735773, 0.075619, 0.72629, 0, 0.309656, 0.470373, 0.501524, 0.010329, 0.045725], [0.820873, 0.906081, 0.547819, 0.157335, 0.960707, 0.555121, 0.747318, 0.532767, 0, 0.792173, 0.309004, 0.575636, 0.090704], [0.344356, 0.421808, 0.36047, 0.570946, 0.991721, 0.547975, 0.423766, 0.968943, 0.508974, 0, 0.179139, 0.928803, 0.993852], [0.480886, 0.536113, 0.076535, 0.874862, 0.914817, 0.569591, 0.646541, 0.257936, 0.545039, 0.322197, 0, 0.463855, 0.62201], [0.790471, 0.753489, 0.9455, 0.338557, 0.664925, 0.814121, 0.424003, 0.036059, 0.976392, 0.451554, 0.533839, 0, 0.069887], [0.799955, 0.618679, 0.30704, 0.104694, 0.993941, 0.404164, 0.023719, 0.219639, 0.618403, 0.447814, 0.521209, 0.19353, 0]]}