{"v_num": 13, "mat": [[0, 0.071835, 0.636396, 0.863803, 0.48585, 0.935524, 0.746703, 0.118856, 0.767706, 0.798082, 0.807676, 0.541295, 0.572953], [0.359121, 0, 0.78931, 0.74548, 0.034533, 0.17602, 0.583098, 0.481313, 0.355756, 0.801119, 0.61161, 0.003787, 0.884699], [0.450365, 0.394084, 0, 0.561648, 0.403837, 0.802464, 0.757693, 0.1971, 0.416312, 0.411416, 0.21048, 0.749602, 0.125553], [0.857582, 0.434203, 0.394489, 0, 0.145372, 0.902625, 0.313037, 0.995621, 0.711881, 0.501561, 0.652766, 0.38681, 0.179909], [0.620569, 0.382461, 0.028916, 0.076099, 0, 0.989608, 0.580898, 0.297503, 0.924782, 0.558884, 0.79026, 0.150241, 0.06737], [0.811816, 0.968281, 0.877592, 0.927469, 0.663899, 0, 0.755178, 0.312956, 0.067915, 0.108219, 0.802014, 0.106274, 0.275624], [0.208041, 0.212087, 0.963399, 0.967754, 0.63161, 0.638746, 0, 0.592133, 0.009218, 0.316359, 0.866338, 0.544776, 0.08829], [0.00608, 0.805654, 0.204515, 0.241833, 0.467088, 0.736661, 0.830493, 0, 0.138495, 0.213515, 0.276757, 0.242438, 0.974499], [0.017079, 0.597679, 0.541974, 0.854427, 0.791034, 0.095786, 0.621521, 0.098245, 0, 0.316494, 0.26999, 0.570669, 0.567167], [0.355704, 0.652587, 0.171483, 0.921324, 0.009314, 0.608069, 0.925787, 0.441592, 0.40173, 0, 0.324218, 0.051052, 0.388794], [0.891997, 0.410843, 0.122919, 0.551608, 0.512986, 0.680479, 0.391312, 0.857641, 0.953767, 0.85273, 0, 0.839798, 0.775673], [0.785766, 0.228319, 0.405923, 0.630043, 0.768177, 0.501161, 0.729034, 0.754575, 0.969717, 0.672612, 0.878559, 0, 0.675729], [0.367209, 0.190367, 0.048667, 0.352079, 0.092366, 0.955137, 0.457802, 0.585855, 0.406918, 0.664052, 0.176822, 0.243941, 0]]}