{"v_num": 13, "mat": [[0, 0.17393, 0.201391, 0.293602, 0.845462, 0.542326, 0.590637, 0.103816, 0.018657, 0.427734, 0.779029, 0.719232, 0.728462], [0.028654, 0, 0.600498, 0.807351, 0.512162, 0.733023, 0.905637, 0.830738, 0.367695, 0.265538, 0.655141, 0.474119, 0.278581], [0.409533, 0.846169, 0, 0.920499, 0.032025, 0.265394, 0.540632, 0.372037, 0.33699, 0.188375, 0.333627, 0.658686, 0.319985], [0.823477, 0.04504, 0.151832, 0, 0.572735, 0.728816, 0.334896, 0.782496, 0.639527, 0.803654, 0.724097, 0.125668, 0.424441], [0.900442, 0.329318, 0.684592, 0.575923, 0, 0.309591, 0.278796, 0.127474, 0.891389, 0.146135, 0.660277, 0.671818, 0.958223], [0.760601, 0.690577, 0.107286, 0.153818, 0.776515, 0, 0.090771, 0.811741, 0.558559, 0.174499, 0.390886, 0.674867, 0.394842], [0.815721, 0.931973, 0.656117, 0.72647, 0.069935, 0.565645, 0, 0.625748, 0.008724, 0.485169, 0.804968, 0.245046, 0.563465], [0.892458, 0.059712, 0.226597, 0.222763, 0.556348, 0.889486, 0.489868, 0, 0.315401, 0.425884, 0.17152, 0.702044, 0.510963], [0.120551, 0.595345, 0.935218, 0.085923, 0.463403, 0.092275, 0.255195, 0.569586, 0, 0.768086, 0.981785, 0.315828, 0.498353], [0.805122, 0.065668, 0.126351, 0.285942, 0.126593, 0.170819, 0.813005, 0.105546, 0.391974, 0, 0.78148, 0.381567, 0.697519], [0.209944, 0.155447, 0.593008, 0.03798, 0.366956, 0.851978, 0.775387, 0.356502, 0.410694, 0.607948, 0, 0.621518, 0.486791], [0.840083, 0.77433, 0.155208, 0.389021, 0.056394, 0.661294, 0.951109, 0.972258, 0.79257, 0.169401, 0.176033, 0, 0.321583], [0.771506, 0.016589, 0.118442, 0.408329, 0.725095, 0.117032, 0.466141, 0.523262, 0.394738, 0.10755, 0.844783, 0.644051, 0]]}