{"v_num": 13, "mat": [[0, 0.572032, 0.050119, 0.654953, 0.361629, 0.699896, 0.638747, 0.477641, 0.979981, 0.238069, 0.078029, 0.897851, 0.306828], [0.231787, 0, 0.572253, 0.813224, 0.212763, 0.985278, 0.429652, 0.184927, 0.780639, 0.64008, 0.709169, 0.75718, 0.66687], [0.181315, 0.902894, 0, 0.454363, 0.523093, 0.635035, 0.258142, 0.758097, 0.839713, 0.647884, 0.671088, 0.928934, 0.921731], [0.201726, 0.728414, 0.715823, 0, 0.747678, 0.196785, 0.309461, 0.988683, 0.720572, 0.11624, 0.293716, 0.401348, 0.144563], [0.253517, 0.881625, 0.556228, 0.962914, 0, 0.083322, 0.430396, 0.334688, 0.599997, 0.271379, 0.003215, 0.469679, 0.492831], [0.315056, 0.260127, 0.750293, 0.656306, 0.280722, 0, 0.220095, 0.685878, 0.72892, 0.128267, 0.314379, 0.566794, 0.485255], [0.336398, 0.627277, 0.830474, 0.525861, 0.819721, 0.846272, 0, 0.239706, 0.699937, 0.922329, 0.480232, 0.079255, 0.203404], [0.536504, 0.05573, 0.32976, 0.264896, 0.310285, 0.324038, 0.16599, 0, 0.616366, 0.704696, 0.108759, 0.638898, 0.74824], [0.643087, 0.837745, 0.96786, 0.554602, 0.381276, 0.166429, 0.792529, 0.751382, 0, 0.383752, 0.537718, 0.467586, 0.908], [0.210672, 0.415606, 0.157361, 0.384379, 0.679656, 0.899015, 0.092124, 0.209524, 0.342908, 0, 0.895757, 0.484101, 0.589369], [0.393398, 0.865399, 0.586814, 0.637583, 0.996231, 0.49959, 0.78412, 0.130695, 0.028367, 0.084201, 0, 0.321677, 0.198618], [0.040724, 0.939548, 0.07496, 0.954722, 0.623638, 0.47367, 0.672626, 0.345567, 0.971441, 0.552408, 0.908748, 0, 0.754034], [0.642841, 0.133101, 0.549257, 0.59183, 0.62052, 0.069444, 0.973453, 0.591602, 0.979313, 0.767109, 0.82064, 0.794557, 0]]}