{"v_num": 13, "mat": [[0, 0.678503, 0.522895, 0.405344, 0.129568, 0.46229, 0.739044, 0.811907, 0.867548, 0.303679, 0.259653, 0.600984, 0.949635], [0.802012, 0, 0.265726, 0.321165, 0.718781, 0.038405, 0.957196, 0.969978, 0.117225, 0.493251, 0.389902, 0.949781, 0.793458], [0.16764, 0.04247, 0, 0.90806, 0.58002, 0.252699, 0.890675, 0.091952, 0.044512, 0.882571, 0.16811, 0.840463, 0.140272], [0.718084, 0.962303, 0.397275, 0, 0.239319, 0.913162, 0.562154, 0.751943, 0.659628, 0.906134, 0.726831, 0.256802, 0.140962], [0.091427, 0.81808, 0.468275, 0.100066, 0, 0.691971, 0.987619, 0.763276, 0.038666, 0.663566, 0.464839, 0.026303, 0.530662], [0.152693, 0.735451, 0.364406, 0.521372, 0.618922, 0, 0.602085, 0.658051, 0.757655, 0.526928, 0.991843, 0.066796, 0.716235], [0.146674, 0.95828, 0.997351, 0.296198, 0.974753, 0.32908, 0, 0.025575, 0.00324, 0.883184, 0.361122, 0.926383, 0.050474], [0.58265, 0.572252, 0.382419, 0.413114, 0.878247, 0.420987, 0.321187, 0, 0.656474, 0.158833, 0.236362, 0.796524, 0.668649], [0.40349, 0.475156, 0.34346, 0.037198, 0.318467, 0.058603, 0.206552, 0.421546, 0, 0.168903, 0.806092, 0.466222, 0.302914], [0.181323, 0.59013, 0.299155, 0.640406, 0.788115, 0.186632, 0.598858, 0.86944, 0.67177, 0, 0.996201, 0.189432, 0.951702], [0.85453, 0.509986, 0.928814, 0.044584, 0.645018, 0.200368, 0.203063, 0.630743, 0.34074, 0.413386, 0, 0.739938, 0.871225], [0.624894, 0.294985, 0.044282, 0.341816, 0.019016, 0.493094, 0.138217, 0.347884, 0.521156, 0.776096, 0.210237, 0, 0.528222], [0.959848, 0.518907, 0.126461, 0.73728, 0.62328, 0.335862, 0.595753, 0.561712, 0.598485, 0.957571, 0.248438, 0.473598, 0]]}