{"v_num": 13, "mat": [[0, 0.896175, 0.938795, 0.710175, 0.09378, 0.825353, 0.996222, 0.804292, 0.211965, 0.805144, 0.462625, 0.32345, 0.607542], [0.149548, 0, 0.540317, 0.397096, 0.909023, 0.287447, 0.716341, 0.521884, 0.337261, 0.621563, 0.767031, 0.051411, 0.046585], [0.880909, 0.398377, 0, 0.175956, 0.946776, 0.101096, 0.184517, 0.42743, 0.245883, 0.137013, 0.764175, 0.839245, 0.72085], [0.714754, 0.339878, 0.352986, 0, 0.491739, 0.281767, 0.858264, 0.692387, 0.863537, 0.696031, 0.627548, 0.031447, 0.855649], [0.565398, 0.10055, 0.434794, 0.357317, 0, 0.29102, 0.816671, 0.131384, 0.507857, 0.225379, 0.76063, 0.207529, 0.393526], [0.685898, 0.776343, 0.924303, 0.114752, 0.373567, 0, 0.871479, 0.224555, 0.659392, 0.30485, 0.633332, 0.845797, 0.841164], [0.848348, 0.157815, 0.071379, 0.184109, 0.657099, 0.099977, 0, 0.679594, 0.926907, 0.715967, 0.030585, 0.688001, 0.195839], [0.127173, 0.657388, 0.245997, 0.020822, 0.569911, 0.159876, 0.423298, 0, 0.065023, 0.387644, 0.253561, 0.481972, 0.662812], [0.206665, 0.728104, 0.935669, 0.857631, 0.63954, 0.250862, 0.074062, 0.426367, 0, 0.878679, 0.484969, 0.10583, 0.591009], [0.899882, 0.237244, 0.655854, 0.696485, 0.004814, 0.910125, 0.733318, 0.136082, 0.835347, 0, 0.998692, 0.280631, 0.92414], [0.495685, 0.059486, 0.15029, 0.57186, 0.899267, 0.872596, 0.022121, 0.718151, 0.635282, 0.371853, 0, 0.117427, 0.459595], [0.256929, 0.164583, 0.197248, 0.538426, 0.413406, 0.71017, 0.476053, 0.664152, 0.100126, 0.555541, 0.490924, 0, 0.541046], [0.740042, 0.231872, 0.095954, 0.259229, 0.505294, 0.090161, 0.498892, 0.843264, 0.545612, 0.131221, 0.84581, 0.450548, 0]]}