{"v_num": 13, "mat": [[0, 0.265713, 0.815614, 0.98319, 0.466748, 0.548699, 0.580486, 0.329525, 0.861803, 0.119677, 0.167458, 0.678766, 0.613653], [0.95086, 0, 0.19113, 0.545544, 0.108964, 0.265844, 0.036244, 0.937275, 0.935976, 0.466107, 0.326089, 0.227281, 0.637291], [0.645208, 0.799035, 0, 0.9914, 0.298052, 0.149686, 0.346754, 0.16046, 0.928043, 0.186342, 0.279739, 0.070463, 0.381069], [0.468186, 0.393823, 0.565936, 0, 0.990462, 0.204422, 0.575736, 0.862732, 0.02191, 0.482229, 0.40553, 0.44814, 0.097206], [0.419844, 0.325416, 0.252309, 0.940128, 0, 0.313044, 0.562391, 0.439562, 0.153915, 0.743593, 0.253776, 0.351873, 0.056313], [0.985609, 0.939642, 0.642837, 0.247189, 0.898522, 0, 0.471974, 0.47504, 0.20143, 0.976419, 0.829767, 0.918244, 0.748997], [0.016141, 0.40785, 0.520047, 0.182897, 0.234482, 0.676605, 0, 0.021528, 0.345112, 0.498142, 0.559848, 0.379929, 0.517416], [0.578063, 0.607063, 0.64323, 0.769622, 0.81267, 0.35546, 0.545734, 0, 0.483296, 0.555686, 0.401286, 0.306436, 0.169749], [0.365305, 0.620725, 0.535129, 0.753087, 0.404723, 0.516884, 0.775609, 0.277077, 0, 0.763093, 0.120732, 0.424453, 0.56883], [0.720627, 0.494512, 0.809503, 0.80998, 0.543998, 0.809963, 0.58389, 0.27579, 0.352913, 0, 0.895491, 0.442177, 0.426423], [0.630391, 0.88225, 0.253739, 0.902524, 0.423173, 0.692024, 0.274602, 0.145396, 0.511646, 0.925616, 0, 0.20173, 0.669381], [0.424952, 0.244027, 0.024045, 0.472936, 0.590185, 0.915427, 0.991456, 0.617484, 0.099332, 0.276596, 0.056415, 0, 0.937011], [0.643717, 0.364873, 0.73384, 0.117931, 0.395457, 0.586481, 0.627795, 0.126159, 0.590268, 0.607689, 0.658851, 0.591356, 0]]}