{"v_num": 13, "mat": [[0, 0.58551, 0.510667, 0.868385, 0.95128, 0.187793, 0.809393, 0.621716, 0.760753, 0.645797, 0.162883, 0.780396, 0.106901], [0.499584, 0, 0.682749, 0.34496, 0.855313, 0.834971, 0.728281, 0.606674, 0.48748, 0.16871, 0.562209, 0.057479, 0.032749], [0.07277, 0.346833, 0, 0.514279, 0.707884, 0.424502, 0.853644, 0.144616, 0.727873, 0.866485, 0.448399, 0.388601, 0.392791], [0.17767, 0.433209, 0.284104, 0, 0.882748, 0.134895, 0.757864, 0.036004, 0.291231, 0.515964, 0.896715, 0.964352, 0.22761], [0.485221, 0.146204, 0.655882, 0.044119, 0, 0.77781, 0.624499, 0.232434, 0.955808, 0.66531, 0.339911, 0.348043, 0.962012], [0.2384, 0.44014, 0.987019, 0.070499, 0.139532, 0, 0.449847, 0.466213, 0.822429, 0.695263, 0.898889, 0.133164, 0.025394], [0.986018, 0.263209, 0.13873, 0.947881, 0.511335, 0.043443, 0, 0.814321, 0.191767, 0.71327, 0.305983, 0.110921, 0.478476], [0.031458, 0.638329, 0.873625, 0.622496, 0.73721, 0.921256, 0.202563, 0, 0.558067, 0.967602, 0.514399, 0.030183, 0.251911], [0.319346, 0.215238, 0.495678, 0.278467, 0.444693, 0.50585, 0.356565, 0.30591, 0, 0.659275, 0.936044, 0.565805, 0.62581], [0.740919, 0.774223, 0.114137, 0.828498, 0.887907, 0.90524, 0.278333, 0.978704, 0.00662, 0, 0.288425, 0.293382, 0.501497], [0.518379, 0.915171, 0.544139, 0.618559, 0.968463, 0.192461, 0.792531, 0.761561, 0.357221, 0.234718, 0, 0.573946, 0.023915], [0.359365, 0.5192, 0.122628, 0.566871, 0.60937, 0.027444, 0.643557, 0.748728, 0.542191, 0.062143, 0.968094, 0, 0.510288], [0.881848, 0.75035, 0.73767, 0.942886, 0.929188, 0.857468, 0.177117, 0.837484, 0.784203, 0.700283, 0.255609, 0.80175, 0]]}