{"v_num": 13, "mat": [[0, 0.829442, 0.898263, 0.703011, 0.025873, 0.449558, 0.434909, 0.965394, 0.649529, 0.382355, 0.934354, 0.08174, 0.381328], [0.848274, 0, 0.096494, 0.197343, 0.772884, 0.511671, 0.708754, 0.565278, 0.31021, 0.214688, 0.315657, 0.940808, 0.065182], [0.167635, 0.330017, 0, 0.502373, 0.907316, 0.311913, 0.922103, 0.170119, 0.362016, 0.530457, 0.888538, 0.274248, 0.053077], [0.207283, 0.571071, 0.266479, 0, 0.029321, 0.680283, 0.820856, 0.276665, 0.749114, 0.646431, 0.242866, 0.88478, 0.998011], [0.359937, 0.129993, 0.049608, 0.41944, 0, 0.769948, 0.288526, 0.206241, 0.073115, 0.662988, 0.058313, 0.492151, 0.520077], [0.822383, 0.842597, 0.974974, 0.807767, 0.75516, 0, 0.944522, 0.650676, 0.322734, 0.920109, 0.988209, 0.182483, 0.869282], [0.897567, 0.074681, 0.58999, 0.483624, 0.939817, 0.232632, 0, 0.037816, 0.522485, 0.829041, 0.734639, 0.278858, 0.37792], [0.652546, 0.860099, 0.777961, 0.212271, 0.201198, 0.001316, 0.628079, 0, 0.644893, 0.886851, 0.197692, 0.338756, 0.053386], [0.355365, 0.518311, 0.291848, 0.3949, 0.176515, 0.775424, 0.396491, 0.095625, 0, 0.283353, 0.457704, 0.847599, 0.154825], [0.052464, 0.714989, 0.227437, 0.381402, 0.616456, 0.163596, 0.854875, 0.614186, 0.104238, 0, 0.615587, 0.171327, 0.854408], [0.573153, 0.640911, 0.416313, 0.250062, 0.429969, 0.255725, 0.9365, 0.299451, 0.248772, 0.846377, 0, 0.002948, 0.797448], [0.484576, 0.230901, 0.399376, 0.754146, 0.006605, 0.214327, 0.781906, 0.713706, 0.984456, 0.030351, 0.447453, 0, 0.782133], [0.466877, 0.968797, 0.610258, 0.940041, 0.508547, 0.665929, 0.285861, 0.850787, 0.164844, 0.586829, 0.969107, 0.848403, 0]]}