{"v_num": 13, "mat": [[0, 0.506717, 0.114822, 0.954831, 0.347692, 0.689714, 0.786403, 0.365015, 0.916011, 0.842705, 0.341069, 0.798833, 0.985957], [0.374104, 0, 0.681295, 0.335044, 0.335095, 0.998264, 0.589739, 0.116057, 0.481691, 0.924908, 0.026665, 0.386292, 0.144792], [0.396006, 0.297445, 0, 0.291926, 0.177954, 0.415572, 0.509373, 0.287042, 0.317751, 0.885253, 0.345853, 0.923859, 0.485276], [0.426545, 0.11737, 0.995899, 0, 0.611142, 0.43179, 0.02235, 0.880059, 0.237297, 0.5885, 0.610153, 0.879073, 0.553318], [0.266808, 0.124715, 0.682024, 0.726425, 0, 0.371149, 0.275353, 0.728833, 0.894693, 0.391077, 0.949218, 0.924538, 0.516312], [0.465513, 0.56163, 0.75599, 0.255808, 0.615104, 0, 0.956767, 0.324571, 0.35724, 0.050366, 0.441198, 0.893387, 0.324669], [0.074875, 0.670353, 0.980667, 0.095605, 0.41096, 0.540559, 0, 0.635515, 0.137044, 0.703729, 0.629321, 0.796689, 0.319741], [0.427696, 0.791925, 0.016917, 0.003852, 0.247559, 0.604177, 0.629202, 0, 0.372744, 0.104769, 0.21532, 0.613328, 0.272943], [0.690364, 0.540992, 0.152367, 0.492333, 0.283956, 0.014062, 0.73151, 0.192387, 0, 0.051436, 0.16911, 0.40113, 0.987015], [0.889464, 0.475266, 0.150964, 0.221903, 0.610601, 0.191822, 0.513758, 0.604951, 0.154056, 0, 0.055496, 0.557725, 0.286271], [0.099416, 0.772016, 0.390224, 0.846101, 0.720026, 0.415222, 0.090633, 0.437546, 0.2968, 0.364781, 0, 0.295269, 0.093414], [0.291516, 0.675237, 0.846594, 0.238016, 0.857404, 0.940976, 0.569513, 0.038864, 0.426774, 0.130766, 0.495959, 0, 0.932601], [0.745582, 0.943342, 0.036357, 0.776569, 0.651598, 0.09912, 0.814942, 0.638281, 0.507606, 0.435173, 0.642818, 0.900983, 0]]}