{"v_num": 13, "mat": [[0, 0.524527, 0.13102, 0.869481, 0.315834, 0.230967, 0.027436, 0.76902, 0.345087, 0.836948, 0.432949, 0.288018, 0.545193], [0.774316, 0, 0.429001, 0.201251, 0.272905, 0.666073, 0.449459, 0.222766, 0.100279, 0.168464, 0.152865, 0.316155, 0.795522], [0.849703, 0.167218, 0, 0.751662, 0.083259, 0.05649, 0.875796, 0.103062, 0.036239, 0.398517, 0.877545, 0.203612, 0.3974], [0.949992, 0.490141, 0.897636, 0, 0.831987, 0.248226, 0.212436, 0.27828, 0.317349, 0.471701, 0.516742, 0.51624, 0.182261], [0.552699, 0.425151, 0.556613, 0.723924, 0, 0.222077, 0.104617, 0.257544, 0.511376, 0.542292, 0.978099, 0.225451, 0.811758], [0.590901, 0.330264, 0.514825, 0.128195, 0.825488, 0, 0.011468, 0.648814, 0.049551, 0.400922, 0.9961, 0.751714, 0.958943], [0.223035, 0.961722, 0.779592, 0.851248, 0.450907, 0.150963, 0, 0.034775, 0.625937, 0.349086, 0.05141, 0.202363, 0.407254], [0.544149, 0.76598, 0.070357, 0.97376, 0.999562, 0.956418, 0.207213, 0, 0.548037, 0.632363, 0.116968, 0.843697, 0.775188], [0.287269, 0.003622, 0.902442, 0.486236, 0.103354, 0.224738, 0.164766, 0.160121, 0, 0.169106, 0.945476, 0.00284, 0.458102], [0.298784, 0.526919, 0.962917, 0.03684, 0.071228, 0.607868, 0.104805, 0.451083, 0.402736, 0, 0.5852, 0.072494, 0.819585], [0.840809, 0.084794, 0.397812, 0.029996, 0.974264, 0.873096, 0.538426, 0.664325, 0.894045, 0.964129, 0, 0.424354, 0.782452], [0.448682, 0.597707, 0.316282, 0.375996, 0.161175, 0.477355, 0.062857, 0.009792, 0.043056, 0.71606, 0.945722, 0, 0.991067], [0.915942, 0.283771, 0.334367, 0.440733, 0.129629, 0.957311, 0.913923, 0.290778, 0.019183, 0.920841, 0.941632, 0.954326, 0]]}